date,title,source,topic
2024-12-09T08:11:00.020-05:00,Housing Dec th Weekly Update Inventory down Week over week Up Year over year,http://www.calculatedriskblog.com/2024/12/housing-dec-9th-weekly-update-inventory.html,business
2024-12-09T10:57:00.000-05:00,ICE Mortgage Monitor Refinance Activity Increased Especially for Rate Term Refinances,http://www.calculatedriskblog.com/2024/12/ice-mortgage-monitor-refinance-activity.html,business
2024-12-09T14:15:00.001-05:00,Leading Index for Commercial Real Estate Decreased in November Up YoY,http://www.calculatedriskblog.com/2024/12/leading-index-for-commercial-real.html,business
2024-12-09T20:51:00.011-05:00,Tuesday No major economic releases,http://www.calculatedriskblog.com/2024/12/tuesday-no-major-economic-releases.html,business
2024-12-10T09:07:00.001-05:00,Part Current State of the Housing Market Overview for mid December,http://www.calculatedriskblog.com/2024/12/part-1-current-state-of-housing-market.html,business
2024-12-10T12:14:00.001-05:00,The Upward Slope of Real House Prices,http://www.calculatedriskblog.com/2024/12/the-upward-slope-of-real-house-prices.html,business
2024-12-10T15:00:00.003-05:00,CPI Preview,http://www.calculatedriskblog.com/2024/12/cpi-preview.html,business
2024-12-10T20:06:00.006-05:00,Wednesday CPI,http://www.calculatedriskblog.com/2024/12/wednesday-cpi.html,business
2024-12-11T07:00:00.023-05:00,MBA Mortgage Applications Increased in Weekly Survey,http://www.calculatedriskblog.com/2024/12/mba-mortgage-applications-increased-in_01865084921.html,business
2024-12-11T08:30:00.013-05:00,BLS CPI Increased in November Core CPI increased,http://www.calculatedriskblog.com/2024/12/bls-cpi-increased-03-in-november-core.html,business
2024-12-11T08:57:00.001-05:00,YoY Measures of Inflation Services Goods and Shelter,http://www.calculatedriskblog.com/2024/12/yoy-measures-of-inflation-services.html,business
2024-12-11T11:30:00.020-05:00,Cleveland Fed Median CPI increased and Trimmed mean CPI increased in November,http://www.calculatedriskblog.com/2024/12/cleveland-fed-median-cpi-increased-02.html,business
2024-12-11T13:49:00.003-05:00,nd Look at Local Housing Markets in November,http://www.calculatedriskblog.com/2024/12/2nd-look-at-local-housing-markets-in.html,business
2024-12-11T19:51:00.005-05:00,Thursday Unemployment Claims PPI Q Flow of Funds,http://www.calculatedriskblog.com/2024/12/thursday-unemployment-claims-ppi-q3.html,business
2024-12-12T08:30:00.009-05:00,Weekly Initial Unemployment Claims Increase to,http://www.calculatedriskblog.com/2024/12/weekly-initial-unemployment-claims_12.html,business
2024-12-12T10:14:00.001-05:00,FDIC Number of Problem Banks Increased Slightly in Q,http://www.calculatedriskblog.com/2024/12/fdic-number-of-problem-banks-increased.html,business
2024-12-12T12:26:00.001-05:00,Fed s Flow of Funds Household Net Worth Increased Trillion in Q,http://www.calculatedriskblog.com/2024/12/feds-flow-of-funds-household-net-worth.html,business
2024-12-12T13:05:00.001-05:00,The Home ATM Mostly Closed in Q,http://www.calculatedriskblog.com/2024/12/the-home-atm-mostly-closed-in-q3.html,business
2024-12-12T17:10:00.014-05:00,Realtor com Reports Active Inventory Up YoY,http://www.calculatedriskblog.com/2024/12/realtorcom-reports-active-inventory-up_0764357041.html,business
2024-12-12T21:52:00.006-05:00,Friday No major economic releases scheduled,http://www.calculatedriskblog.com/2024/12/friday-no-major-economic-releases.html,business
2024-12-13T07:55:00.000-05:00,Q GDP Tracking to Range,http://www.calculatedriskblog.com/2024/12/q4-gdp-tracking-21-to-33-range.html,business
2024-12-13T09:57:00.002-05:00,Q Update Delinquencies Foreclosures and REO,http://www.calculatedriskblog.com/2024/12/q3-update-delinquencies-foreclosures.html,business
2024-12-13T13:04:00.002-05:00,Part Current State of the Housing Market Overview for mid December,http://www.calculatedriskblog.com/2024/12/part-2-current-state-of-housing-market.html,business
2024-12-13T19:36:00.001-05:00,December th COVID Update COVID in Wastewater Increasing,http://www.calculatedriskblog.com/2024/12/december-13th-covid-update-covid-in.html,business
2024-12-14T08:11:00.081-05:00,Schedule for Week of December,http://www.calculatedriskblog.com/2024/12/schedule-for-week-of-december-15-2024.html,business
2024-12-14T12:00:00Z,Hypothetical NFL Trades We Wish Could Happen Before the Playoffs,https://bleacherreport.com/articles/10146996-hypothetical-nfl-trades-we-wish-could-happen-before-the-2024-playoffs,sport
2024-12-14T12:00:00Z,B R Experts Predictions for College Football Bowl Season,https://bleacherreport.com/articles/10146701-br-experts-predictions-for-2024-college-football-bowl-season,sport
2024-12-14T12:00:00Z,NHL Teams That Should Clear Cap Space for Free Agency,https://bleacherreport.com/articles/10147002-5-nhl-teams-that-should-clear-cap-space-for-2025-free-agency,sport
2024-12-14T12:00:00Z,Predicting Next NFL Extensions After Garett Bolles Broncos Agree to Year Contract,https://bleacherreport.com/articles/10147114-predicting-next-nfl-extensions-after-garett-bolles-broncos-agree-to-4-year-contract,sport
2024-12-14T12:00:00Z,WWE s Latest CM Punk vs Seth Rollins Rumor Would Be a Major Mistake,https://bleacherreport.com/articles/10147101-wwes-latest-cm-punk-vs-seth-rollins-rumor-would-be-a-major-mistake,sport
2024-12-14T12:00:00Z,Dream Trade Packages for Brady Tkachuk amid NHL Rumors,https://bleacherreport.com/articles/10147178-4-dream-trade-packages-for-brady-tkachuk-amid-nhl-rumors,sport
2024-12-14T12:09:56Z,College Football Bowl Odds Betting Tips for Every Game on Saturday s Schedule,https://bleacherreport.com/articles/10147185-college-football-bowl-odds-2024-betting-tips-for-every-game-on-saturdays-schedule,sport
2024-12-14T12:52:44Z,TMZ Juan Soto Family Got Steak Dinner from Mets Steve Cohen After Record Contract,https://bleacherreport.com/articles/10147187-tmz-juan-soto-family-got-steak-dinner-from-mets-steve-cohen-after-record-contract,sport
2024-12-14T13:21:21Z,Lazard Aaron Rodgers Talking Retirement Is Jets QB Just Doing It for the Headlines,https://bleacherreport.com/articles/10147188-lazard-aaron-rodgers-talking-retirement-is-jets-qb-just-doing-it-for-the-headlines,sport
2024-12-14T13:51:44Z,Lakers Insider No Clarity on LeBron James Return After Missing Loss vs T Wolves,https://bleacherreport.com/articles/10147191-lakers-insider-no-clarity-on-lebron-james-return-after-missing-loss-vs-t-wolves,sport
2024-12-14T14:00:00Z,Packers Rooting Guide for NFL Playoff Bracket Implications of Week,https://bleacherreport.com/articles/10147183-packers-rooting-guide-for-nfl-playoff-bracket-implications-of-week-15,sport
2024-12-14T14:00:00Z,NBA Cup Top Storylines for Semifinals Bracket,https://bleacherreport.com/articles/10147186-nba-cup-2024-top-storylines-for-semifinals-bracket,sport
2024-12-14T14:31:32Z,NFL Exec Defends Jalen Hurts After Eagles Drama with A J Brown Brandon Graham,https://bleacherreport.com/articles/10147194-nfl-exec-defends-jalen-hurts-after-eagles-drama-with-aj-brown-brandon-graham,sport
2024-12-14T14:35:44Z,Miami s Cam Ward Calls Out CFP Committee for Snubbing Best QB Offense from Bracket,https://bleacherreport.com/articles/10147195-miamis-cam-ward-calls-out-cfp-committee-for-snubbing-best-qb-offense-from-bracket,sport
2024-12-14T14:37:09Z,Broncos Rooting Guide for NFL Playoff Bracket Implications of Week,https://bleacherreport.com/articles/10147089-broncos-rooting-guide-for-nfl-playoff-bracket-implications-of-week-15,sport
2024-12-14T15:00:00Z,The Crypto com Showdown Predictions for Mcilroy Scheffler Koepka and Dechambeau,https://bleacherreport.com/articles/10147141-the-cryptocom-showdown-predictions-for-mcilroy-scheffler-koepka-and-dechambeau,sport
2024-12-14T15:00:00Z,Heisman Finalists Odds Predictions for Candidates Order of Finish in the Race,https://bleacherreport.com/articles/10147190-heisman-finalists-2024-odds-predictions-for-candidates-order-of-finish-in-the-race,sport
2024-12-14T15:00:00Z,MLB Free Agents Latest Rumors Predictions for Corbin Burnes Pete Alonso More,https://bleacherreport.com/articles/10147189-2024-mlb-free-agents-latest-rumors-predictions-for-corbin-burnes-pete-alonso-more,sport
2024-12-14T15:09:12Z,Cam Ward Grateful for Raiders Giants Draft Rumors Just Have a Chip on My Shoulder,https://bleacherreport.com/articles/10147197-cam-ward-grateful-for-raiders-giants-draft-rumors-just-have-a-chip-on-my-shoulder,sport
2024-12-14T15:22:26Z,NFL Rumors Bill Belichick Eyed Jets Before UNC Contract NY Stunned by Interest,https://bleacherreport.com/articles/10147200-nfl-rumors-bill-belichick-eyed-jets-before-unc-contract-ny-stunned-by-interest,sport
2024-12-14T15:24:29Z,ers Rumors Brock Purdy Contract Still Planned and Kyle Shanahan Isn t on Hot Seat,https://bleacherreport.com/articles/10147201-49ers-rumors-brock-purdy-contract-still-planned-and-kyle-shanahan-isnt-on-hot-seat,sport
2024-12-14T15:28:52Z,Report QB Jackson Arnold to Join Auburn After Leaving Oklahoma in Transfer Portal,https://bleacherreport.com/articles/10147204-report-qb-jackson-arnold-to-join-auburn-after-leaving-oklahoma-in-transfer-portal,sport
2024-12-14T16:00:00Z,Week NFL Playoff Picture Latest AFC NFC Wild Card Scenarios Bracket Predictions,https://bleacherreport.com/articles/10147182-week-15-nfl-playoff-picture-latest-afc-nfc-wild-card-scenarios-bracket-predictions,sport
2024-12-14T16:13:51Z,Travis Hunter Praises Deion Sanders Coaching I Just Want to be Better Than Him,https://bleacherreport.com/articles/10147208-travis-hunter-praises-deion-sanders-coaching-i-just-want-to-be-better-than-him,sport
2024-12-14T16:23:22Z,Travis Hunter Reacts to Raiders Giants Rumors Not Trying to Think Too Far Ahead,https://bleacherreport.com/articles/10147209-travis-hunter-reacts-to-raiders-giants-rumors-not-trying-to-think-too-far-ahead,sport
"Fri, 04 Oct 2024 15:58:55 +0000",Watch the first trailer for Fanatical The Catfishing of Tegan and Sara,https://www.sonic1029.com/2024/10/04/watch-the-first-trailer-for-fanatical-the-catfishing-of-tegan-and-sara/,music
"Fri, 05 Jul 2024 16:13:14 +0000",The Killers perform with a fan in London,https://www.sonic1029.com/2024/07/05/the-killers-perform-with-a-fan-in-london/,music
"Fri, 05 Jul 2024 17:37:30 +0000",Foo Fighters dedicate Times Like These to Tom Morello in Poland,https://www.sonic1029.com/2024/07/05/foo-fighters-dedicate-times-like-these-to-tom-morello-in-poland/,music
"Fri, 06 Dec 2024 00:33:32 +0000",Violent Femmes Perform First Two Albums and a Tribute to Spencer P Jones,https://www.noise11.com/news/violent-femmes-perform-first-two-albums-and-a-tribute-to-spencer-p-jones-20241206,music
"Fri, 06 Dec 2024 04:59:13 +0000",Cold Chisel Produce Signed Limited Edition Run of The Big Five O Tour Posters,https://www.noise11.com/news/cold-chisel-produce-signed-limited-edition-run-of-the-big-five-o-tour-posters-20241206,music
"Fri, 06 Dec 2024 05:00:00 CST",Marx s Misanthropy,https://mises.org/friday-philosophy/marxs-misanthropy,economics
"Fri, 06 Dec 2024 05:48:06 +0000",Taj Farrant Joins Bradley Dorsey for The Beatles Come Together,https://www.noise11.com/news/taj-farrant-joins-bradley-dorsey-for-the-beatles-come-together-20241206,music
"Fri, 06 Dec 2024 06:00:00 CST",Why Pete Hegseth Might Not Get Confirmed as Secretary of Defense,https://mises.org/power-market/why-pete-hegseth-might-not-get-confirmed-secretary-defense,economics
"Fri, 06 Dec 2024 08:00:00 CST",Self Described Austrian Is New Leader of UK Conservative Party Should Kemi Badenoch Give Us Hope,https://mises.org/mises-wire/self-described-austrian-new-leader-uk-conservative-party-should-kemi-badenoch-give-us-hope,economics
"Fri, 06 Dec 2024 08:41:00 GMT",Planned spin off of Holcim s North American business expected to occur in H,https://www.worldcement.com/the-americas/06122024/planned-spin-off-of-holcims-north-american-business-expected-to-occur-in-h1-2025/,world
"Fri, 06 Dec 2024 08:50:00 GMT",Cemex celebrate year partnership with the RSPB,https://www.worldcement.com/product-news/06122024/cemex-celebrate-15-year-partnership-with-the-rspb/,world
"Fri, 06 Dec 2024 09:00:00 +0000",Offending Incentives,https://www.nationalaffairs.com/blog/detail/findings-a-daily-roundup/offending-incentives,economics
"Fri, 06 Dec 2024 11:04:00 GMT",TCMA joins COP with progress of Saraburi Sandbox attracting green funding to support Thailand s Net Zero,https://www.worldcement.com/asia-pacific-rim/06122024/tcma-joins-cop29-with-progress-of-saraburi-sandbox-attracting-green-funding-to-support-thailands-net-zero-2050/,world
"Fri, 06 Dec 2024 12:00:00 CST",The Secret Passage How Amzalak and Salazar Helped Ludwig von Mises Escape the Nazis,https://mises.org/mises-wire/secret-passage-how-amzalak-and-salazar-helped-ludwig-von-mises-escape-nazis,economics
"Fri, 06 Dec 2024 12:00:00 EST",Holiday guide Best things to do and places to visit this season,https://www.10best.com/interests/festivals-events/best-things-to-do-holidays-christmas-2024/,travel
"Fri, 06 Dec 2024 13:47:41 +0000",expert reaction to unknown illness in the Democratic Republic of the Congo,https://www.sciencemediacentre.org/expert-reaction-to-unknown-illness-in-the-democratic-republic-of-the-congo/,science
"Fri, 06 Dec 2024 16:01:30 +0000",Things to Know for a New Year s Eve Cruise,https://porthole.com/5-things-to-know-for-a-new-years-eve-cruise/,travel
"Fri, 06 Dec 2024 18:14:07 +0000",Introducing Brookmere Saratoga Springs Newest Hotel,https://www.travelagentcentral.com/hotels/introducing-brookmere-saratoga-springs-newest-hotel,travel
"Fri, 06 Dec 2024 22:06:33 +0000",Proposed time limits on anesthesia may have jeopardized patient safety,https://www.sciencenews.org/article/time-limits-anesthesia-patient-safety,science
"Fri, 06 Dec 2024 22:26:13 +0000",Lizzo Lawsuit Thrown Out of Court,https://www.noise11.com/news/lizzo-lawsuit-thrown-out-of-court-20241207,music
"Fri, 07 Jun 2024 15:02:53 +0000",The Offspring announce new album SUPERCHARGED share Make It All Right,https://www.sonic1029.com/2024/06/07/the-offspring-announce-new-album-supercharged-share-make-it-all-right/,music
"Fri, 07 Jun 2024 15:11:24 +0000",Hozier rocks Too Sweet on Colbert,https://www.sonic1029.com/2024/06/07/hozier-rocks-too-sweet-on-colbert/,music
"Fri, 07 Jun 2024 15:23:20 +0000",Eminem debuts Houdini at Michigan Central Station Concert,https://www.sonic1029.com/2024/06/07/eminem-debuts-houdini-at-michigan-central-station-concert/,music
"Fri, 07 Jun 2024 15:30:56 +0000",Jack White performs explosive rendition of Seven Nation Army at Michigan Central Station Concert,https://www.sonic1029.com/2024/06/07/jack-white-performs-explosive-rendition-of-seven-nation-army-at-michigan-central-station-concert/,music
"Fri, 07 Jun 2024 15:41:13 +0000",New Johnny Cash song Spotlight unearthed featuring The Black Keys Dan Auerbach,https://www.sonic1029.com/2024/06/07/new-johnny-cash-song-spotlight-unearthed-featuring-the-black-keys-dan-auerbach/,music
"Fri, 08 Jun 2018 05:00:00 GMT",Buttery Corn Bread,https://www.tasteofhome.com/recipes/buttery-corn-bread,food
"Fri, 08 Nov 2024 16:44:45 +0000",Here are your Grammy Award nominees,https://www.sonic1029.com/2024/11/08/here-are-your-2025-grammy-award-nominees/,music
"Fri, 12 Jul 2024 17:37:20 +0000",Simple Plan cover Can You Feel The Love Tonight for new Disney pop punk covers compilation,https://www.sonic1029.com/2024/07/12/simple-plan-cover-can-you-feel-the-love-tonight-for-new-disney-pop-punk-covers-compilation/,music
"Fri, 12 Jul 2024 17:44:47 +0000",Beck and Orville Peck team up for new duet Death Valley High,https://www.sonic1029.com/2024/07/12/beck-and-orville-peck-team-up-for-new-duet-death-valley-high/,music
"Fri, 12 Jul 2024 17:56:39 +0000",Beastie Boys sue Chili s parent company for unauthorized use of Sabotage,https://www.sonic1029.com/2024/07/12/beastie-boys-sue-chilis-parent-company-for-unauthorized-use-of-sabotage/,music
"Fri, 13 Dec 2024 00:00:00 EST",Is your pickle ornament really a German tradition,https://www.10best.com/interests/food-culture/pickle-ornament-christmas-german-tradition/,travel
"Fri, 13 Dec 2024 00:29:34 +0000",Jimmy Barnes Granddaughter Ruby Rodgers Premieres Her Debut Song Hits The Heart,https://www.noise11.com/news/jimmy-barnes-granddaughter-ruby-rodgers-premieres-her-debut-song-hits-the-heart-20241213,music
"Fri, 13 Dec 2024 01:00:00 CST",Why Does Government Always Make the Same Economic Mistakes,https://mises.org/power-market/why-does-government-always-make-same-economic-mistakes,economics
"Fri, 13 Dec 2024 01:12:40 EST",NBA Cup Quarterfinals Averages M Viewers Across TNT ESPN,https://basketball.realgm.com/wiretap/278378/NBA-Cup-Quarterfinals-Averages-136M-Viewers-Across-TNT-ESPN,sport
"Fri, 13 Dec 2024 01:15:19 EST",Kevin Durant Probable For Friday Game Versus Jazz,https://basketball.realgm.com/wiretap/278379/Kevin-Durant-Probable-For-Friday-Game-Versus-Jazz,sport
"Fri, 13 Dec 2024 01:19:34 EST",Max Strus Out Friday Against Wizards,https://basketball.realgm.com/wiretap/278380/Max-Strus-Out-Friday-Against-Wizards,sport
"Fri, 13 Dec 2024 02:32:51 +0000",The Killers Bring Out Iva Davies To Perform Icehouse Classic,https://www.noise11.com/news/the-killers-bring-out-iva-davies-to-perform-icehouse-classic-20241213,music
"Fri, 13 Dec 2024 03:41:01 +0000",John Lennon One To One Concert Is Coming For,https://www.noise11.com/news/john-lennon-one-to-one-concert-is-coming-for-2025-20241213,music
"Fri, 13 Dec 2024 04:00:00 -0500",Is SEO Dead Because That Would Make a Lot of Sense,https://www.inc.com/joe-procopio/is-seo-dead-because-that-would-make-a-lot-of-sense/91064136,business
"Fri, 13 Dec 2024 04:00:00 CST",The Jacobin Origins of Nationalism,https://mises.org/power-market/jacobin-origins-nationalism,economics
"Fri, 13 Dec 2024 04:30:00 CST",What s More Wicked than the Crime of,https://mises.org/podcasts/human-action-podcast/whats-more-wicked-crime-73,economics
"Fri, 13 Dec 2024 04:32:44 +0000",Jeremy Strong Confirms Springsteen Biopic Is On Track For,https://www.noise11.com/news/jeremy-strong-confirms-springsteen-biopic-is-on-track-for-2025-20241213,music
"Fri, 13 Dec 2024 04:38:04 -0500",The Secret to Being the Person Who Always Gives the Perfect Gift A Reverse Gift List,https://www.inc.com/jessica-stillman/the-secret-to-being-the-person-who-always-gives-the-perfect-gift-a-reverse-gift-list/91048751,business
"Fri, 13 Dec 2024 05:00:00 -0500",Back Pain Scientists Just Discovered Simple Thing Can Help You Reduce and Avoid It,https://www.inc.com/jeff-haden/back-pain-scientists-just-discovered-1-simple-thing-can-help-you-reduce-and-avoid-it/91064813,business
"Fri, 13 Dec 2024 05:00:00 CST",Slavery Cronyism Opportunity Cost Deadweight Loss,https://mises.org/mises-wire/slavery-cronyism-opportunity-cost-deadweight-loss,economics
"Fri, 13 Dec 2024 05:00:00 CST",The Missing Secret,https://mises.org/friday-philosophy/missing-secret,economics
"Fri, 13 Dec 2024 06:00:00 -0500",Your New Year s Resolution Get Ready for Trump s Tax Code Changes,https://www.inc.com/brian-contreras/your-new-years-resolution-get-ready-for-trumps-tax-code-changes/91000585,business
"Fri, 13 Dec 2024 06:00:00 GMT",Community looks forward to surgery re opening,https://www.westcoasttoday.co.uk/news/community-looks-forward-to-surgery-re-opening,news
"Fri, 13 Dec 2024 07:00:00 +0000",Nice for them nice for your wallet,https://www.komando.com/tips/nice-for-them-nice-for-your-wallet/,tech
"Fri, 13 Dec 2024 07:00:00 CST",The US Is Now on Track for a Trillion Deficit in,https://mises.org/mises-wire/us-now-track-35-trillion-deficit-2025,economics
"Fri, 13 Dec 2024 07:04:00 GMT",Visitor levy seminars raise more questions than answers,https://www.westcoasttoday.co.uk/news/visitor-levy-seminars-raise-more-questions-than-answers,news
"Fri, 13 Dec 2024 08:00:00 CST",Trump s Economic Policies The Good The Bad and the Uncertain,https://mises.org/mises-wire/trumps-economic-policies-good-bad-and-uncertain,economics
"Fri, 13 Dec 2024 08:00:00 GMT",Panto performers take a bow,https://www.westcoasttoday.co.uk/news/panto-performers-take-a-bow,news
"Fri, 13 Dec 2024 08:32:00 CST",s Federal Deficit May Be the Biggest Ever,https://mises.org/podcasts/loot-and-lobby/2025s-federal-deficit-may-be-biggest-ever,economics
"Fri, 13 Dec 2024 08:40:33 EST",NBC Jamal Crawford Agree To Deal To Call Games Interested In Hiring Reggie Miller,https://basketball.realgm.com/wiretap/278381/NBC-Jamal-Crawford-Agree-To-Deal-To-Call-Games;-Interested-In-Hiring-Reggie-Miller,sport
"Fri, 13 Dec 2024 08:45:00 GMT",Rohrdorfer build new clinker cooler chimney at Gmunden Cement Plant,https://www.worldcement.com/europe-cis/13122024/rohrdorfer-build-new-clinker-cooler-chimney-at-gmunden-cement-plant/,world
"Fri, 13 Dec 2024 08:53:09 EST",Anthony Randolph Announces Retirement,https://basketball.realgm.com/wiretap/278382/Anthony-Randolph-Announces-Retirement,sport
"Fri, 13 Dec 2024 09:00:00 +0000",Believing Context,https://www.nationalaffairs.com/blog/detail/findings-a-daily-roundup/believing-context,economics
"Fri, 13 Dec 2024 09:00:00 GMT",Levelling Up Load out Operations,https://www.worldcement.com/special-reports/13122024/levelling-up-load-out-operations/,world
"Fri, 13 Dec 2024 09:00:00 GMT",A bridge too far for Saddell residents,https://www.westcoasttoday.co.uk/news/a-bridge-too-far-for-saddell-residents,news
"Fri, 13 Dec 2024 09:01:00 GMT",CarbiCrete and Meta Team up to accelerate low carbon concrete,https://www.worldcement.com/product-news/13122024/carbicrete-and-meta-team-up-to-accelerate-low-carbon-concrete/,world
"Fri, 13 Dec 2024 09:12:40 -0500",One of the Oldest Corners of Wall Street Just Capped a Trillion Year,https://www.inc.com/phil-rosen/economic-outlook-etf-stock-market-investors-sp500-fed-rate-cut/91065517,business
"Fri, 13 Dec 2024 09:50:04 EST",From scrap to strength Solid phase manufacturing transforms aluminum waste into high value alloys,https://techxplore.com/news/2024-12-scrap-strength-solid-phase-aluminum.html,tech
"Fri, 13 Dec 2024 10:00:00 +0000",The state of our country,https://www.komando.com/news/the-state-of-our-country/,tech
"Fri, 13 Dec 2024 10:00:00 +0000",BigChange for Instagram,https://www.komando.com/tips/bigchange-for-instagram/,tech
"Fri, 13 Dec 2024 10:00:00 +0000",billion,https://www.komando.com/news/4-25-billion/,tech
"Fri, 13 Dec 2024 10:16:29 GMT",Campbeltown police files December,https://www.westcoasttoday.co.uk/news/campbeltown-police-files-december-13-2024,news
"Fri, 13 Dec 2024 10:27:32 -0500",This Marketing Exec Restructured His Job Around AI Here s Why,https://www.inc.com/brian-contreras/this-marketing-exec-restructured-his-job-around-ai-heres-why/91024630,business
"Fri, 13 Dec 2024 10:28:05 GMT",Barber shop owner defends sign after bizarre row over its brighteness,https://www.westcoasttoday.co.uk/news/barber-shop-lights-up-lochgilphead,news
"Fri, 13 Dec 2024 10:55:22 -0500",Why Anti Drone Tech Companies Can t Zap New Jersey s Aerial Invaders,https://www.inc.com/bruce-crumley/why-anti-drone-tech-companies-cant-zap-new-jerseys-aerial-invaders/91065488,business
"Fri, 13 Dec 2024 10:56:15 GMT",No new builds due to lack of sites says housing chief,https://www.westcoasttoday.co.uk/news/no-new-builds-due-to-lack-of-sites-says-housing-chief,news
"Fri, 13 Dec 2024 11:00:00 +0000",Not a joke,https://www.komando.com/news/not-a-joke/,tech
"Fri, 13 Dec 2024 11:00:00 CST",Real Democracy Can Only Be Freedom,https://mises.org/mises-wire/real-democracy-can-only-be-freedom,economics
"Fri, 13 Dec 2024 11:00:00 CST",Dred Scott Politics and the Living Constitution,https://mises.org/mises-wire/dred-scott-politics-and-living-constitution,economics
"Fri, 13 Dec 2024 11:19:05 EST",Teaching a robot its limits to complete open ended tasks safely,https://techxplore.com/news/2024-12-robot-limits-tasks-safely.html,tech
"Fri, 13 Dec 2024 11:20:18 GMT",Council agree to change health board model,https://www.westcoasttoday.co.uk/news/council-agree-to-change-health-board-model,news
"Fri, 13 Dec 2024 11:31:04 EST",Study reveals vulnerability of metaverse platforms to cyber attacks,https://techxplore.com/news/2024-12-reveals-vulnerability-metaverse-platforms-cyber.html,tech
"Fri, 13 Dec 2024 11:35:11 -0500",How Companies Can Create or Improve Employee Assistance Programs,https://www.inc.com/bruce-crumley/how-companies-can-create-or-improve-employee-assistance-programs/91065546,business
"Fri, 13 Dec 2024 11:51:00 GMT",Patients urged to prioritise their prescription planning for the festive period,https://www.westcoasttoday.co.uk/news/patients-urged-to-prioritise-their-prescription-planning-for-the-festive-period,news
"Fri, 13 Dec 2024 11:58:35 -0500",Navigating Through Loss How to Cope After a Leader s Unexpected Death,https://www.inc.com/kaylawebster/navigating-through-loss-how-to-cope-after-a-leaders-unexpected-death/91065596,business
"Fri, 13 Dec 2024 12:00:00 +0000",Let it go,https://www.komando.com/news/devices/let-it-go/,tech
"Fri, 13 Dec 2024 12:00:00 -0500",Lessons Brands Can Learn From Miami Art Week,https://www.inc.com/shama-hyder/7-lessons-brands-can-learn-from-miami-art-week-2024/91065002,business
"Fri, 13 Dec 2024 12:00:00 EST",From ice skating to NYE countdowns Best places to enjoy some winter fun,https://www.10best.com/interests/explore/best-ice-skating-snow-nye-2024/,travel
"Fri, 13 Dec 2024 12:00:00 GMT",West is best for Lochaber Chamber of Commerce,https://www.westcoasttoday.co.uk/news/west-is-best-for-lochaber-chamber-of-commerce,news
"Fri, 13 Dec 2024 12:04:22 -0500",How a NYC Fireman Finds Time to Save Lives and Grow a Natural Haircare Company,https://www.inc.com/farrell-evans/how-a-nyc-fireman-finds-time-to-save-lives-and-grow-a-natural-haircare-company/91065336,business
"Fri, 13 Dec 2024 12:10:20 EST",Dash Daniels Commits To Melbourne United NBL s Next Stars Program,https://basketball.realgm.com/wiretap/278383/Dash-Daniels-Commits-To-Melbourne-United-NBLs-Next-Stars-Program,sport
"Fri, 13 Dec 2024 12:11:29 EST",Dunc d On in Conclusion ORL PHI TOR WAS Butler Rumors NBA Cup Semifinals Outlook,https://basketball.realgm.com/wiretap/278384/Duncd-On-15-in-60-Conclusion-ORL-PHI-TOR-WAS;-Butler-Rumors-NBA-Cup-Semifinals-Outlook,sport
"Fri, 13 Dec 2024 12:23:10 GMT",New defibrillator is installed at primary school in Appin,https://www.westcoasttoday.co.uk/news/new-defibrillator-in-installed-at-primary-school-in-appin,news
"Fri, 13 Dec 2024 12:28:18 EST",Non Taxpayer Teams Project To Receive M Apiece In Distribution,https://basketball.realgm.com/wiretap/278385/Non-Taxpayer-Teams-Project-To-Receive-$19M-Apiece-In-Distribution,sport
"Fri, 13 Dec 2024 12:30:26 +0000",Severe heatwave in Australia expected this weekend,https://earthsky.org/earth/severe-heatwave-in-australia-expected-mid-dec-2024/,science
"Fri, 13 Dec 2024 12:30:39 +0000",Meteors in moonlight tips for the Geminids,https://earthsky.org/astronomy-essentials/meteors-in-moonlight-tips-for-watching/,science
"Fri, 13 Dec 2024 12:34:09 EST",Hawks Encouraged By Trae Young s Leadership Improvement,https://basketball.realgm.com/wiretap/278386/Hawks-Encouraged-By-Trae-Youngs-Leadership-Improvement,sport
"Fri, 13 Dec 2024 12:34:58 -0500",Why Microsoft s New AI May Speed Up Your Company s Use of New Technology,https://www.inc.com/kit-eaton/why-microsofts-new-ai-may-speed-up-your-companys-use-of-new-technology/91065509,business
"Fri, 13 Dec 2024 12:41:11 -0500",Musk Accuses SEC of Pushing a Financial Settlement After Twitter Buyout Issues,https://www.inc.com/kit-eaton/musk-accuses-sec-of-pushing-a-financial-settlement-after-twitter-buyout-issues/91065588,business
"Fri, 13 Dec 2024 12:48:42 +0000",Happy Friday the th It s the nd of in,https://earthsky.org/human-world/happy-friday-the-13th-september-december/,science
"Fri, 13 Dec 2024 13:00:00 +0000",Yarr the booty,https://www.komando.com/news/yarr-the-booty/,tech
"Fri, 13 Dec 2024 13:00:00 GMT",Exclusive Council spending a month on Mull campus consultation,https://www.westcoasttoday.co.uk/news/council-spending-10000-a-month-on-mull-campus-consultation,news
"Fri, 13 Dec 2024 13:10:10 -0500",UnitedHealth Group CEO Acknowledges Flawed U S Health Care System,https://www.inc.com/reuters/unitedhealth-group-ceo-acknowledges-flawed-u-s-healthcare-system/91065531,business
"Fri, 13 Dec 2024 13:14:32 EST",Rockets Unlikely To Pursue Trade For Jimmy Butler,https://basketball.realgm.com/wiretap/278387/Rockets-Unlikely-To-Pursue-Trade-For-Jimmy-Butler,sport
"Fri, 13 Dec 2024 13:14:40 GMT",Families get into the Christmas spirit as Santa visits Kyle lifeboat station,https://www.westcoasttoday.co.uk/news/families-get-into-the-christmas-spirit-as-santa-visits-kyle-lifeboat-station,news
"Fri, 13 Dec 2024 13:23:49 -0500",Archer Aviation Raises Million Through Share Offering Partners With Anduril,https://www.inc.com/reuters/archer-aviation-raises-430-million-through-share-offering-partners-with-anduril/91065533,business
"Fri, 13 Dec 2024 13:30:00 +0000",For your eyes only,https://www.komando.com/tips/for-your-eyes-only-3/,tech
"Fri, 13 Dec 2024 13:30:40 +0000",Geminid meteor shower peaks in moonlight tonight,https://earthsky.org/astronomy-essentials/everything-you-need-to-know-geminid-meteor-shower/,science
"Fri, 13 Dec 2024 13:43:42 -0500",Economic Data Points to Fed Rate Cut Next Week and a Cautious,https://www.inc.com/reuters/economic-data-points-to-fed-rate-cut-next-week-and-a-cautious-2025/91065538,business
"Fri, 13 Dec 2024 13:51:08 GMT",Care centre residents stay upbeat for Christmas,https://www.westcoasttoday.co.uk/news/care-centre-residents-stay-upbeat-for-christmas,news
"Fri, 13 Dec 2024 13:54:04 EST",Low adoption of solar tech in the Philippines is not just due to cost study finds,https://techxplore.com/news/2024-12-solar-tech-philippines-due.html,tech
"Fri, 13 Dec 2024 13:54:23 -0500",Stanley Recalls Millions of Mugs Over Concerns the Lids Might Fall Off Causing Burns,https://www.inc.com/associated-press/stanley-recalls-millions-of-mugs-over-concerns-the-lids-might-fall-off-causing-burns/91065552,business
"Fri, 13 Dec 2024 14:00:00 +0000",Look at these numbers,https://www.komando.com/news/look-at-these-numbers/,tech
"Fri, 13 Dec 2024 14:00:00 +0000",The eclipse gave a rare view of the sun Here s a peek at early data,https://www.sciencenews.org/article/2024-eclipse-sun-early-data-corona,science
"Fri, 13 Dec 2024 14:00:01 EST",Prototype device produces critical fertilizer ingredient from thin air cutting carbon emissions,https://techxplore.com/news/2024-12-prototype-device-critical-fertilizer-ingredient.html,tech
"Fri, 13 Dec 2024 14:08:22 -0500",Elon Musk Wants to Turn SpaceX s Starbase Site Into a Texas City,https://www.inc.com/associated-press/elon-musk-wants-to-turn-spacexs-starbase-site-into-a-texas-city/91065553,business
"Fri, 13 Dec 2024 14:16:57 EST",Cui Yongxi Suffers Torn ACL In Left Knee,https://basketball.realgm.com/wiretap/278388/Cui-Yongxi-Suffers-Torn-ACL-In-Left-Knee,sport
"Fri, 13 Dec 2024 14:18:15 EST",Challenging the traditional approach to human robot interaction,https://techxplore.com/news/2024-12-traditional-approach-human-robot-interaction.html,tech
"Fri, 13 Dec 2024 14:24:08 -0500",Against a Wall How Jensen Huang Saved Nvidia in the s,https://www.inc.com/peter-cohan/against-a-wall-how-jensen-huang-saved-nvidia-in-the-1990s/91065579,business
"Fri, 13 Dec 2024 14:24:57 -0500",Trump Signals Support for U S Dockworkers in Stalled Labor Talks,https://www.inc.com/reuters/trump-signals-support-for-u-s-dockworkers-in-stalled-labor-talks/91065548,business
"Fri, 13 Dec 2024 14:40:01 -0500",Trump s Policy Plans Could Hit Restaurant Industry Seafood Prices and Trucking,https://www.inc.com/reuters/trumps-policy-plans-could-hit-restaurant-industry-seafood-prices-and-trucking/91065543,business
"Fri, 13 Dec 2024 14:43:50 GMT",Broncos try to hold off Colts in playoff chase reach the win mark,https://www.denver7.com/sports/broncos/broncos-try-to-hold-off-colts-in-playoff-chase-reach-the-9-win-mark,news
"Fri, 13 Dec 2024 14:46:10 -0500",Legos Vacations and Paper Mach Dragons The Best Holiday Gift Ideas From Inc Founders,https://www.inc.com/annabel-burba/legos-vacations-and-dragons-the-best-holiday-gift-ideas-from-inc-5000-founders/91064716,business
"Fri, 13 Dec 2024 15:00:00 +0000",Update your iPhone now,https://www.komando.com/news/devices/update-your-iphone-now/,tech
"Fri, 13 Dec 2024 15:00:00 GMT",Rural ladies set the scene for festive season,https://www.westcoasttoday.co.uk/news/rural-ladies-set-the-scene-for-festive-season,news
"Fri, 13 Dec 2024 15:00:00 GMT",Oban lights up in memory of those we have lost,https://www.westcoasttoday.co.uk/news/oban-lights-up-in-memory-of-those-we-have-lost,news
"Fri, 13 Dec 2024 15:00:00 GMT",Belford column Belford Hospital replacement,https://www.westcoasttoday.co.uk/news/belford-column-belford-hospital-replacement,news
"Fri, 13 Dec 2024 15:14:00 GMT",Coffee and cake morning turns to raffle for cancer charity funds,https://www.westcoasttoday.co.uk/news/coffee-and-cake-morning-turns-to-raffle-for-cancer-charity-funds,news
"Fri, 13 Dec 2024 15:23:27 GMT",Adams successful in challenging some ratings but not the overall low district rating,https://www.denver7.com/lifestyle/education/adams-14-successful-in-challenging-some-ratings-but-not-the-overall-low-district-rating,news
"Fri, 13 Dec 2024 15:23:53 GMT",Port stalwart retires after years of dedicated service,https://www.westcoasttoday.co.uk/news/bport-stalwart-retires-after-19-years-of-dedicated-servicerodick,news
"Fri, 13 Dec 2024 15:37:57 GMT",Fort William cycleway improvements update,https://www.westcoasttoday.co.uk/news/fort-william-cycleway-improvements-update,news
"Fri, 13 Dec 2024 15:45:02 GMT",Crew rescued from flooded fishing boat,https://www.westcoasttoday.co.uk/news/crew-rescued-from-flooded-fishing-boat,news
"Fri, 13 Dec 2024 15:47:53 +0000",Sunlike stars hurl superflares about once per years,https://earthsky.org/sun/sunlike-stars-hurl-superflares-about-once-per-100-years/,science
"Fri, 13 Dec 2024 15:48:10 +0000",Ensemble Launches Website to Expand Access to Travel Content,https://www.travelagentcentral.com/your-business/ensemble-launches-website-expand-access-travel-content,travel
"Fri, 13 Dec 2024 15:57:38 +0000",Blue Diamond Resorts Debuts Online Pre Check In Service,https://www.travelagentcentral.com/hotels/blue-diamond-resorts-debuts-online-pre-check-feature,travel
"Fri, 13 Dec 2024 16:00:00 +0000",Microsoft s very bad advice,https://www.komando.com/news/security/microsofts-very-bad-advice/,tech
"Fri, 13 Dec 2024 16:00:00 +0000",Humans have linked emotions to the same body parts for years,https://www.sciencenews.org/article/link-emotions-body-parts-3000-years,science
"Fri, 13 Dec 2024 16:00:00 -0500",Why Spindrift s Reported Million Exit Is Part of a Growing Trend,https://www.inc.com/chris-morris/why-spindrift-reported-650-million-exit-growing-trend-private-equity/91065949,business
"Fri, 13 Dec 2024 16:12:52 +0000",Australian Super Fund AMP Makes Bitcoin Allocation,https://www.ai-cio.com/news/australian-super-fund-amp-makes-bitcoin-allocation/?utm_source=rss-feed&utm_medium=news&utm_campaign=feed,finance
"Fri, 13 Dec 2024 16:22:19 +0000",Week in Review Hotel Fees Cruise Leaders and Top Trends,https://www.travelagentcentral.com/your-business/week-review-hotel-fees-cruise-leaders-and-top-trends,travel
"Fri, 13 Dec 2024 16:27:58 +0000",Texas Teachers Returns in Fiscal,https://www.ai-cio.com/news/texas-teachers-returns-12-7-in-fiscal-2024/?utm_source=rss-feed&utm_medium=news&utm_campaign=feed,finance
"Fri, 13 Dec 2024 16:30:00 +0000",Unique gifts for kids,https://www.komando.com/shopping/deals/unique-gifts-for-kids/,tech
"Fri, 13 Dec 2024 16:31:15 +0000",New Survey Shows Strong Optimism Among Advisors for,https://www.travelagentcentral.com/your-business/new-survey-shows-strong-optimism-among-advisors-2025,travel
"Fri, 13 Dec 2024 16:58:42 EST",Pacers Acquire Thomas Bryant From Heat For nd Round Pick Swap,https://basketball.realgm.com/wiretap/278389/Pacers-Acquire-Thomas-Bryant-From-Heat-For-2nd-Round-Pick-Swap,sport
"Fri, 13 Dec 2024 17:00:00 +0000",What s next for Yellowstone,https://www.komando.com/news/streaming/whats-next-for-yellowstone/,tech
"Fri, 13 Dec 2024 17:00:00 -0500",Stream It Or Skip It Was I a Sex Object on Max a Documentary Series About Nudity on Spanish TV,https://decider.com/2024/12/13/was-i-a-sex-object-hbo-max-review/,entertainment
"Fri, 13 Dec 2024 17:00:24 GMT",Woman who stole k from former best friend s cancer charity ordered to repay cash,https://www.westcoasttoday.co.uk/news/woman-who-stole-from-former-best-friends-cancer-charity-to-repay-cash,news
"Fri, 13 Dec 2024 17:00:49 GMT",Recreational drug use ended in restaurateur becoming a dealer,https://www.westcoasttoday.co.uk/news/recreational-drug-use-ended-in-restaurateur-becoming-a-dealer,news
"Fri, 13 Dec 2024 17:01:05 GMT",Police chief says only good luck has prevented officer being seriously hurt as violence on the rise,https://www.westcoasttoday.co.uk/news/its-just-luck-we-havent-had-a-serious-assault-on-an-officer-says-argyll-police-chief,news
"Fri, 13 Dec 2024 17:03:05 +0000",ETS Tours Launches Holy Land Travel Programs for,https://www.travelagentcentral.com/tours/ets-tours-launches-holy-land-travel-programs-2026,travel
"Fri, 13 Dec 2024 17:06:34 -0500",Skims Is Betting Big on Brick and Mortar With New th Avenue Flagship in NYC,https://www.inc.com/ali-donaldson/skims-is-betting-big-on-a-brick-and-mortar-with-new-5th-avenue-flagship-in-nyc/91034190,business
"Fri, 13 Dec 2024 17:21:00 +0000",Movie Review White Christmas,https://cravedfw.com/2024/12/13/movie-review-white-christmas/,food
"Fri, 13 Dec 2024 17:35:32 +0000",Bernie Chiaravalle Fernando Perdomo Others Preston Frazier s Best of in Rock,https://somethingelsereviews.com/2024/12/13/bernie-chiaravalle-fernando-perdomo-best-of-2024/,music
"Fri, 13 Dec 2024 17:38:22 +0000",Are Iranian Mother Ships Behind New Jersey s Mystery Drone Swarm,https://www.shockya.com/news/2024/12/13/are-iranian-mother-ships-behind-new-jerseys-mystery-drone-swarm/,entertainment
"Fri, 13 Dec 2024 17:39:47 +0000",Behind Touch Amor s intimate Spiral in a Straight Line documentary,https://www.altpress.com/touche-amore-spiral-in-a-straight-line-interview/,music
"Fri, 13 Dec 2024 17:56:42 GMT",Proposed second Colorado Buc ee s location clears legal hurdle amid community opposition,https://www.denver7.com/news/state-news/proposed-second-colorado-buc-ees-location-clears-legal-hurdle-amid-community-opposition,news
"Fri, 13 Dec 2024 18:00:00 +0000",Cancer screening and quitting smoking have saved nearly million lives,https://www.sciencenews.org/article/cancer-screening-save-6-million-lives,science
"Fri, 13 Dec 2024 18:00:00 +0000",Holiday shopping hack,https://www.komando.com/tips/holiday-shopping-hack/,tech
"Fri, 13 Dec 2024 18:03:54 GMT",Denver police seek hit and run driver after scooter rider was left seriously injured near Auraria campus,https://www.denver7.com/news/crime/denver-police-seek-hit-and-run-driver-after-scooter-rider-was-left-seriously-injured-near-auraria-campus,news
"Fri, 13 Dec 2024 18:04:55 GMT",Ice Castles announce opening dates for locations in Cripple Creek and Eagle,https://www.denver7.com/news/mountains/ice-castles-announce-2024-opening-dates-for-locations-in-cripple-creek-and-eagle,news
"Fri, 13 Dec 2024 18:05:41 +0000",Trump inauguration outreach so informal that even close aides don t know who he s inviting,https://www.alternet.org/send/trump-foreign-leaders-inauguration/,news
"Fri, 13 Dec 2024 18:09:38 +0000",NJ residents talk of taking matters into their own hands over SUV size mystery drones,https://www.alternet.org/drones-new-jersey-fox-news/,news
"Fri, 13 Dec 2024 18:28:46 GMT",Pedestrian injured in hit and run in Denver s Sunnyside neighborhood police say,https://www.denver7.com/news/crime/pedestrian-injured-in-hit-and-run-in-denvers-sunnyside-neighborhood-police-say,news
"Fri, 13 Dec 2024 18:30:44 +0000",Wants a global stage Trump s power move fizzles as China s Xi blows off inauguration,https://www.alternet.org/trump-xi-jinping/,news
"Fri, 13 Dec 2024 18:37:03 +0000",Industry moves this week,https://www.investmentexecutive.com/news/people/industry-moves-this-week-81/,finance
"Fri, 13 Dec 2024 18:40:30 GMT",Colo gas station owner fears proposed Buc ee s location would threaten small business Economic cannibalism,https://www.denver7.com/news/state-news/colo-gas-station-owner-fears-proposed-buc-ees-location-would-threaten-small-business-economic-cannibalism,news
"Fri, 13 Dec 2024 19:00:00 -0500",Stream It Or Skip It Heretic on VOD an Idea Driven Horror Thriller in Which Hugh Grant Shows His Dark Side,https://decider.com/2024/12/13/hugh-grant-heretic-streaming-movie-review/,entertainment
"Fri, 13 Dec 2024 19:02:33 -0500",Amazon OpenAI to Match Meta s Million for Trump s Inauguration,https://www.inc.com/associated-press/amazon-openai-to-match-metas-1-million-for-trumps-inauguration/91066057,business
"Fri, 13 Dec 2024 19:10:15 +0000",Enjoy Dry January the Truluck s Way,https://cravedfw.com/2024/12/13/enjoy-dry-january-the-trulucks-way/,food
"Fri, 13 Dec 2024 19:16:42 +0000",CIRO asks for industry comments on OEO dealers serving DIY clients,https://www.investmentexecutive.com/news/from-the-regulators/ciro-asks-for-industry-comments-on-oeo-dealers-serving-diy-clients/,finance
"Fri, 13 Dec 2024 19:20:46 +0000",Republican identity crisis Tension grows between granola conservatives and Big Ag allies,https://www.alternet.org/republican-identity-crisis/,news
"Fri, 13 Dec 2024 19:25:45 +0000",The Christmas Foods Origin,https://cravedfw.com/2024/12/13/the-christmas-foods-origin/,food
"Fri, 13 Dec 2024 19:30:00 +0000",What s On Your TV Wish List for,https://tvline.com/features/tv-wish-list-2025-1235388298/,entertainment
"Fri, 13 Dec 2024 19:30:00 -0500",Stream It Or Skip It Toxic Harmony on Tubi a Music Biz Thriller,https://decider.com/2024/12/13/toxic-harmony-tubi-movie-review/,entertainment
"Fri, 13 Dec 2024 19:33:18 GMT",Snowstang bus service resumes to mountain resorts on Saturday,https://www.denver7.com/news/mountains/snowstang-bus-service-resumes-to-mountain-resorts-on-saturday,news
"Fri, 13 Dec 2024 19:37:03 +0000",Michael Flynn loses defamation appeal against Trump critic Rick Wilson,https://www.alternet.org/michael-flynn-rick-wilson/,news
"Fri, 13 Dec 2024 19:41:54 +0000",Texas files first lawsuit against out of state abortion provider,https://www.alternet.org/texas-abortion-2670450668/,news
"Fri, 13 Dec 2024 19:48:03 +0000",Ron DeSantis has a dilemma,https://www.alternet.org/ron-desantis-senate/,news
"Fri, 13 Dec 2024 19:49:17 GMT",Defendant sentenced to life in prison after fatal shooting of young mother in Denver in,https://www.denver7.com/news/local-news/defendant-sentenced-to-life-in-prison-after-fatal-shooting-of-young-mother-in-denver-in-2021,news
"Fri, 13 Dec 2024 19:52:06 +0000",PBGC Provides M to Teamsters Local Pension Plan,https://www.ai-cio.com/news/pbgc-provides-29-3m-to-teamsters-local-11-pension-plan/?utm_source=rss-feed&utm_medium=news&utm_campaign=feed,finance
"Fri, 13 Dec 2024 19:54:24 +0000",Lutnick s Cantor settles with SEC,https://www.investmentexecutive.com/news/from-the-regulators/lutnicks-cantor-settles-with-sec/,finance
"Fri, 13 Dec 2024 19:58:10 +0000",Unprecedented risks Scientists say mirror bacteria should not be created,https://www.alternet.org/mirror-bacteria/,news
"Fri, 13 Dec 2024 20:00:00 +0000",Christmas trees,https://www.komando.com/news/5000-christmas-trees/,tech
"Fri, 13 Dec 2024 20:00:00 +0000",These discoveries in could be groundbreaking if they re true,https://www.sciencenews.org/article/2024-science-discoveries-could-be-true,science
"Fri, 13 Dec 2024 20:00:00 -0500",I m Gonna F The Mascot The Sex Lives of College Girls Gets Freaky In Season,https://decider.com/2024/12/13/the-sex-lives-of-college-girls-season-3-episode-4-mascot-sex/,entertainment
"Fri, 13 Dec 2024 20:03:15 +0000",Why can t we fund universal public goods Blame the tax dodging billionaire nepo babies,https://www.alternet.org/billionaire-nepo-babies/,news
"Fri, 13 Dec 2024 20:04:53 +0000",BCSC steps up fight against misleading investors,https://www.investmentexecutive.com/news/from-the-regulators/bcsc-steps-up-fight-against-misleading-investors/,finance
"Fri, 13 Dec 2024 20:13:05 +0000",Paula Abdul Settles Sexual Assault Case Against Nigel Lythgoe Hopes Her Experience Can Inspire Other Women,https://tvline.com/news/paula-abdul-nigel-lythgoe-sexual-assault-case-settled-1235388359/,entertainment
"Fri, 13 Dec 2024 20:15:28 +0000",General Hospital Kills Off Spoiler,https://tvline.com/casting-news/evan-hofer-leaving-general-hospital-dex-dies-1235387937/,entertainment
"Fri, 13 Dec 2024 20:24:30 +0000",Ottawa to remove investment cap for Canadian pension funds,https://www.investmentexecutive.com/news/industry-news/ottawa-to-remove-30-investment-cap-for-canadian-pension-funds/,finance
"Fri, 13 Dec 2024 20:30:00 +0000",What the heck is that,https://www.komando.com/tips/what-the-heck-is-that/,tech
"Fri, 13 Dec 2024 20:52:26 +0000",ASC issues permanent ban on man who promoted fake legal services startup,https://www.investmentexecutive.com/news/from-the-regulators/asc-issues-permanent-ban-on-man-who-promoted-fake-legal-services-startup/,finance
"Fri, 13 Dec 2024 21:00:10 +0000",Will Shrinking Pair Robin Marshall Can Landman Men Be Less Creepy Did Full Monty Make You Miss OG SYTYCD Did Matlock Cross a Line More Qs,https://tvline.com/features/taylor-sheridan-guest-star-yellowstone-travis-lioness-cody-1235387370/,entertainment
"Fri, 13 Dec 2024 21:03:26 +0000",Savor the Season with DIVE Coastal Cuisine s December Specials,https://cravedfw.com/2024/12/13/savor-the-season-with-dive-coastal-cuisines-december-specials/,food
"Fri, 13 Dec 2024 21:17:35 +0000",Crypto tax evasion lands U S man in jail,https://www.investmentexecutive.com/news/from-the-regulators/crypto-tax-evasion-lands-u-s-man-in-jail/,finance
"Fri, 13 Dec 2024 21:44:48 +0000",Financial conditions threaten U S inflation fight NBF,https://www.investmentexecutive.com/news/research-and-markets/financial-conditions-threaten-u-s-inflation-fight-nbf/,finance
"Fri, 13 Dec 2024 21:47:30 +0000",Canada s stealth recession may deepen if Trump tariffs implemented portfolio manager,https://www.investmentexecutive.com/news/research-and-markets/canadas-stealth-recession-may-deepen-if-trump-tariffs-threat-comes-true-pm/,finance
"Fri, 13 Dec 2024 22:04:51 +0000",Alternate reality What happened when an NYT reporter immersed himself in far right media,https://www.alternet.org/alternate-reality-nyt/,news
"Fri, 13 Dec 2024 22:21:09 +0000",Inconvenient Trump wants to kill Daylight Saving Time,https://www.alternet.org/trump-daylight-saving-time/,news
"Fri, 13 Dec 2024 22:25:30 +0000",BCSC sanctions woman in Chinese student scam,https://www.investmentexecutive.com/news/from-the-regulators/bcsc-sanctions-woman-in-chinese-student-scam/,finance
"Fri, 13 Dec 2024 22:33:00 +0000",TVLine Items The Day of the Jackal on NBC Dinner With the Parents Cancelled and More,https://tvline.com/news/the-day-of-the-jackal-nbc-air-date-1235388267/,entertainment
"Fri, 13 Dec 2024 22:35:13 EST",Joel Embiid Leaves Loss To Pacers With Sinus Fracture,https://basketball.realgm.com/wiretap/278390/Joel-Embiid-Leaves-Loss-To-Pacers-With-Sinus-Fracture,sport
"Fri, 13 Dec 2024 23:15:06 GMT",Colorado star Travis Hunter says Coach Prime ain t going nowhere,https://www.denver7.com/sports/college-sports/colorado-star-travis-hunter-says-coach-prime-aint-going-nowhere,news
"Fri, 13 Dec 2024 23:19:26 +0000",No reason for any further delay Judge orders Trump to to be deposed in ABC lawsuit,https://www.alternet.org/judge-orders-trump/,news
"Fri, 13 Dec 2024 23:37:14 GMT",Baking at altitude Secrets to adjusting recipes for successful homemade treats,https://www.denver7.com/news/local-news/baking-at-altitude-secrets-to-adjusting-recipes-for-successful-homemade-treats,news
"Fri, 13 Dec 2024 23:44:01 GMT",Clear Creek County announces layoffs business hours changes,https://www.denver7.com/news/local-news/clear-creek-county-announces-layoffs-business-hours-changes,news
"Fri, 13 Dec 2024 23:49:00 GMT",Colorado s free school lunch program faces budget shortfall,https://www.denver7.com/news/politics/colorados-free-school-lunch-program-faces-budget-shortfall,news
"Fri, 14 Jun 2024 14:58:37 +0000",Foo Fighters debut long lost song Unconditional in Manchester,https://www.sonic1029.com/2024/06/14/foo-fighters-debut-long-lost-song-unconditional-in-manchester/,music
"Fri, 14 Jun 2024 15:06:19 +0000",Tom Morello covers M neskin in London,https://www.sonic1029.com/2024/06/14/tom-morello-covers-maneskin-in-london/,music
"Fri, 14 Jun 2024 15:14:07 +0000",R E M reunite for first live performance in years at Songwriters Hall of Fame Induction Ceremony,https://www.sonic1029.com/2024/06/14/r-e-m-reunite-for-first-live-performance-in-15-years-at-songwriters-hall-of-fame-induction-ceremony/,music
"Fri, 15 Jun 2018 05:00:00 GMT",Lemon Dill Salmon Packets,https://www.tasteofhome.com/recipes/lemon-dill-salmon-packets,food
"Fri, 15 Nov 2024 15:50:15 +0000",Our Lady Peace share new song I Wanna Be Your Drug,https://www.sonic1029.com/2024/11/15/our-lady-peace-share-new-song-i-wanna-be-your-drug/,music
"Fri, 20 Sep 2024 14:39:18 +0000",Our Lady Peace share new track Sound The Alarm,https://www.sonic1029.com/2024/09/20/our-lady-peace-share-new-track-sound-the-alarm/,music
"Fri, 27 Sep 2024 13:41:57 +0000",Actress Maggie Smith star of stage film and Downton Abbey has died aged,https://www.sonic1029.com/2024/09/27/actress-maggie-smith-star-of-stage-film-and-downton-abbey-has-died-aged-89/,music
"Fri, 28 Jun 2024 16:07:38 +0000",Posthumous Johnny Cash album Songwriter released,https://www.sonic1029.com/2024/06/28/posthumous-johnny-cash-album-songwriter-released/,music
"Fri, 28 Jun 2024 16:17:00 +0000",Patti Smith covers Lana Del Rey s Summertime Sadness,https://www.sonic1029.com/2024/06/28/patti-smith-covers-lana-del-reys-summertime-sadness/,music
"Fri, 28 Jun 2024 16:22:47 +0000",Nathaniel Rateliff The Night Sweats release new album South Of Here,https://www.sonic1029.com/2024/06/28/nathaniel-rateliff-the-night-sweats-release-new-album-south-of-here/,music
"Fri, 28 Jun 2024 16:28:30 +0000",Tom Morello joins Jane s Addiction for Mountain Song in Germany,https://www.sonic1029.com/2024/06/28/tom-morello-joins-janes-addiction-for-mountain-song-in-germany/,music
"Fri, 29 Nov 2024 12:31:10 +0000",Charli XCX at The O the Brat victory lap from a star reminding us she s still a fan first and foremost,https://www.loudandquiet.com/short/charli-xcx-the-o2-london-28-november-2024-live-review/,music
"Fri, 29 Nov 2024 13:51:24 +0000",The Pink Floyd Deep Cut That Perfectly Encapsulates The Wall,https://somethingelsereviews.com/2024/11/29/pink-floyd-one-of-my-turns/,music
"Fri, 30 Aug 2024 03:17:04 +0000",Vienna Boat Tour Cruise the Danube River with these Day Tours,https://thatbackpacker.com/vienna-boat-tour/,travel
"Fri, 30 Aug 2024 08:51:52 +0000",Driving Nevada s Extraterrestrial Highway A Road Trip in Search of Aliens,https://thatbackpacker.com/driving-extraterrestrial-highway-nevada/,travel
"Fri, 30 Aug 2024 14:22:17 +0000",Things to do in Seoul in Winter Mix of Indoor and Outdoor Fun,https://thatbackpacker.com/seoul-in-winter-things-to-do/,travel
"Fri, 31 May 2024 15:38:22 +0000",Eminem drops Houdini from The Death of Slim Shady LP,https://www.sonic1029.com/2024/05/31/eminem-drops-houdini-from-the-death-of-slim-shady-lp/,music
"Fri, 31 May 2024 15:49:24 +0000",Foster The People announce new album share Lost In Space,https://www.sonic1029.com/2024/05/31/foster-the-people-announce-new-album-share-lost-in-space/,music
"Fri, 31 May 2024 16:01:40 +0000",Beastie Boys to celebrate th anniversary of Ill Communication with deluxe reissue,https://www.sonic1029.com/2024/05/31/beastie-boys-to-celebrate-30th-anniversary-of-ill-communication-with-deluxe-reissue/,music
"Fri, 31 May 2024 16:08:19 +0000",Eddie Vedder covers Nine Inch Nails Hurt in Seattle,https://www.sonic1029.com/2024/05/31/eddie-vedder-covers-nine-inch-nails-hurt-in-seattle/,music
"Fri, 31 May 2024 16:15:18 +0000",AWOLNATION announce new album share Jump Sit Stand March,https://www.sonic1029.com/2024/05/31/awolnation-announce-new-album-share-jump-sit-stand-march/,music
"Mon, 02 Dec 2024 00:00:00 EST",Sober vacations can be fun AF alcohol free with these travel companies,https://www.10best.com/interests/healthy-travel/sober-vacations-sober-curious-travel/,travel
"Mon, 02 Dec 2024 01:15:00 CST",Central Banker Affirms Deflation Is a Benefit for the People,https://mises.org/power-market/central-banker-affirms-deflation-benefit-people,economics
"Mon, 02 Dec 2024 05:00:00 CST",The Fed s Price Stability Schemes Sow Economic Chaos,https://mises.org/mises-wire/feds-price-stability-schemes-sow-economic-chaos,economics
"Mon, 02 Dec 2024 05:00:00 CST",Taxes on the Rich versus Tariffs,https://mises.org/power-market/taxes-rich-versus-tariffs,economics
"Mon, 02 Dec 2024 05:03:00 CST",The Cultural Background of Ludwig von Mises,https://mises.org/podcasts/audio-essays/cultural-background-ludwig-von-mises,economics
"Mon, 02 Dec 2024 05:30:00 CST",What Happened to Black Friday Chaos and How the Market Solved It,https://mises.org/power-market/what-happened-black-friday-chaos-and-how-market-solved-it,economics
"Mon, 02 Dec 2024 06:00:00 CST",Hunter Biden s Pardon Is Exactly What We Should Expect from the US Regime,https://mises.org/power-market/hunter-bidens-pardon-exactly-what-we-should-expect-us-regime,economics
"Mon, 02 Dec 2024 12:00:00 CST",Why It s Time To Abolish the Department of Education,https://mises.org/mises-wire/why-its-time-abolish-department-education,economics
"Mon, 02 Dec 2024 13:34:53 +0000",Cold War Country by Joseph M Thompson Books,https://somethingelsereviews.com/2024/12/02/cold-war-country-nashville-music-row-pentagon-joseph-thompson/,music
"Mon, 02 Dec 2024 22:26:35 +0000",Elton John Reveals He Has Lost His Sight,https://www.noise11.com/news/elton-john-reveals-he-has-lost-his-sight-20241203,music
"Mon, 02 Dec 2024 22:34:36 +0000",Check Out The New KISS Video Of Last Ever Show,https://www.noise11.com/news/check-out-the-new-kiss-video-of-last-ever-show-20241203,music
"Mon, 02 Dec 2024 22:51:13 +0000",The Cure To Release Songs of a Lost World Live Album,https://www.noise11.com/news/the-cure-to-release-songs-of-a-lost-world-live-album-20241203,music
"Mon, 02 Sep 2024 05:14:31 +0000",Best Things to do in Hakodate Hokkaido,https://thatbackpacker.com/best-things-to-do-in-hakodate/,travel
"Mon, 02 Sep 2024 06:24:13 +0000",Tateyama Kurobe Alpine Route Crossing the Roof of Japan,https://thatbackpacker.com/tateyama-kurobe-alpine-route/,travel
"Mon, 03 Jun 2024 09:00:02 +0000",Definitions That Every Good Ally Should Know,https://www.sonic1029.com/2024/06/03/definitions-that-every-good-ally-should-know/,music
"Mon, 06 May 2024 20:00:23 +0000",More Than Chemical Facilities Better Prepared for Disasters,https://www.ucsusa.org/node/15457,science
"Mon, 06 May 2024 20:16:53 +0000",Billion Tons of Climate Pollution Avoided Thanks to New UCS backed Vehicle Standards,https://www.ucsusa.org/node/15458,science
"Mon, 06 May 2024 20:21:58 +0000",New EPA Rules Offer Billion in Climate and Health Benefits,https://www.ucsusa.org/node/15459,science
"Mon, 09 Dec 2024 02:00:00 CST",The World at War An Essential New Book from Ralph Raico,https://mises.org/mises-wire/world-war-essential-new-book-ralph-raico,economics
"Mon, 09 Dec 2024 02:06:10 +0000",Richard Marx Shows How A Real Musician Performs For Melbourne,https://www.noise11.com/news/richard-marx-shows-how-a-real-musician-performs-for-melbourne-20241209,music
"Mon, 09 Dec 2024 03:00:00 EST",The sober curious movement is gaining steam here s how to take part,https://www.10best.com/interests/healthy-travel/what-does-sober-curious-mean/,travel
"Mon, 09 Dec 2024 04:30:00 CST",The Limits to Public Opinion and the Failure of Democracy,https://mises.org/podcasts/audio-mises-wire/limits-public-opinion-and-failure-democracy,economics
"Mon, 09 Dec 2024 04:30:00 CST",Sound Money Movement Chalks Up Seven State Legislative Victories in,https://mises.org/podcasts/audio-mises-wire/sound-money-movement-chalks-seven-state-legislative-victories-2024,economics
"Mon, 09 Dec 2024 04:30:00 CST",Entrepreneurial Profit Follows Good Decisions Not Exploitation,https://mises.org/podcasts/audio-mises-wire/entrepreneurial-profit-follows-good-decisions-not-exploitation,economics
"Mon, 09 Dec 2024 04:30:00 CST",What Is Consent,https://mises.org/podcasts/audio-mises-wire/what-consent,economics
"Mon, 09 Dec 2024 04:30:00 CST",How the Government Created Exorbitant Insulin Prices,https://mises.org/podcasts/audio-mises-wire/how-government-created-exorbitant-insulin-prices,economics
"Mon, 09 Dec 2024 04:30:00 CST",Contrived Scarcity and Antitrust Lawsuits It s Not a Bag It s a Birkin,https://mises.org/podcasts/audio-mises-wire/contrived-scarcity-and-antitrust-lawsuits-its-not-bag-its-birkin,economics
"Mon, 09 Dec 2024 04:30:00 CST",Discrimination and Opportunities for Women,https://mises.org/podcasts/audio-mises-wire/discrimination-and-opportunities-women,economics
"Mon, 09 Dec 2024 04:30:00 CST",Historical Revisionism What It Is and What It Is Not,https://mises.org/podcasts/audio-mises-wire/historical-revisionism-what-it-and-what-it-not,economics
"Mon, 09 Dec 2024 05:00:00 CST",SS IDF Is Liquidating the North Gaza Ghetto,https://mises.org/power-market/ss-idf-liquidating-north-gaza-ghetto,economics
"Mon, 09 Dec 2024 05:00:00 CST",The Keynesian Liquidity Trap Fable,https://mises.org/mises-wire/keynesian-liquidity-trap-fable,economics
"Mon, 09 Dec 2024 05:39:51 +0000",Train To Tour Australia With KY Tunstall and Lifehouse s Jason Wade,https://www.noise11.com/news/train-to-tour-australia-with-ky-tunstall-and-lifehouses-jason-wade-20241209,music
"Mon, 09 Dec 2024 05:59:49 +0000",Royel Otis To Give Sydney A Coming Home Show For Christmas,https://www.noise11.com/news/royel-otis-to-give-sydney-a-coming-home-show-for-christmas-20241209,music
"Mon, 09 Dec 2024 06:00:00 CST",The Neocons and State of Israel Finally Get Their Regime Change in Syria,https://mises.org/power-market/neocons-and-state-israel-finally-get-their-regime-change-syria,economics
"Mon, 09 Dec 2024 06:19:52 +0000",Jay Z In Damage Control Over Rape Allegations,https://www.noise11.com/news/jay-z-in-damage-control-over-rape-allegations-20241209,music
"Mon, 09 Dec 2024 07:23:19 +0000",Trump Advocates Immediate Ceasefire Between Russia and Ukraine Amid NATO Concerns,https://www.shockya.com/news/2024/12/09/trump-advocates-immediate-ceasefire-between-russia-and-ukraine-amid-nato-concerns/,entertainment
"Mon, 09 Dec 2024 07:59:32 +0000",Alki David Buried Alive by a Million Lawsuit Hollywood Corruption and Syndicate Conspiracies The Rise of the Comeback Kid,https://www.shockya.com/news/2024/12/09/alki-david-buried-alive-by-a-900-million-lawsuit-hollywood-corruption-and-syndicate-conspiracies-the-rise-of-the-comeback-kid/,entertainment
"Mon, 09 Dec 2024 09:00:00 +0000",Present and Accounted For,https://www.nationalaffairs.com/blog/detail/findings-a-daily-roundup/present-and-accounted-for,economics
"Mon, 09 Dec 2024 09:00:00 GMT",Optimising Overland Conveying,https://www.worldcement.com/special-reports/09122024/optimising-overland-conveying/,world
"Mon, 09 Dec 2024 09:01:00 GMT",Abu Dhabi Investment Office partners with climate tech leader Partanna to decarbonise the concrete industry,https://www.worldcement.com/asia-pacific-rim/09122024/abu-dhabi-investment-office-partners-with-climate-tech-leader-partanna-to-decarbonise-the-concrete-industry/,world
"Mon, 09 Dec 2024 09:18:00 GMT",CRH announces Interim Chief Financial Officer,https://www.worldcement.com/the-americas/09122024/crh-announces-interim-chief-financial-officer/,world
"Mon, 09 Dec 2024 09:24:00 GMT",Berrima Cement Works upgraded carbon reducing technology officially opens,https://www.worldcement.com/asia-pacific-rim/09122024/berrima-cement-works-upgraded-carbon-reducing-technology-officially-opens/,world
"Mon, 09 Dec 2024 09:53:00 GMT",thyssenkrupp cooperates with Heidelberg Materials for the GeZero carbon capture project,https://www.worldcement.com/europe-cis/09122024/thyssenkrupp-cooperates-with-heidelberg-materials-for-the-gezero-carbon-capture-project/,world
"Mon, 09 Dec 2024 10:00:00 CST",Get Your Free Booklet by Tom DiLorenzo,https://mises.org/mises-wire/get-your-free-booklet-tom-dilorenzo,economics
"Mon, 09 Dec 2024 11:00:00 CST",Critical Race Theory and Racial Polylogism,https://mises.org/mises-wire/critical-race-theory-and-racial-polylogism,economics
"Mon, 09 Dec 2024 14:00:00 +0000",A squid inspired medical device could reduce the need for needles,https://www.sciencenews.org/article/squid-inspired-medical-device-needles,science
"Mon, 09 Dec 2024 14:17:12 +0000",Emily Remler Cookin At The Queens Live In Las Vegas,https://somethingelsereviews.com/2024/12/09/emily-remler-cookin-at-the-queens-live-in-las-vegas-1984-1988-2024/,music
"Mon, 09 Dec 2024 15:33:48 +0000",Girls Guide to the World Unveils Finland Itinerary for,https://www.travelagentcentral.com/tours/girls-guide-world-unveils-finland-itinerary-2025,travel
"Mon, 09 Dec 2024 16:00:00 +0000",Generative AI is an energy hog Is the tech worth the environmental cost,https://www.sciencenews.org/article/generative-ai-energy-environmental-cost,science
"Mon, 09 Dec 2024 16:40:18 +0000",Basic Income in Malaysia,https://basicincome.org/news/2024/12/basic-income-in-malaysia/,economics
"Mon, 09 Dec 2024 16:49:23 +0000",Everything You Need to Know for Disembarkation Day,https://porthole.com/everything-you-need-to-know-for-disembarkation-day/,travel
"Mon, 09 Dec 2024 16:54:11 +0000",The Used will play first three albums on th anniversary tour,https://www.altpress.com/the-used-anniversary-2025-tour-dates/,music
"Mon, 09 Dec 2024 17:33:58 +0000",The Seagate Debuts Multi Million Dollar Property Redesign,https://www.travelagentcentral.com/hotels/seagate-debuts-multi-million-dollar-property-redesign,travel
"Mon, 09 Dec 2024 19:38:49 +0000",On the road with Bane,https://www.altpress.com/bane-2024-tour-photos/,music
"Mon, 09 Dec 2024 20:00:00 +0000",The oldest known ritual chamber in the Middle East has been found,https://www.sciencenews.org/article/oldest-ritual-chamber-in-middle-east,science
"Mon, 09 Dec 2024 23:06:26 +0000",Songwriter To The Stars Jimmy Webb To Return To Australia in,https://www.noise11.com/news/songwriter-to-the-stars-jimmy-webb-to-return-to-australia-in-2025-20241210,music
"Mon, 09 Dec 2024 23:10:35 +0000",America s Middle Class In Aging Vehicles Carts Of Groceries And Mountains Of Credit Card Debt,http://theeconomiccollapseblog.com/americas-middle-class-in-2024-aging-vehicles-300-carts-of-groceries-and-mountains-of-credit-card-debt/,economics
"Mon, 09 Dec 2024 23:14:30 +0000",Guns N Roses To Play Saudi Arabia For the First Time,https://www.noise11.com/news/guns-n-roses-to-play-saudi-arabia-for-the-first-time-20241210,music
"Mon, 09 Sep 2024 21:11:12 +0000",James Earl Jones acclaimed actor and voice of Darth Vader dies at,https://www.sonic1029.com/2024/09/09/james-earl-jones-acclaimed-actor-and-voice-of-darth-vader-dies-at-93/,music
"Mon, 10 Jun 2024 15:29:16 +0000",School of Rock soundtrack available to stream for the first time ever,https://www.sonic1029.com/2024/06/10/school-of-rock-soundtrack-available-to-stream-for-the-first-time-ever/,music
"Mon, 10 Jun 2024 15:39:24 +0000",Drummer successfully plays every Foo Fighters song in one sitting for charity,https://www.sonic1029.com/2024/06/10/drummer-successfully-plays-every-foo-fighters-song-in-one-sitting-for-charity/,music
"Mon, 10 Jun 2024 15:49:59 +0000",The Black Keys Patrick Carney says the band got f cked ahead of tour cancellation,https://www.sonic1029.com/2024/06/10/the-black-keys-patrick-carney-says-the-band-got-fcked-ahead-of-tour-cancellation/,music
"Mon, 11 Jun 2018 05:00:00 GMT",Sausage Cheese Squares,https://www.tasteofhome.com/recipes/sausage-cheese-squares,food
"Mon, 14 Oct 2024 08:47:32 +0000",Security Firm Wins Prison Service Contract For Electronic Monitoring,https://nocamels.com/2024/10/security-firm-wins-prison-service-contract-for-electronic-monitoring/,tech
"Mon, 14 Oct 2024 13:37:39 +0000",Israeli GreenTech Making Our World A Happier Healthier Place,https://nocamels.com/2024/10/israeli-greentech-making-our-world-a-happier-healthier-place/,tech
"Mon, 14 Oct 2024 14:28:56 +0000",US Government Funding Development Of Israeli Ebola Treatment,https://nocamels.com/2024/10/us-government-funding-development-of-israeli-ebola-treatment/,tech
"Mon, 18 Nov 2024 00:00:23 +0000",Kim Deal Nobody Loves You More,https://www.loudandquiet.com/reviews/kim-deal-nobody-loves-you-more/,music
"Mon, 19 Aug 2024 19:58:30 +0000",Alien Romulus bites off million to top box office charts,https://www.sonic1029.com/2024/08/19/alien-romulus-bites-off-41-5-million-to-top-box-office-charts/,music
"Mon, 23 Sep 2024 07:14:22 +0000",Study Finds Traces Of Different Medications Among Eilat Corals,https://nocamels.com/2024/09/study-finds-traces-of-10-different-medications-among-eilat-corals/,tech
"Mon, 23 Sep 2024 14:21:21 +0000",Israeli Clean Energy Firm Supplying Power Cells To Mexico s State Utility,https://nocamels.com/2024/09/israeli-clean-energy-firm-supplying-power-cells-to-mexicos-state-utility/,tech
"Mon, 24 Jun 2024 13:22:30 +0000",Dave Grohl Takes A Swipe At Taylor Swift s Eras Tour We Actually Play Live,https://www.sonic1029.com/2024/06/24/dave-grohl-takes-a-swipe-at-taylor-swifts-eras-tour-we-actually-play-live/,music
"Mon, 24 Jun 2024 14:26:47 +0000",Bill Berry reflects on leaving R E M,https://www.sonic1029.com/2024/06/24/bill-berry-reflects-on-leaving-r-e-m/,music
"Mon, 24 Jun 2024 15:18:21 +0000",Dua Lipa and Coldplay s Glastonbury performances to be the first livestreamed globally,https://www.sonic1029.com/2024/06/24/dua-lipa-and-coldplays-glastonbury-performances-to-be-the-first-livestreamed-globally/,music
"Mon, 25 Nov 2024 15:23:11 +0000",Tower of Power Jennifer Hudson Ben Folds Others s Seasonal Sounds,https://somethingelsereviews.com/2024/11/25/tower-of-power-ben-folds-jennifer-hudson/,music
"Mon, 28 Oct 2024 09:29:23 +0000",Israel Gives Elbit M Contract For Laser Air Defense System,https://nocamels.com/2024/10/israel-gives-elbit-200m-contract-for-laser-air-defense-system/,tech
"Mon, 28 Oct 2024 15:56:41 +0000",BGU Develops Fast Fact Checking Via News Sources Not People,https://nocamels.com/2024/10/bgu-develops-fast-fact-checking-via-news-sources-not-people/,tech
"Mon, 28 Oct 2024 18:51:10 +0000",Forward Facing What Does The Future Hold For Israeli High Tech,https://nocamels.com/2024/10/forward-facing-what-does-the-future-hold-for-israeli-high-tech/,tech
"Mon, 29 Jul 2024 18:28:46 +0000",Alberta Day Of Caring for Jasper,https://www.sonic1029.com/2024/07/29/alberta-day-of-caring-for-jasper/,music
"Mon, 30 Sep 2024 04:01:12 +0000",Get curious Embracing your questions this National Day of Truth and Reconciliation,https://www.sonic1029.com/2024/09/29/get-curious-embracing-your-questions-this-national-day-of-truth-and-reconciliation-2/,music
"Mon, 30 Sep 2024 05:00:37 +0000",How to be an Indigenous ally,https://www.sonic1029.com/2024/09/29/how-to-be-an-indigenous-ally/,music
"Mon, 30 Sep 2024 07:44:22 +0000",GreenTech Startup Receives M European Sustainability Grant,https://nocamels.com/2024/09/greentech-startup-receives-e5m-european-sustainability-grant/,tech
"Mon, 30 Sep 2024 12:30:49 +0000",IIA Backs R D By Startup Using Bacteria To Help Crops Grow,https://nocamels.com/2024/09/iia-backs-rd-by-startup-using-bacteria-to-help-crops-grow/,tech
"Mon, 30 Sep 2024 12:33:42 +0000",Harnessing Our Own Bodies For Side Effect Free Weight Loss,https://nocamels.com/2024/09/harnessing-our-own-bodies-for-side-effect-free-weight-loss/,tech
"Sat, 01 Jun 2024 09:00:17 +0000",Blink s Enema of the State Celebrating Years of Pop Punk Perfection,https://www.sonic1029.com/2024/06/01/blink-182s-enema-of-the-state-celebrating-25-years-of-pop-punk-perfection/,music
"Sat, 07 Dec 2024 03:00:00 CST",Employed Workers Dwindle and Full Time Jobs Fall as the Fed Readies More Easy Money,https://mises.org/mises-wire/employed-workers-dwindle-and-full-time-jobs-fall-fed-readies-more-easy-money,economics
"Sat, 07 Dec 2024 06:00:00 CST",Fiscal Folly,https://mises.org/podcasts/minor-issues/fiscal-folly,economics
"Sat, 07 Dec 2024 08:00:00 CST",David Glasner on the Sraffa Hayek Debate,https://mises.org/podcasts/human-action-podcast/david-glasner-sraffa-hayek-debate,economics
"Sat, 07 Dec 2024 09:00:00 +0000",Living Off the Land,https://www.nationalaffairs.com/blog/detail/findings-a-daily-roundup/living-off-the-land,economics
"Sat, 07 Dec 2024 09:00:00 CST",Paul Krugman Rides into the Sunset,https://mises.org/mises-wire/paul-krugman-rides-sunset,economics
"Sat, 07 Dec 2024 12:00:00 CST",Atomic Salvation Did the Atom Bombs Save to Million Lives,https://mises.org/mises-wire/atomic-salvation-did-atom-bombs-save-500000-32-million-lives,economics
"Sat, 07 Dec 2024 12:00:00 CST",Federal Power and Statist Racecraft,https://mises.org/mises-wire/federal-power-and-statist-racecraft,economics
"Sat, 07 Dec 2024 22:18:41 +0000",Sabrina Carpenter To headline BST Hyde Park London,https://www.noise11.com/news/sabrina-carpenter-to-headline-bst-hyde-park-london-2025-20241208,music
"Sat, 07 Dec 2024 22:45:36 +0000",Coldplay s All My Love Video With Dick Van Dyke Is The Most Charming and Humble Video Ever Made,https://www.noise11.com/news/coldplays-all-my-love-video-with-dick-van-dyke-is-the-most-charming-and-humble-video-ever-made-20241208,music
"Sat, 09 Jun 2018 05:00:00 GMT",Monterey Spaghetti,https://www.tasteofhome.com/recipes/monterey-spaghetti,food
"Sat, 14 Dec 2024 00:00:00 +0000",For your weekend binge,https://www.komando.com/tips/for-your-weekend-binge/,tech
"Sat, 14 Dec 2024 00:00:00 +0000",Dexter Original Sin Premiere Christian Slater Breaks Down Harry s Reaction to His Son s First Kill,https://tvline.com/interviews/dexter-original-sin-premiere-christian-slater-first-kill-nurse-1235388245/,entertainment
"Sat, 14 Dec 2024 00:26:36 +0000",Dangerous Mitch McConnell a polio survivor slams proposal to eliminate polio vaccine,https://www.alternet.org/mitch-mcconnell-rfk-jr/,news
"Sat, 14 Dec 2024 01:00:00 CST",Nein Mr Gujer Germany Should Not Raise its Debt Limit,https://mises.org/power-market/nein-mr-gujer-germany-should-not-raise-its-debt-limit,economics
"Sat, 14 Dec 2024 01:09:42 +0000",Even when Kennedy is right he s totally wrong,https://www.alternet.org/kennedy-oil/,news
"Sat, 14 Dec 2024 01:33:18 EST",Justin Ishbia Looking To Buy Minnesota Twins,https://basketball.realgm.com/wiretap/278391/Justin-Ishbia-Looking-To-Buy-Minnesota-Twins,sport
"Sat, 14 Dec 2024 01:48:20 +0000",This is my issue Trump allies give ultimatum to GOP senator up for reelection,https://www.alternet.org/gop-senator-ultimatum/,news
"Sat, 14 Dec 2024 02:00:47 +0000",Outlander Recap The One Where Jamie Is Kind of a Jerk,https://tvline.com/recaps/outlander-season-7-episode-12-recap-carnal-knowledge-1235386754/,entertainment
"Sat, 14 Dec 2024 02:02:55 +0000",Outlander s David Berry Episode Is a Real Indictment of Jamie Watch Interview,https://tvline.com/interviews/outlander-jamie-beats-lord-john-season-7-episode-12-david-berry-interview-1235387479/,entertainment
"Sat, 14 Dec 2024 02:04:03 GMT",Denver business owners city leaders thrilled about plans to revamp downtown over the next decade,https://www.denver7.com/news/front-range/denver/denver-business-owners-city-leaders-thrilled-about-plans-to-revamp-downtown-over-the-next-decade,news
"Sat, 14 Dec 2024 02:06:58 GMT",Family wants answers after man left Denver nursing home died days later in Sheridan,https://www.denver7.com/news/investigations/family-wants-answers-after-man-left-denver-nursing-home-died-days-later-in-sheridan,news
"Sat, 14 Dec 2024 02:26:29 GMT",DPS students with disabilities learn life skills while helping district tackle mountain of laptop repairs,https://www.denver7.com/lifestyle/education/dps-students-with-disabilities-learn-life-skills-while-helping-district-tackle-mountain-of-laptop-repairs,news
"Sat, 14 Dec 2024 02:29:56 +0000",The Way Home Season to Air on Hallmark in January Reversing Streaming Plan That Angered Fans,https://tvline.com/news/the-way-home-season-3-hallmark-channel-release-date-1235388639/,entertainment
"Sat, 14 Dec 2024 02:54:07 +0000",Allow some of this to be privatized GOP gov admits goal of DOGE is to gut Social Security,https://www.alternet.org/gop-governor-social-security/,news
"Sat, 14 Dec 2024 03:22:01 +0000",Trump angrily confronted Boeing CEO upon learning Air Force One updates delayed until,https://www.alternet.org/trump-air-force-one/,news
"Sat, 14 Dec 2024 03:30:00 +0000",That s rich,https://www.komando.com/tips/thats-rich/,tech
"Sat, 14 Dec 2024 04:00:00 -0500",Want to Score a Life Changing Deal at Walmart The Secret Is Emotional Intelligence,https://www.inc.com/bill-murphy-jr/want-to-score-a-life-changing-deal-at-walmart-the-secret-is-emotional-intelligence/91064801,business
"Sat, 14 Dec 2024 04:30:00 -0500",Setting Your Goals Take a Tip from Arnold Schwarzenegger Who Dislikes January Resolutions,https://www.inc.com/carmine-gallo/setting-your-2025-goals-take-a-tip-from-arnold-schwarzenegger-who-dislikes-january-1-resolutions/91033678,business
"Sat, 14 Dec 2024 04:31:06 GMT",Lakewood PD identifies two juveniles as suspects after shooting at PetSmart,https://www.denver7.com/news/front-range/lakewood/lakewood-pd-identifies-two-juveniles-as-suspects-after-shooting-at-petsmart,news
"Sat, 14 Dec 2024 04:45:00 GMT",Denver Tool Library builds community through shared resources and skills,https://www.denver7.com/news/front-range/denver/denver-tool-library-builds-community-through-shared-resources-and-skills,news
"Sat, 14 Dec 2024 04:47:10 GMT",Denver Public Schools says software used to monitor students online activity is working,https://www.denver7.com/lifestyle/education/denver-public-schools-says-software-used-to-monitor-students-activity-online-is-working,news
"Sat, 14 Dec 2024 05:00:00 -0500",Emotionally Intelligent People Use Simple Phrases to Stop Passive Aggressive Behavior Get Respect and Strengthen Their Relationships,https://www.inc.com/justin-bariso/emotionally-intelligent-people-use-3-simple-phrases-to-stop-passive-aggressive-behavior-get-respect-and-strengthen-their-relationships/91065383,business
"Sat, 14 Dec 2024 05:08:12 GMT",Nuggets rout Clippers despite quiet night from Jokic,https://www.denver7.com/sports/nuggets/nuggets-rout-clippers-120-98-despite-quiet-night-from-jokic,news
"Sat, 14 Dec 2024 05:30:00 -0500",Books Warren Buffett Wants You to Read Heading Into,https://www.inc.com/marcel-schwantes/5-books-warren-buffett-wants-you-to-read-heading-into-2025/91065936,business
"Sat, 14 Dec 2024 05:41:37 +0000",Open Letter A Call for Kash Patel to Investigate Murders Tied to the Allred Spielberg Pellicano Girardi Syndicate,https://www.shockya.com/news/2024/12/14/open-letter-a-call-for-kash-patel-to-investigate-murders-tied-to-the-allred-spielberg-pellicano-girardi-syndicate/,entertainment
"Sat, 14 Dec 2024 06:00:00 -0500",Exclusive Convicted on Fraud Charges Carlos Watson Claims He s a Victim,https://www.inc.com/jennifer-conrad/fraud-carlos-watson-conviction/91064714,business
"Sat, 14 Dec 2024 06:00:00 CST",Legalizing Drugs How to Make America Great Again,https://mises.org/podcasts/minor-issues/legalizing-drugs-how-make-america-great-again,economics
"Sat, 14 Dec 2024 06:29:09 EST",OpenAI s legal battle with Elon Musk reveals internal turmoil over avoiding AI dictatorship,https://techxplore.com/news/2024-12-openai-legal-elon-musk-reveals.html,tech
"Sat, 14 Dec 2024 06:38:50 EST",Sophia a famous robot and global icon of AI wins hearts at Zimbabwe s innovation fair,https://techxplore.com/news/2024-12-sophia-famous-robot-global-icon.html,tech
"Sat, 14 Dec 2024 07:00:00 +0000",Set up your Wi Fi for easy sharing with guests,https://www.komando.com/tips/cybersecurity/set-up-your-wi-fi-for-easy-sharing-with-guests/,tech
"Sat, 14 Dec 2024 07:00:00 -0500",Rules for Going From Small to Big,https://www.inc.com/steve-strauss/4-rules-for-going-from-small-to-big/91065906,business
"Sat, 14 Dec 2024 07:30:00 -0500",Malcolm in the Middle Revival Starring Frankie Muniz Bryan Cranston Jane Kaczmarek Confirmed At Disney,https://decider.com/2024/12/14/malcolm-in-the-middle-revival-starring-frankie-muniz-bryan-cranston-jane-kaczmarek-confirmed-at-disney/,entertainment
"Sat, 14 Dec 2024 07:43:46 -0500",Vanderpump Rules Star James Kennedy Kicked Off Vegas DJ Residency Following Arrest,https://decider.com/2024/12/14/vanderpump-rules-star-james-kennedy-kicked-off-vegas-dj-residency-following-arrest/,entertainment
"Sat, 14 Dec 2024 08:00:00 -0500",Reasons Acquisition Deals Fail,https://www.inc.com/bruce-eckfeldt/4-reasons-acquisition-deals-fail/91063469,business
"Sat, 14 Dec 2024 08:00:00 -0500",The Way Home Moves Back To Hallmark Channel In Streaming Reversal Following Fan Backlash,https://decider.com/2024/12/14/the-way-home-moves-back-to-hallmark-channel-in-streaming-reversal-following-fan-backlash/,entertainment
"Sat, 14 Dec 2024 08:00:00 -0500",Shrinking Co Creator Bill Lawrence Cobie Smulders Cameo Marks the Beginning of Jimmy Moving Forward,https://decider.com/2024/12/14/shrinking-bill-lawrence-cobie-smulders/,entertainment
"Sat, 14 Dec 2024 08:12:30 EST",Paolo Banchero Not Close To Returning,https://basketball.realgm.com/wiretap/278392/Paolo-Banchero-Not-Close-To-Returning,sport
"Sat, 14 Dec 2024 08:21:34 EST",Devonte Graham Joins South Bay Lakers For G League Showcase,https://basketball.realgm.com/wiretap/278393/Devonte-Graham-Joins-South-Bay-Lakers-For-G-League-Showcase,sport
"Sat, 14 Dec 2024 09:00:00 -0500",I Was Just a Guest Judge on Shark Tank Harvard Here Are Lessons for the Next Generation of Founders,https://www.inc.com/sarah-paiji-yoo/i-was-just-a-guest-judge-on-shark-tank-harvard-here-are-3-lessons-for-the-next-generation-of-founders/91063549,business
"Sat, 14 Dec 2024 09:00:00 -0500",Outlander Star Charles Vandervaart Quotes Taylor Swift to Sum Up William Ransom s Arc This Week It s Me Hi I m the Problem It s Me,https://decider.com/2024/12/14/outlander-season-7-episode-12-william-ransom-charles-vandervaart-interview/,entertainment
"Sat, 14 Dec 2024 09:00:00 GMT",High school pupils deliver joy,https://www.westcoasttoday.co.uk/news/high-school-pupils-deliver-joy,news
"Sat, 14 Dec 2024 09:09:10 +0000",Biden Administration Accused of Sabotaging Border Wall Efforts Ahead of Trump s Return,https://www.shockya.com/news/2024/12/14/biden-administration-accused-of-sabotaging-border-wall-efforts-ahead-of-trumps-return/,entertainment
"Sat, 14 Dec 2024 09:15:00 -0500",Stream It Or Skip It Joker Folie a Deux on Max a Maudlin Sequel That Doesn t Let Lady Gaga Save It,https://decider.com/2024/12/14/joker-2-streaming-movie-review/,entertainment
"Sat, 14 Dec 2024 09:26:09 +0000",Biden s Clemency for Corrupt Officials Sparks Outrage Among Victims,https://www.shockya.com/news/2024/12/14/bidens-clemency-for-corrupt-officials-sparks-outrage-among-victims/,entertainment
"Sat, 14 Dec 2024 10:00:00 -0500",Avoid Cringe and Connect with Gen Z,https://www.inc.com/robin-landa/avoid-cringe-and-connect-with-gen-z/91034436,business
"Sat, 14 Dec 2024 10:20:53 +0000",Sun news for December Jets continue flare production up,https://earthsky.org/sun/sun-news-activity-solar-flare-cme-aurora-updates/,science
"Sat, 14 Dec 2024 10:40:01 EST",Tech companies claim AI can recognize human emotions But the science doesn t stack up,https://techxplore.com/news/2024-12-tech-companies-ai-human-emotions.html,tech
"Sat, 14 Dec 2024 10:40:08 +0000",Visible planets and night sky guide for December,https://earthsky.org/astronomy-essentials/visible-planets-tonight-mars-jupiter-venus-saturn-mercury/,science
"Sat, 14 Dec 2024 11:00:00 -0500",This Year Embrace Facilitation Over the Myth of Superheroes,https://www.inc.com/larry-robertson/this-year-embrace-facilitation-over-the-myth-of-superheroes/91034441,business
"Sat, 14 Dec 2024 11:01:03 EST",Wizards Focused On Development Despite Mounting Losses,https://basketball.realgm.com/wiretap/278394/Wizards-Focused-On-Development-Despite-Mounting-Losses,sport
"Sat, 14 Dec 2024 11:17:01 EST",Get Your Latest NBA News From RealGM s Basketball Wiretap,https://basketball.realgm.com/news,sport
"Sat, 14 Dec 2024 12:00:33 +0000",December full moon is near Jupiter,https://earthsky.org/tonight/december-full-moon-mimics-the-june-sun/,science
"Sat, 14 Dec 2024 12:44:14 +0000",Doesn t make sense Business leaders poised for clash with Trump over immigration,https://www.alternet.org/business-leaders-trump-immigration/,news
"Sat, 14 Dec 2024 13:00:57 +0000",Webb finds smallest asteroids yet in the asteroid belt,https://earthsky.org/space/smallest-asteroids-asteroid-belt-webb-space-telescope-mit/,science
"Sat, 14 Dec 2024 14:05:20 +0000",Former FBI official has real concern Trump nom would have unrestrained power if confirmed,https://www.alternet.org/kash-patel-fbi-power/,news
"Sat, 14 Dec 2024 14:06:25 +0000",North Florida Ospreys vs UNCG Spartans live stream info start time TV channel How to watch NCAA Basketball on TV stream online,https://www.cbssports.com/college-basketball/news/north-florida-ospreys-vs-uncg-spartans-live-stream-info-start-time-tv-channel-how-to-watch-ncaa-basketball-on-29566714/,sport
"Sat, 14 Dec 2024 14:06:45 +0000",Oregon State Beavers vs UC Irvine Anteaters How to watch NCAA Basketball online TV channel live stream info start time,https://www.cbssports.com/college-basketball/news/oregon-state-beavers-vs-uc-irvine-anteaters-how-to-watch-ncaa-basketball-online-tv-channel-live-stream-info-29575222/,sport
"Sat, 14 Dec 2024 14:07:00 +0000",Watch Utah State Aggies vs South Florida Bulls How to live stream TV channel start time for Saturday s NCAA Basketball game,https://www.cbssports.com/college-basketball/news/watch-utah-state-aggies-vs-south-florida-bulls-how-to-live-stream-tv-channel-start-time-for-saturdays-ncaa-29541604/,sport
"Sat, 14 Dec 2024 14:07:25 +0000",Watch Boise State Broncos vs Saint Mary s Gaels TV channel live stream info start time,https://www.cbssports.com/college-basketball/news/watch-boise-state-broncos-vs-saint-marys-gaels-tv-channel-live-stream-info-start-time-29541596/,sport
"Sat, 14 Dec 2024 14:08:29 +0000",How to watch Arizona State Sun Devils vs Florida Gators NCAA Basketball live stream info TV channel start time game odds,https://www.cbssports.com/college-basketball/news/how-to-watch-arizona-state-sun-devils-vs-florida-gators-ncaa-basketball-live-stream-info-tv-channel-start-time-29541536/,sport
"Sat, 14 Dec 2024 14:08:43 +0000",Watch Utah Utes vs Radford Highlanders How to live stream TV channel start time for Saturday s NCAA Basketball game,https://www.cbssports.com/college-basketball/news/watch-utah-utes-vs-radford-highlanders-how-to-live-stream-tv-channel-start-time-for-saturdays-ncaa-basketball-29571269/,sport
"Sat, 14 Dec 2024 14:08:48 +0000",Alabama Crimson Tide vs Creighton Bluejays How to watch live stream TV channel NCAA Basketball start time,https://www.cbssports.com/college-basketball/news/alabama-crimson-tide-vs-creighton-bluejays-how-to-watch-live-stream-tv-channel-ncaa-basketball-start-time-29541576/,sport
"Sat, 14 Dec 2024 14:08:59 +0000",VCU Rams vs Colo State Rams How to watch schedule live stream info start time TV channel,https://www.cbssports.com/college-basketball/news/vcu-rams-vs-colo-state-rams-how-to-watch-schedule-live-stream-info-start-time-tv-channel-29541614/,sport
"Sat, 14 Dec 2024 14:09:41 +0000",Ohio State Buckeyes vs Auburn Tigers live stream info start time TV channel How to watch NCAA Basketball on TV stream online,https://www.cbssports.com/college-basketball/news/ohio-state-buckeyes-vs-auburn-tigers-live-stream-info-start-time-tv-channel-how-to-watch-ncaa-basketball-on-tv-29541556/,sport
"Sat, 14 Dec 2024 14:09:50 +0000",How to watch UCLA Bruins vs Arizona Wildcats NCAA Basketball live stream info TV channel start time game odds,https://www.cbssports.com/college-basketball/news/how-to-watch-ucla-bruins-vs-arizona-wildcats-ncaa-basketball-live-stream-info-tv-channel-start-time-game-odds-29541602/,sport
"Sat, 14 Dec 2024 14:10:57 +0000",College football odds picks predictions for bowl season playoffs Model loves Michigan LSU,https://www.cbssports.com/college-football/news/college-football-odds-picks-predictions-for-2024-25-bowl-season-playoffs-model-loves-michigan-lsu/,sport
"Sat, 14 Dec 2024 14:14:45 +0000",Ontario is not having it Trump reportedly set stage for Canada to cut off U S energy,https://www.alternet.org/trump-canada/,news
"Sat, 14 Dec 2024 14:16:18 +0000",Our big fear How Trump s plan to privatize USPS could have disastrous consequences,https://www.alternet.org/trump-privatize-usps/,news
"Sat, 14 Dec 2024 14:18:28 +0000",Trump being sent signals it s going to be ugly if some nominees don t drop out NBC,https://www.alternet.org/trump-nominees-2670453765/,news
"Sat, 14 Dec 2024 14:26:29 +0000",Elon Musk isn t the only CEO suck up to Trump,https://www.alternet.org/trump-billionaires/,news
"Sat, 14 Dec 2024 14:31:57 +0000",NFL odds lines picks spreads bets predictions what to bet for Week Model backing Texans Bills,https://www.cbssports.com/nfl/news/nfl-odds-lines-picks-spreads-bets-predictions-what-to-bet-for-week-15-2024-model-backing-texans-bills/,sport
"Sat, 14 Dec 2024 14:33:36 +0000",Mitt Romney makes a startling admission about Republican policies and the working class,https://www.alternet.org/romney-trump/,news
"Sat, 14 Dec 2024 14:37:39 +0000",Self learning AI unveils NFL against the spread over under money line picks for every Week game,https://www.cbssports.com/nfl/news/self-learning-ai-unveils-nfl-against-the-spread-over-under-money-line-picks-for-every-week-15-2024-game/,sport
"Sat, 14 Dec 2024 14:41:18 +0000",Week NFL picks odds best bets from advanced model This way football parlay pays out,https://www.cbssports.com/nfl/news/2024-week-15-nfl-picks-odds-best-bets-from-advanced-model-this-5-way-football-parlay-pays-out-25-1/,sport
"Sat, 14 Dec 2024 14:42:36 +0000",Illinois vs Tennessee odds prediction college basketball picks Dec best bets by proven model,https://www.cbssports.com/college-basketball/news/illinois-vs-tennessee-odds-prediction-2024-college-basketball-picks-dec-14-best-bets-by-proven-model/,sport
"Sat, 14 Dec 2024 14:44:44 +0000",Biden pardon of kids for cash judge sparks outrage,https://www.alternet.org/kids-for-cash/,news
"Sat, 14 Dec 2024 14:47:16 +0000",Week NFL score predictions game picks odds Model gives exact scores from simulations,https://www.cbssports.com/nfl/news/2024-week-15-nfl-score-predictions-game-picks-odds-model-gives-exact-scores-from-10000-simulations/,sport
"Sat, 14 Dec 2024 14:49:30 +0000",Army vs Navy Game prediction pick spread football game odds where to watch TV channel live stream,https://www.cbssports.com/college-football/news/2024-army-vs-navy-game-prediction-pick-spread-football-game-odds-where-to-watch-tv-channel-live-stream/,sport
"Sat, 14 Dec 2024 14:52:05 +0000",Fantasy football rankings Model s best NFL Week QB RB WR TE kicker defense picks sleepers,https://www.cbssports.com/fantasy/football/news/fantasy-football-2024-rankings-models-best-nfl-week-15-qb-rb-wr-te-kicker-defense-picks-sleepers/,sport
"Sat, 14 Dec 2024 14:52:14 +0000",Why A Charlie Brown Christmas almost didn t air and why it endures,https://www.alternet.org/charlie-brown-christmas/,news
"Sat, 14 Dec 2024 14:57:22 +0000",Memphis vs Clemson prediction odds time college basketball picks Dec bets by proven model,https://www.cbssports.com/college-basketball/news/memphis-vs-clemson-prediction-odds-time-2024-college-basketball-picks-dec-14-bets-by-proven-model/,sport
"Sat, 14 Dec 2024 14:59:00 GMT",Lochgilphead farm and motocross track up for sale,https://www.westcoasttoday.co.uk/news/lochgilphead-farm-and-motocross-track-up-for-sale,news
"Sat, 14 Dec 2024 15:00:34 +0000",How to watch San Jose State Spartans vs Cal Poly Mustangs NCAA Basketball live stream info TV channel start time game odds,https://www.cbssports.com/college-basketball/news/how-to-watch-san-jose-state-spartans-vs-cal-poly-mustangs-ncaa-basketball-live-stream-info-tv-channel-start-29570687/,sport
"Sat, 14 Dec 2024 15:00:39 +0000",How to watch Nevada Wolf Pack vs Texas So Tigers NCAA Basketball live stream info TV channel start time game odds,https://www.cbssports.com/college-basketball/news/how-to-watch-nevada-wolf-pack-vs-texas-so-tigers-ncaa-basketball-live-stream-info-tv-channel-start-time-game-29570685/,sport
"Sat, 14 Dec 2024 15:00:41 +0000",Sacramento State Hornets vs UC Davis Aggies How to watch online live stream info start time TV channel,https://www.cbssports.com/college-basketball/news/sacramento-state-hornets-vs-uc-davis-aggies-how-to-watch-online-live-stream-info-start-time-tv-channel-29560632/,sport
"Sat, 14 Dec 2024 15:01:34 +0000",Week NFL betting guide odds props AI expert model parlay DFS and season long fantasy picks revealed,https://www.cbssports.com/nfl/news/week-15-nfl-betting-guide-odds-props-ai-expert-model-parlay-dfs-and-season-long-fantasy-picks-revealed/,sport
"Sat, 14 Dec 2024 15:04:41 +0000",NFL odds Week lines ATS predictions game picks tips times Model simulates each game times,https://www.cbssports.com/nfl/news/nfl-odds-week-15-lines-ats-predictions-game-picks-tips-times-model-simulates-each-game-10000-times/,sport
"Sat, 14 Dec 2024 15:07:37 +0000",Week NFL score predictions odds picks today Expert unveils exact scores for all games,https://www.cbssports.com/nfl/news/2024-week-15-nfl-score-predictions-odds-picks-today-expert-unveils-exact-scores-for-all-16-games/,sport
"Sat, 14 Dec 2024 15:10:43 +0000",Jackson Arnold transfers to Auburn Tigers address big priority as former Oklahoma QB remains in SEC,https://www.cbssports.com/college-football/news/jackson-arnold-transfers-to-auburn-tigers-address-big-priority-as-former-oklahoma-qb-remains-in-sec/,sport
"Sat, 14 Dec 2024 15:16:51 +0000",NFL DFS Week Top FanDuel DraftKings daily Fantasy football picks include Ja Marr Chase Rachaad White,https://www.cbssports.com/nfl/news/nfl-dfs-week-15-top-fanduel-draftkings-daily-fantasy-football-picks-include-jamarr-chase-rachaad-white/,sport
"Sat, 14 Dec 2024 15:18:25 +0000",UConn vs Gonzaga odds prediction college basketball picks Dec best bets by proven computer model,https://www.cbssports.com/college-basketball/news/uconn-vs-gonzaga-odds-prediction-2024-college-basketball-picks-dec-14-best-bets-by-proven-computer-model/,sport
"Sat, 14 Dec 2024 15:20:00 +0000",NFL million parlay picks odds Get a gargantuan legger from football experts and advanced model,https://www.cbssports.com/nfl/news/nfl-1-million-parlay-picks-odds-get-a-gargantuan-16-legger-from-football-experts-and-advanced-model/,sport
"Sat, 14 Dec 2024 15:23:59 +0000",NFL picks this week Vegas odds bets Week expert predictions against the spread parlay props,https://www.cbssports.com/nfl/news/nfl-picks-this-week-vegas-odds-bets-week-15-2024-expert-predictions-against-the-spread-parlay-props/,sport
"Sat, 14 Dec 2024 15:26:00 +0000",British farmers are having to fight off the radical right conspiracy theorists and climate sceptics,https://www.alternet.org/farmers-2670453837/,news
"Sat, 14 Dec 2024 15:27:24 +0000",college football bowl season score predictions odds picks Projections from simulations,https://www.cbssports.com/college-football/news/2024-college-football-bowl-season-score-predictions-odds-picks-projections-from-10000-simulations/,sport
"Sat, 14 Dec 2024 15:29:41 +0000",NFL player props QB WR RB TE picks Week AI prop predictions Russell Wilson over yards,https://www.cbssports.com/nfl/news/nfl-player-props-qb-wr-rb-te-picks-week-15-2024-ai-prop-predictions-russell-wilson-over-195-5-yards/,sport
"Sat, 14 Dec 2024 15:32:06 +0000",Human settlement of Mars isn t as far off as you might think,https://www.alternet.org/life-on-mars/,news
"Sat, 14 Dec 2024 15:33:49 +0000",NFL DFS Optimizer releases Week daily fantasy football lineups projections for DraftKings FanDuel,https://www.cbssports.com/nfl/news/nfl-dfs-optimizer-releases-week-15-2024-daily-fantasy-football-lineups-projections-for-draftkings-fanduel/,sport
"Sat, 14 Dec 2024 15:37:10 +0000",How to bet on college football bowl season Sportsbook promos best odds picks for upcoming games,https://www.cbssports.com/college-football/news/how-to-bet-on-2024-25-college-football-bowl-season-sportsbook-promos-best-odds-picks-for-upcoming-games/,sport
"Sat, 14 Dec 2024 15:45:29 +0000",It s time to decimate the Republicans standing with the public and the press,https://www.alternet.org/alternet-exclusives/republicans-media/,news
"Sat, 14 Dec 2024 15:51:13 +0000",CEO shooting suspect may win with this very strong public political defense lawyer,https://www.alternet.org/ceo-shooting-suspect-defense/,news
"Sat, 14 Dec 2024 15:58:00 GMT",Kintyre Way hosts step up for the walking revolution,https://www.westcoasttoday.co.uk/news/kintyre-way-hosts-step-up-for-the-walking-revolution,news
"Sat, 14 Dec 2024 16:00:00 +0000",Saturday Night s Main Event How to Watch Tonight s WWE Primetime Special Online,https://tvline.com/news/how-to-watch-saturday-nights-main-event-online-match-card-1235388343/,entertainment
"Sat, 14 Dec 2024 16:00:23 +0000",Where to watch Army vs Navy Game TV channel live stream football game kickoff time on CBS,https://www.cbssports.com/college-football/news/where-to-watch-2024-army-vs-navy-game-tv-channel-live-stream-football-game-kickoff-time-on-cbs/,sport
"Sat, 14 Dec 2024 16:12:49 +0000",College basketball picks schedule Predictions for Tennessee vs Illinois and more Top games on Saturday,https://www.cbssports.com/college-basketball/news/college-basketball-picks-schedule-predictions-for-tennessee-vs-illinois-and-more-top-25-games-on-saturday/,sport
"Sat, 16 Jun 2018 05:00:00 GMT",Firecracker Casserole,https://www.tasteofhome.com/recipes/firecracker-casserole,food
"Sat, 30 Nov 2024 13:35:19 +0000",Jazz Guitarist Juan Dhas Discusses Aether Something Else Interview,https://somethingelsereviews.com/2024/11/30/juan-dhas-aether-interview/,music
"Sat, 31 Aug 2024 18:40:34 +0000",things to do in Vienna Austria on your Visit,https://thatbackpacker.com/things-to-do-in-vienna/,travel
"Sun, 01 Dec 2024 04:30:00 CST",Nine Months of Javier Milei as President of Argentina A Critical Assessment,https://mises.org/podcasts/audio-mises-wire/nine-months-javier-milei-president-argentina-critical-assessment,economics
"Sun, 01 Dec 2024 04:30:00 CST",Don t Knock Nock,https://mises.org/podcasts/audio-mises-wire/dont-knock-nock,economics
"Sun, 01 Dec 2024 04:30:00 CST",How Intellectual Property Laws Stifle Innovation,https://mises.org/podcasts/audio-mises-wire/how-intellectual-property-laws-stifle-innovation,economics
"Sun, 01 Dec 2024 10:00:00 CST",A Chance to Double Your Gift,https://mises.org/mises-wire/chance-double-your-gift-0,economics
"Sun, 01 Dec 2024 14:09:55 +0000",Dan Blacksberg The Psychic Body Sound System,https://somethingelsereviews.com/2024/12/01/dan-blacksburg-the-psychic-body-sound-system/,music
"Sun, 01 Dec 2024 21:02:35 +0000",We Have Never Seen An Economic War Quite Like This,http://theeconomiccollapseblog.com/we-have-never-seen-an-economic-war-quite-like-this/,economics
"Sun, 01 Sep 2024 00:04:36 +0000",Vienna Bike Tour Best Biking Tours in the Austrian Capital,https://thatbackpacker.com/vienna-bike-tour/,travel
"Sun, 01 Sep 2024 12:46:53 +0000",Osaka Bike Tours Best Bike Tours to Explore Osaka Like a Local,https://thatbackpacker.com/osaka-bike-tours/,travel
"Sun, 01 Sep 2024 17:51:37 +0000",Wine Tours in Vienna Sip Your Way Across Vienna s Vineyards,https://thatbackpacker.com/wine-tours-in-vienna/,travel
"Sun, 06 Oct 2024 08:08:44 +0000",Israel Sending Green Tech Firms To UN Climate Conference,https://nocamels.com/2024/10/israel-sending-20-green-tech-firms-to-un-climate-conference/,tech
"Sun, 06 Oct 2024 13:24:30 +0000",Innovative Music Festival Platform Is Helping Israelis To Dance Again,https://nocamels.com/2024/10/innovative-music-festival-platform-is-helping-israelis-to-dance-again/,tech
"Sun, 06 Oct 2024 14:02:10 +0000",Water Management Pioneer Unveils Unique New Anti Leak Platform,https://nocamels.com/2024/10/water-management-pioneer-unveils-unique-new-anti-leak-platform/,tech
"Sun, 08 Dec 2024 00:45:16 +0000",Trump Takes the Global Stage as Pre Inauguration Agenda Gains Momentum,https://www.shockya.com/news/2024/12/08/trump-takes-the-global-stage-as-pre-inauguration-agenda-gains-momentum/,entertainment
"Sun, 08 Dec 2024 01:48:49 +0000",Paul McCartney Is In The Money Quite Literally,https://www.noise11.com/news/paul-mccartney-is-in-the-money-quite-literally-20241208,music
"Sun, 08 Dec 2024 06:58:22 +0000",Biden s Energy Policies Undermine NATO s Efforts Against Russia,https://www.shockya.com/news/2024/12/08/bidens-energy-policies-undermine-natos-efforts-against-russia/,entertainment
"Sun, 08 Dec 2024 09:00:00 +0000",Selling Choice,https://www.nationalaffairs.com/blog/detail/findings-a-daily-roundup/selling-choice,economics
"Sun, 08 Dec 2024 11:00:00 CST",Minimum Wage Laws Can t Repeal the Laws of Economics,https://mises.org/mises-wire/minimum-wage-laws-cant-repeal-laws-economics,economics
"Sun, 08 Dec 2024 13:33:40 +0000",Dolly Parton Is Allowing Anyone To Audience For Her Broadway Musical,https://www.noise11.com/news/dolly-parton-is-allowing-anyone-to-audience-for-her-broadway-musical-20241209,music
"Sun, 08 Dec 2024 13:49:41 +0000",Nik B rtsch s Ronin SPIN,https://somethingelsereviews.com/2024/12/08/nik-bartschs-ronin-spin-2024/,music
"Sun, 08 Dec 2024 20:27:18 +0000",Doing Bitcoin the Basic Income Way,https://basicincome.org/news/2024/12/doing-bitcoin-the-basic-income-way/,economics
"Sun, 08 Dec 2024 22:00:43 +0000",Nicko McBrain Retires From Iron Maiden Simon Dawson is the New Guy,https://www.noise11.com/news/nicko-mcbrain-retires-from-iron-maiden-simon-dawson-is-the-new-guy-20241209,music
"Sun, 08 Dec 2024 22:03:03 +0000",Unconditional The film,https://basicincome.org/news/2024/12/unconditional-the-film/,economics
"Sun, 08 Dec 2024 22:33:16 +0000",Syria Has Fallen Who Are The Winners Who Are The Losers And What Is Next For The Middle East,http://theeconomiccollapseblog.com/syria-has-fallen-who-are-the-winners-who-are-the-losers-and-what-is-next-for-the-middle-east/,economics
"Sun, 10 Jun 2018 05:00:00 GMT",Shredded Steak Sandwiches,https://www.tasteofhome.com/recipes/shredded-steak-sandwiches,food
"Sun, 13 Oct 2024 08:43:55 +0000",IAI Launches First US Innovation Center New Accelerator Program,https://nocamels.com/2024/10/iai-launches-first-us-innovation-center-new-accelerator-program/,tech
"Sun, 13 Oct 2024 13:29:00 +0000",New Program Supporting Early Stage Construction Startups In North,https://nocamels.com/2024/10/new-program-supporting-early-stage-construction-startups-in-north/,tech
"Sun, 17 Jun 2018 05:00:00 GMT",Layered BLT Dip,https://www.tasteofhome.com/recipes/layered-blt-dip,food
"Sun, 17 Nov 2024 00:01:44 +0000",Father John Misty Mahashmashana,https://www.loudandquiet.com/reviews/father-john-misty-mahashmashana/,music
"Sun, 17 Nov 2024 20:58:33 +0000",Iceland Airwaves and the success of a country bothering to invest in its musicians,https://www.loudandquiet.com/short/iceland-airwaves-2024-and-the-success-of-a-country-bothering-to-invest-in-its-musicians/,music
"Sun, 22 Sep 2024 15:40:11 +0000",Israeli Farm Management Firm Acquires US Nitrogen Sensing Startup,https://nocamels.com/2024/09/israeli-farm-management-firm-acquires-us-nitrogen-sensing-startup/,tech
"Sun, 27 Oct 2024 11:07:21 +0000",Israeli US Firms Team Up To Develop AI Models For Devices,https://nocamels.com/2024/10/israeli-us-firms-team-up-to-develop-ai-models-for-devices/,tech
"Sun, 27 Oct 2024 13:33:21 +0000",TAU s Booze Proof Hornets Could Help Research Into Alcoholism,https://nocamels.com/2024/10/taus-drunk-proof-hornets-could-help-research-into-alcoholism/,tech
"Sun, 29 Sep 2024 09:42:24 +0000",Israeli Tech Used In New Chinese Driver Assistance System,https://nocamels.com/2024/09/israeli-tech-used-in-new-chinese-driver-assistance-system/,tech
"Sun, 29 Sep 2024 14:19:43 +0000",Study Automated Endoscopic Suturing Aids Significant Weight Loss,https://nocamels.com/2024/09/study-automated-endoscopic-suturing-aids-significant-weight-loss/,tech
"Thu, 01 Aug 2024 15:58:03 +0000",Jack White announces new solo album No Name,https://www.sonic1029.com/2024/08/01/jack-white-announces-new-solo-album-no-name/,music
"Thu, 03 Oct 2024 20:28:33 +0000",The Beaches Pearl Jam Noah Kahan included in Record Store Day Black Friday,https://www.sonic1029.com/2024/10/03/the-beaches-pearl-jam-noah-kahan-included-in-record-store-day-black-friday-2024/,music
"Thu, 04 Jul 2024 15:09:47 +0000",Queens of the Stone Age to perform concert inside the Catacombs of Paris,https://www.sonic1029.com/2024/07/04/queens-of-the-stone-age-to-perform-concert-inside-the-catacombs-of-paris/,music
"Thu, 04 Jul 2024 15:16:12 +0000",Mark Foster of Foster The People mashes up Eminem and Dua Lipa s Houdini songs,https://www.sonic1029.com/2024/07/04/mark-foster-of-foster-the-people-mashes-up-eminem-and-dua-lipas-houdini-songs/,music
"Thu, 04 Jul 2024 15:21:43 +0000",Coldplay share feelslikeimfallinginlove music video,https://www.sonic1029.com/2024/07/04/coldplay-share-feelslikeimfallinginlove-music-video/,music
"Thu, 05 Dec 2024 00:00:00 EST",Every Elvis Presley fan should take this Memphis to Tupelo road trip,https://www.10best.com/interests/explore/memphis-to-tupelo-elvis-road-trip/,travel
"Thu, 05 Dec 2024 00:10:00 +0000",expert reaction to NICE final draft guidance on tirzepatide for obesity,https://www.sciencemediacentre.org/expert-reaction-to-nice-final-draft-guidance-on-tirzepatide-for-obesity/,science
"Thu, 05 Dec 2024 00:28:47 +0000",Cold Chisel Completes Australian Dates But New Zealand Is Yet To Come,https://www.noise11.com/news/cold-chisel-completes-australian-dates-but-new-zealand-is-yet-to-come-20241205,music
"Thu, 05 Dec 2024 01:59:02 CST",The FBI Has Been Political from the Start,https://mises.org/podcasts/guns-and-butter/fbi-has-been-political-start,economics
"Thu, 05 Dec 2024 03:00:00 CST",Elon Musk and The Grace Commission Report,https://mises.org/power-market/elon-musk-and-grace-commission-report,economics
"Thu, 05 Dec 2024 03:00:00 CST",There Is No Appetite for Fed Reform in Washington,https://mises.org/power-market/there-no-appetite-fed-reform-washington,economics
"Thu, 05 Dec 2024 04:30:00 CST",Trump Faces a Mess of an Economy,https://mises.org/podcasts/radio-rothbard/trump-faces-mess-economy,economics
"Thu, 05 Dec 2024 05:00:00 CST",Prices Are Not Measurements of Value,https://mises.org/mises-wire/prices-are-not-measurements-value,economics
"Thu, 05 Dec 2024 05:46:53 +0000",Leo Sayer Premieres Wonderworld Video,https://www.noise11.com/news/leo-sayer-premieres-wonderworld-video-20241205,music
"Thu, 05 Dec 2024 06:13:54 +0000",Iva Davies Wants His Stolen Les Paul Guitar Back,https://www.noise11.com/news/iva-davies-wants-his-stolen-les-paul-guitar-back-20241205,music
"Thu, 05 Dec 2024 06:25:05 +0000",Sir Brian May s Wife Lady Anita Gives Updates on his Health,https://www.noise11.com/news/sir-brian-mays-wife-lady-anita-gives-updates-on-his-health-20241205,music
"Thu, 05 Dec 2024 06:46:09 +0000",Sum Are A Last Minute Good Things Drop Out,https://www.noise11.com/news/sum-41-are-a-last-minute-good-things-drop-out-20241205,music
"Thu, 05 Dec 2024 08:00:00 CST",Slash Military Spending Defense Budgets are Bigger than Ever Before,https://mises.org/mises-wire/slash-military-spending-defense-budgets-are-bigger-ever,economics
"Thu, 05 Dec 2024 09:00:00 +0000",Success,https://www.nationalaffairs.com/blog/detail/findings-a-daily-roundup/success,economics
"Thu, 05 Dec 2024 09:04:00 GMT",Rohrdorfer invests Million in new dosing silo for granulated blast furnace slag,https://www.worldcement.com/product-news/05122024/rohrdorfer-invests-13-million-in-new-dosing-silo-for-granulated-blast-furnace-slag/,world
"Thu, 05 Dec 2024 09:11:00 GMT",Material Evolution announces UK s largest ultra low carbon cement plant now operational,https://www.worldcement.com/europe-cis/05122024/material-evolution-announces-uks-largest-ultra-low-carbon-cement-plant-now-operational/,world
"Thu, 05 Dec 2024 12:00:00 CST",What Has Government Done to Our Money,https://mises.org/mises-wire/what-has-government-done-our-money-1,economics
"Thu, 05 Dec 2024 16:22:08 +0000",Hyatt Shares Plans for New Luxury and Lifestyle Brands,https://www.travelagentcentral.com/hotels/hyatt-plans-luxury-and-lifestyle-hotel-openings-next-two-years,travel
"Thu, 05 Dec 2024 19:10:00 +0000",expert reaction to study of single mutation in bovine influenza H N hemagglutinin and specificity to human receptors,https://www.sciencemediacentre.org/expert-reaction-to-study-of-single-mutation-in-bovine-influenza-h5n1-hemagglutinin-and-specificity-to-human-receptors/,science
"Thu, 05 Dec 2024 21:33:19 +0000",WEF Survey Shows That Business Leaders Are Deeply Concerned That A Global Recession Is Coming,http://theeconomiccollapseblog.com/wef-survey-shows-that-business-leaders-are-deeply-concerned-that-a-global-recession-is-coming/,economics
"Thu, 05 Sep 2024 22:17:49 +0000",Linkin Park reveal new singer announce first new album since,https://www.sonic1029.com/2024/09/05/linkin-park-reveal-new-singer-announce-first-new-album-since-2017/,music
"Thu, 06 Jun 2024 18:08:16 +0000",Billie Eilish shares CHIHIRO music video,https://www.sonic1029.com/2024/06/06/billie-eilish-shares-chihiro-music-video/,music
"Thu, 06 Jun 2024 18:15:00 +0000",Pharrell William s LEGO biopic gets first trailer,https://www.sonic1029.com/2024/06/06/pharrell-williams-lego-biopic-gets-first-trailer/,music
"Thu, 06 Jun 2024 18:34:52 +0000",Plain White T s react to Drake s remix of Hey There Delilah,https://www.sonic1029.com/2024/06/06/plain-white-ts-react-to-drakes-remix-of-hey-there-delilah/,music
"Thu, 07 Apr 2016 01:01:54 EDT",Charles Barkley The NBA Should Move The All Star Game From Charlotte Due To Anti LGBT Law,http://mediamatters.org/video/209809,politics
"Thu, 07 Apr 2016 01:23:11 EDT",Mississippi Newspapers Criticize State Legislature For Passing Anti LGBT Law,http://mediamatters.org/research/209813,politics
"Thu, 07 Apr 2016 01:37:03 EDT",Wash Post Reporter It s Pretty Remarkable That Cable News Channels Have Shunned Trump Ally Roger Stone,http://mediamatters.org/blog/209812,politics
"Thu, 07 Apr 2016 01:51:18 EDT",Fox Host Claims That America Has Helped Enough With Syrian Refugee Crisis,http://mediamatters.org/video/209814,politics
"Thu, 07 Apr 2016 03:54:39 EDT",A Look Back At Fox News Interviews With Obama Ahead Of His Sunday Network Appearance,http://mediamatters.org/research/209815,politics
"Thu, 07 Apr 2016 04:21:53 EDT",Latest CMP Video Deceptively Attacks Planned Parenthood s Patient Consent Process,http://mediamatters.org/research/209816,politics
"Thu, 07 Apr 2016 06:20:54 EDT",Fox s Bolling Criticizes Paid Family Leave Socialism Is Spreading Across America,http://mediamatters.org/video/209819,politics
"Thu, 07 Apr 2016 07:06:51 EDT",How The Wash Post Kicked Off The Qualified Argument Between Clinton And Sanders,http://mediamatters.org/research/209818,politics
"Thu, 07 Apr 2016 08:35:15 EDT",Bill O Reilly Says Ted Cruz Is Right About New York City Values,http://mediamatters.org/video/209821,politics
"Thu, 07 Apr 2016 09:33:31 EDT",Trump Adviser To MSNBC s Chris Hayes I Admire The Passion In Stone s Threat To Disclose Delegate s Hotel Rooms,http://mediamatters.org/video/209824,politics
"Thu, 07 Apr 2016 09:46:16 EDT",On MSNBC Ex GOP Staffer Details How The Purpose Of Voter ID Laws Is To Take People s Constitutional Rights Away,http://mediamatters.org/video/209825,politics
"Thu, 07 Apr 2016 11:06:40 EDT",Jessica Williams And Transgender Activists Debunk The Bathroom Predator Myth On The Daily Show,http://mediamatters.org/video/209804,politics
"Thu, 07 Apr 2016 11:11:53 EDT",Morning Joe Panel Hillary Clinton Clearly Did Not Say Bernie Sanders Was Not Qualified To Be President,http://mediamatters.org/video/209808,politics
"Thu, 07 Apr 2016 11:18:55 EDT",The Fox Primary For March Trump Widens His Airtime Lead,http://mediamatters.org/blog/209785,politics
"Thu, 07 Apr 2016 12:19:02 EDT",Ellen DeGeneres Mississippi s Anti LGBT Bill Is The Definition Of Discrimination,http://mediamatters.org/video/209810,politics
"Thu, 07 Nov 2024 19:03:13 +0000",Join us on Remembrance Day,https://www.sonic1029.com/2024/11/07/join-us-on-remembrance-day/,music
"Thu, 10 Oct 2024 08:06:05 +0000",Johnson Johnson Completes Purchase Of Israeli Startup V Wave,https://nocamels.com/2024/10/johnson-johnson-completes-purchase-of-israeli-startup-v-wave/,tech
"Thu, 10 Oct 2024 14:04:49 +0000",Israeli Cybersecurity Startup To Provide Training For IDF,https://nocamels.com/2024/10/israeli-cybersecurity-startup-to-provide-training-for-idf/,tech
"Thu, 11 Jul 2024 15:02:42 +0000",Former Red Hot Chili Peppers guitarist Josh Klinghoffer sued for wrongful death,https://www.sonic1029.com/2024/07/11/former-red-hot-chili-peppers-guitarist-josh-klinghoffer-sued-for-wrongful-death/,music
"Thu, 11 Jul 2024 15:22:54 +0000",Nirvana and Marc Jacobs settle lawsuit over smiley face logo,https://www.sonic1029.com/2024/07/11/nirvana-and-marc-jacobs-settle-lawsuit-over-smiley-face-logo/,music
"Thu, 11 Jul 2024 15:30:28 +0000",The Killers pause London concert to watch England win Euro semi final,https://www.sonic1029.com/2024/07/11/the-killers-pause-london-concert-to-watch-england-win-euro-semi-final/,music
"Thu, 12 Dec 2024 00:00:00 EST",These hidden gems in Florida go way beyond the typical tourist trap,https://www.10best.com/interests/explore/hidden-gems-in-florida/,travel
"Thu, 12 Dec 2024 00:36:22 +0000",Todd Rundgren To Play Australia Again In,https://www.noise11.com/news/todd-rundgren-to-play-australia-again-in-2025-20241212,music
"Thu, 12 Dec 2024 01:00:00 CST",No A Continuing Resolution Is Not a Stopgap,https://mises.org/power-market/no-continuing-resolution-not-stopgap,economics
"Thu, 12 Dec 2024 01:00:00 CST",The USS Liberty and America s Greatest Ally,https://mises.org/power-market/uss-liberty-and-americas-greatest-ally-0,economics
"Thu, 12 Dec 2024 01:19:21 EST",Rockets Thunder Hawks Bucks Advance To NBA Cup Semifinals,https://basketball.realgm.com/wiretap/278369/Rockets-Thunder-Hawks-Bucks-Advance-To-NBA-Cup-Semifinals,sport
"Thu, 12 Dec 2024 01:23:32 EST",Bronny James To Play First G League Road Game On Thursday,https://basketball.realgm.com/wiretap/278370/Bronny-James-To-Play-First-G-League-Road-Game-On-Thursday,sport
"Thu, 12 Dec 2024 01:31:36 EST",Cavs Expected To Look For Wing Defense In Trade Market,https://basketball.realgm.com/wiretap/278371/Cavs-Expected-To-Look-For-Wing-Defense-In-Trade-Market,sport
"Thu, 12 Dec 2024 04:00:00 CST",Who Ultimately Pays the Cost of Protective Tariffs,https://mises.org/power-market/who-ultimately-pays-cost-protective-tariffs,economics
"Thu, 12 Dec 2024 04:30:00 CST",Why Politicians Love Tariffs,https://mises.org/podcasts/radio-rothbard/why-politicians-love-tariffs,economics
"Thu, 12 Dec 2024 05:00:00 CST",Provoked The Long Train of Abuses that Culminated in the Ukraine War,https://mises.org/mises-wire/provoked-long-train-abuses-culminated-ukraine-war,economics
"Thu, 12 Dec 2024 05:00:00 CST",The Bailout Fallacy,https://mises.org/misesian/bailout-fallacy,economics
"Thu, 12 Dec 2024 05:00:00 CST",Selections from Our Enemy the State Supports Summit,https://mises.org/misesian/selections-our-enemy-state-supports-summit-2024,economics
"Thu, 12 Dec 2024 05:11:03 +0000",Kyle Jackie O Are Literally KIIS Anchors,https://www.noise11.com/news/kyle-jackie-o-are-literally-kiis-anchors-20241212,music
"Thu, 12 Dec 2024 05:15:00 CST",Printing Power The Central Bank and the State,https://mises.org/misesian/printing-power-central-bank-and-state,economics
"Thu, 12 Dec 2024 05:30:00 CST",The Second Trump Term and the Sanctions Industrial Complex,https://mises.org/mises-wire/second-trump-term-and-sanctions-industrial-complex,economics
"Thu, 12 Dec 2024 06:00:00 CST",The Misesian vol no,https://mises.org/library/periodical/misesian-vol-1-no-6-2024,economics
"Thu, 12 Dec 2024 06:00:00 CST",Nock s Enemy the State,https://mises.org/misesian/nocks-enemy-state,economics
"Thu, 12 Dec 2024 06:09:25 +0000",Don Walker s Sister Dies In Tragic Car Accident In Perth,https://www.noise11.com/news/don-walkers-sister-dies-in-tragic-car-accident-in-perth-20241212,music
"Thu, 12 Dec 2024 06:15:00 CST",Economists and the State From Enemies to Friends,https://mises.org/misesian/economists-and-state-enemies-friends,economics
"Thu, 12 Dec 2024 06:21:13 +0000",Watch the Extended Preview of Bob Dylan A Complete Unknown Starring Timoth e Chalamet,https://www.noise11.com/news/watch-the-extended-preview-of-bob-dylan-a-complete-unknown-starring-timothee-chalamet-20241212,music
"Thu, 12 Dec 2024 07:44:29 EST",Jimmy Butler Interested In Joining Nets In Free Agency,https://basketball.realgm.com/wiretap/278372/Jimmy-Butler-Interested-In-Joining-Nets-In-Free-Agency,sport
"Thu, 12 Dec 2024 07:55:32 EST",Chris Paul Says He May Retire In A Year Or Two,https://basketball.realgm.com/wiretap/278373/Chris-Paul-Says-He-May-Retire-In-A-Year-Or-Two,sport
"Thu, 12 Dec 2024 08:00:00 CST",Stakeholder Capitalism and the Corporate KPI Cult,https://mises.org/mises-wire/stakeholder-capitalism-and-corporate-kpi-cult,economics
"Thu, 12 Dec 2024 08:40:00 GMT",Cemex celebrates million t of alternative fuel used at its Rugby Cement Plant,https://www.worldcement.com/europe-cis/12122024/cemex-celebrates-1-million-t-of-alternative-fuel-used-at-its-rugby-cement-plant/,world
"Thu, 12 Dec 2024 09:00:00 +0000",Whose Advantage,https://www.nationalaffairs.com/blog/detail/findings-a-daily-roundup/whose-advantage,economics
"Thu, 12 Dec 2024 09:52:42 EST",Rethinking construction Circular economy offers sustainable future,https://techxplore.com/news/2024-12-rethinking-circular-economy-sustainable-future.html,tech
"Thu, 12 Dec 2024 10:38:31 EST",AI s human like traits Are we blurring the line between man and machine,https://techxplore.com/news/2024-12-ai-human-traits-blurring-line.html,tech
"Thu, 12 Dec 2024 10:50:01 EST",A Meta outage hit Facebook Instagram WhatsApp and more here s what we know so far,https://techxplore.com/news/2024-12-meta-outage-facebook-instagram-whatsapp.html,tech
"Thu, 12 Dec 2024 10:50:41 EST",LeBron James Unlikely To Play At Wolves Will Have Eight Days Off If Back For Grizzlies On Sunday,https://basketball.realgm.com/wiretap/278374/LeBron-James-Unlikely-To-Play-At-Wolves-Will-Have-Eight-Days-Off-If-Back-For-Grizzlies-On-Sunday,sport
"Thu, 12 Dec 2024 10:54:13 +0000",Biden Rumored to Consider Fauci Preemptive Pardon Amid Trump Era Prosecution Threats,https://www.shockya.com/news/2024/12/12/biden-rumored-to-consider-fauci-preemptive-pardon-amid-trump-era-prosecution-threats/,entertainment
"Thu, 12 Dec 2024 11:06:07 EST",The least bad option for fixing New York s traffic woes,https://techxplore.com/news/2024-12-bad-option-york-traffic-woes.html,tech
"Thu, 12 Dec 2024 11:07:24 EST",Stealing AI models New technique enables theft without hacking into a device,https://techxplore.com/news/2024-12-ai-technique-enables-theft-hacking.html,tech
"Thu, 12 Dec 2024 11:35:51 EST",Jimmy Butler Hasn t Requested Trade Would Still Like To Sign Extension With Heat,https://basketball.realgm.com/wiretap/278375/Jimmy-Butler-Hasnt-Requested-Trade-Would-Still-Like-To-Sign-Extension-With-Heat,sport
"Thu, 12 Dec 2024 11:39:31 +0000",expert reaction to new legislation being laid in Parliament today on new regulatory framework for clinical trials,https://www.sciencemediacentre.org/expert-reaction-to-new-legislation-being-laid-in-parliament-today-on-new-regulatory-framework-for-clinical-trials/,science
"Thu, 12 Dec 2024 11:41:10 +0000",Astronomers map giant starspots on distant XX Trianguli,https://earthsky.org/space/astronomers-map-starspots-xx-trianguli/,science
"Thu, 12 Dec 2024 12:12:00 GMT",Ladies are in the pink as cancer support group celebrates event milestone,https://www.westcoasttoday.co.uk/news/celebrating-the-11th-pink-ladies-day-a-heartfelt-success,news
"Thu, 12 Dec 2024 12:16:36 EST",Quantum algorithms can break generative AI bottlenecks,https://techxplore.com/news/2024-12-quantum-algorithms-generative-ai-bottlenecks.html,tech
"Thu, 12 Dec 2024 12:49:02 EST",Just add water Researchers extend lithium metal battery lifespan by,https://techxplore.com/news/2024-12-lithium-metal-battery-lifespan.html,tech
"Thu, 12 Dec 2024 12:51:03 EST",Low cost vortex beam generators could boost G G networks,https://techxplore.com/news/2024-12-vortex-generators-boost-5g6g-networks.html,tech
"Thu, 12 Dec 2024 13:19:22 EST",Cybersecurity insider threats fall into seven categories says researcher,https://techxplore.com/news/2024-12-cybersecurity-insider-threats-fall-categories.html,tech
"Thu, 12 Dec 2024 13:27:54 EST",DoorDash steps up driver ID checks after traffic safety complaints,https://techxplore.com/news/2024-12-doordash-driver-id-traffic-safety.html,tech
"Thu, 12 Dec 2024 13:28:24 EST",Nearly half of US teens are online constantly report finds,https://techxplore.com/news/2024-12-teens-online-constantly-pew.html,tech
"Thu, 12 Dec 2024 13:30:01 EST",US hikes tariffs on imports of Chinese solar wafers polysilicon and tungsten products,https://techxplore.com/news/2024-12-hikes-tariffs-imports-chinese-solar.html,tech
"Thu, 12 Dec 2024 14:00:00 +0000",Earth s inner core may be changing shape,https://www.sciencenews.org/article/inner-core-changing-shape-earth,science
"Thu, 12 Dec 2024 14:00:02 EST",Beyond batteries Researchers bring body heat powered wearable devices closer to reality,https://techxplore.com/news/2024-12-batteries-body-powered-wearable-devices.html,tech
"Thu, 12 Dec 2024 14:04:04 EST",Unlocking the black box Scientists reveal AI s hidden thoughts,https://techxplore.com/news/2024-12-black-scientists-reveal-ai-hidden.html,tech
"Thu, 12 Dec 2024 14:41:04 EST",Data scientists help find space on crowded power grid in the Netherlands,https://techxplore.com/news/2024-12-scientists-space-crowded-power-grid.html,tech
"Thu, 12 Dec 2024 14:52:02 EST",Educational AI model incorporates teaching theories into its training process,https://techxplore.com/news/2024-12-ai-incorporates-theories.html,tech
"Thu, 12 Dec 2024 15:00:00 GMT",Gigha s emergency helipad officially opens,https://www.westcoasttoday.co.uk/news/gighas-emergency-helipad-officially-opens,news
"Thu, 12 Dec 2024 15:30:55 EST",Google renews push into mixed reality headgear,https://techxplore.com/news/2024-12-google-renews-reality-headgear.html,tech
"Thu, 12 Dec 2024 15:34:38 EST",YouTube TV is hiking its monthly price again Here s what to know,https://techxplore.com/news/2024-12-youtube-tv-hiking-monthly-price.html,tech
"Thu, 12 Dec 2024 15:54:27 +0000",Royal Caribbean Introduces Royal Beach Club Paradise Island,https://porthole.com/royal-caribbean-introduces-royal-beach-club-paradise-island/,travel
"Thu, 12 Dec 2024 15:55:55 +0000",KHM Travel Group Launches New Advisor Facing Website,https://www.travelagentcentral.com/your-business/khm-travel-group-launches-new-website,travel
"Thu, 12 Dec 2024 15:55:57 +0000",Winter Travel Outlook Snow and Sun Escapes Surge as Airfare Drops,https://www.travelagentcentral.com/your-business/winter-travel-outlook-snow-and-sun-escapes-surge-airfare-drops,travel
"Thu, 12 Dec 2024 15:58:13 +0000",Wates Group Pension to Transfer Members to UK Superfund,https://www.ai-cio.com/news/wates-group-pension-to-transfer-1500-members-to-uk-superfund/?utm_source=rss-feed&utm_medium=news&utm_campaign=feed,finance
"Thu, 12 Dec 2024 16:00:00 +0000",These are the viruses that defined,https://www.sciencenews.org/article/the-viruses-that-defined-2024,science
"Thu, 12 Dec 2024 16:11:13 EST",Coming soon offline speech recognition on your phone,https://techxplore.com/news/2024-12-offline-speech-recognition.html,tech
"Thu, 12 Dec 2024 16:19:47 EST",RealGM Radio Mo Dakhil On NBA Cup Action Latest Jimmy Butler Trade Buzz,https://basketball.realgm.com/wiretap/278377/RealGM-Radio-Mo-Dakhil-On-NBA-Cup-Action-Latest-Jimmy-Butler-Trade-Buzz,sport
"Thu, 12 Dec 2024 16:23:03 EST",Turning D printing s biggest flaw into its smartest feature,https://techxplore.com/news/2024-12-3d-biggest-flaw-smartest-feature.html,tech
"Thu, 12 Dec 2024 16:25:00 GMT",Inveraray coastguards thanked with King s Coronation medals,https://www.westcoasttoday.co.uk/news/inveraray-coastguards-thanked-with-kings-coronation-medals,news
"Thu, 12 Dec 2024 16:46:05 EST",AI at scale method accelerates atomistic simulations for scientists,https://techxplore.com/news/2024-12-ai-scale-method-atomistic-simulations.html,tech
"Thu, 12 Dec 2024 16:49:51 +0000",Wellness Tourism Association Recognizes Its First Wellness Destination,https://www.travelagentcentral.com/your-business/wellness-tourism-association-recognizes-its-first-wellness-destination,travel
"Thu, 12 Dec 2024 16:52:44 +0000",MSNBC Ratings Plunge Key Shows See Historic Lows Amid Mounting Challenges,https://www.shockya.com/news/2024/12/12/msnbc-ratings-plunge-key-shows-see-historic-lows-amid-mounting-challenges/,entertainment
"Thu, 12 Dec 2024 17:03:14 +0000",New Direct Flights Launch From the U S to the Caribbean,https://www.travelagentcentral.com/transportation/new-direct-flights-us-caribbean,travel
"Thu, 12 Dec 2024 17:24:27 +0000",Buffalo Bills Miami Dolphins Finalize NFL s st Private Equity Investments,https://www.ai-cio.com/news/buffalo-bills-miami-dolphins-finalize-nfls-1st-private-equity-investments/?utm_source=rss-feed&utm_medium=news&utm_campaign=feed,finance
"Thu, 12 Dec 2024 18:38:05 +0000",Atlas Ocean Voyages CEO No Longer Leaving Will Remain at Helm,https://www.travelagentcentral.com/cruises/atlas-ocean-voyages-ceo-no-longer-leaving-will-remain-helm,travel
"Thu, 12 Dec 2024 18:42:16 -0500",Evidence Lacking for Million Increase in Drug Spending,https://www.inc.com/reuters/evidence-lacking-for-815-million-increase-in-2023-drug-spending/91065399,business
"Thu, 12 Dec 2024 18:56:00 +0000",best albums of,https://www.altpress.com/best-albums-2024/,music
"Thu, 12 Dec 2024 18:56:48 +0000",Intrepid Unveils New Trips for,https://www.travelagentcentral.com/tours/intrepid-unveils-55-new-trips-2025,travel
"Thu, 12 Dec 2024 18:57:47 -0500",White House Cracks Down on Overdraft Fees,https://www.inc.com/associated-press/white-house-cracks-down-on-overdraft-fees/91065402,business
"Thu, 12 Dec 2024 19:00:00 +0000",Neandertal genes in people today came from hook ups around years ago,https://www.sciencenews.org/article/neandertal-mate-people-47000-years-ago,science
"Thu, 12 Dec 2024 19:04:55 +0000",The Blob an unprecedented marine heat wave killed million seabirds,https://www.sciencenews.org/article/blob-marine-heat-wave-killed-seabirds,science
"Thu, 12 Dec 2024 19:07:16 +0000",California Passes First in the Nation Bidirectional EV Charging Bill,https://www.ucsusa.org/node/15745,science
"Thu, 12 Dec 2024 19:12:22 +0000",Big Tex License Plate Now Available,https://cravedfw.com/2024/12/12/big-tex-license-plate-now-available/,food
"Thu, 12 Dec 2024 19:30:58 +0000",Deli News A Dallas Staple for Classic Delicatessen Fare,https://cravedfw.com/2024/12/12/deli-news-a-dallas-staple-for-classic-delicatessen-fare/,food
"Thu, 12 Dec 2024 20:21:09 +0000",Celebrate the Holidays at Jos with Festive Cocktails D cor and Gift Kits,https://cravedfw.com/2024/12/12/celebrate-the-holidays-at-jose-with-festive-cocktails-decor-and-gift-kits/,food
"Thu, 12 Dec 2024 20:36:31 +0000",Millions of Midwesterners Benefit from Milestone Clean Energy Investment,https://www.ucsusa.org/node/15746,science
"Thu, 12 Dec 2024 21:20:12 +0000",Ohio Passes Bill Barring State Pension Funds University Endowments From Prioritizing ESG in Investing Stakeholder Activism,https://www.ai-cio.com/news/ohio-passes-bill-barring-state-pension-funds-university-endowments-from-esg-investing-stakeholder-activism/?utm_source=rss-feed&utm_medium=news&utm_campaign=feed,finance
"Thu, 12 Dec 2024 21:36:05 +0000",This Holiday Season Enjoy DCT s A Charlie Brown Christmas,https://cravedfw.com/2024/12/12/this-holiday-season-enjoy-dcts-a-charlie-brown-christmas/,food
"Thu, 12 Dec 2024 22:00:28 +0000",Experience a Bit of Dallas History at St Martins Wine Bistro,https://cravedfw.com/2024/12/12/experience-a-bit-of-dallas-history-at-st-martins-wine-bistro/,food
"Thu, 12 Dec 2024 22:32:09 +0000",Falling Off A Cliff This Chart Proves That We Are In A Major Economic Downturn Right Now,http://theeconomiccollapseblog.com/falling-off-a-cliff-this-chart-proves-that-we-are-in-a-major-economic-downturn-right-now/,economics
"Thu, 12 Dec 2024 22:33:15 +0000",Dallas Restaurants Over Years Old Worth Rediscovering,https://cravedfw.com/2024/12/12/dallas-restaurants-over-50-years-old-worth-rediscovering/,food
"Thu, 12 Dec 2024 22:39:47 +0000",NASA s Perseverance rover found a new potential setting for Martian life,https://www.sciencenews.org/article/nasa-perseverance-rover-potential-life-setting,science
"Thu, 12 Dec 2024 22:57:30 -0500",NYSE Bell Ringers Have Run the Gamut From Celebrities to Muppets,https://www.inc.com/associated-press/nyse-bell-ringers-have-run-the-gamut-from-celebrities-to-muppets/91065472,business
"Thu, 12 Dec 2024 23:39:16 -0500",Meta Donates Million to Trump s Inauguration,https://www.inc.com/associated-press/meta-donates-1-million-to-trumps-inauguration/91065476,business
"Thu, 12 Dec 2024 23:40:00 +0000",expert reaction to study looking at population health displacement versus benefits of new drugs recommended by NICE the NHS in England during,https://www.sciencemediacentre.org/expert-reaction-to-study-looking-at-population-health-displacement-versus-benefits-of-new-drugs-recommended-by-nice-the-nhs-in-england-during-2000-20/,science
"Thu, 13 Jun 2024 18:23:10 +0000",R E M reunite for first joint interview in years,https://www.sonic1029.com/2024/06/13/r-e-m-reunite-for-first-joint-interview-in-30-years/,music
"Thu, 13 Jun 2024 18:32:19 +0000",Liam Gallagher dedicates Cigarettes Alcohol to Dave Grohl at London gig,https://www.sonic1029.com/2024/06/13/liam-gallagher-dedicates-cigarettes-alcohol-to-dave-grohl-at-london-gig/,music
"Thu, 13 Jun 2024 18:38:10 +0000",Coldplay announce new single feelslikeimfallinginlove,https://www.sonic1029.com/2024/06/13/coldplay-announce-new-single-feelslikeimfallinginlove/,music
"Thu, 14 Jun 2018 05:00:00 GMT",Creamy Buffalo Chicken Dip,https://www.tasteofhome.com/recipes/creamy-buffalo-chicken-dip,food
"Thu, 14 Nov 2024 18:02:56 +0000",Linkin Park announce World Tour share new track Two Faced,https://www.sonic1029.com/2024/11/14/linkin-park-announce-2025-world-tour-share-new-track-two-faced/,music
"Thu, 17 Feb 2022 21:16:27 +0000",Kathryn on Fox Friends Remembering Rush One Year Later,https://www.rushlimbaugh.com/daily/2022/02/17/kathryn-on-fox-friends-remembering-rush-one-year-later/,politics
"Thu, 17 Jun 2021 19:06:00 +0000",Lori Lightweight Loses It,https://www.rushlimbaugh.com/daily/2021/06/17/lori-lighweight-loses-it/,politics
"Thu, 17 Jun 2021 19:08:00 +0000",Chuck Barkley Cancels Himself Blasts Woke Cowards,https://www.rushlimbaugh.com/daily/2021/06/17/chuck-barkley-cancels-himself-blasts-woke-cowards/,politics
"Thu, 17 Jun 2021 19:09:00 +0000",Build the Wall Free State of Texas Does the Job Biden Won t Do,https://www.rushlimbaugh.com/daily/2021/06/17/build-the-wall-free-state-of-texas-does-the-job-biden-wont-do/,politics
"Thu, 17 Jun 2021 19:10:00 +0000",Rootin For Putin May Become a Bumper Sticker Since He Clearly Bested Bumbling Biden,https://www.rushlimbaugh.com/daily/2021/06/17/biden-putin/,politics
"Thu, 17 Mar 2016 05:00:00 GMT",How to Prepare Freeze Compound Butter,,food
"Thu, 17 Mar 2016 05:00:00 GMT",Honey Barbecued Chicken,https://www.tasteofhome.com/meal-of-the-day/2016/03/17,food
"Thu, 19 Aug 2021 11:15:00 +0000",All Episodes The Man Behind the Golden EIB Microphone Podcast,https://www.rushlimbaugh.com/daily/2021/08/19/rush-limbaugh-the-man-behind-the-eib-microphone-podcast/,politics
"Thu, 20 Jun 2024 17:05:52 +0000",The Tragically Hip share Up To Here outtake Get Back Again,https://www.sonic1029.com/2024/06/20/the-tragically-hip-share-up-to-here-outtake-get-back-again/,music
"Thu, 20 Jun 2024 17:46:48 +0000",Tom Morello wrote his upcoming solo single with his year old son,https://www.sonic1029.com/2024/06/20/tom-morello-wrote-his-upcoming-solo-single-with-his-13-year-old-son/,music
"Thu, 20 Jun 2024 20:22:09 +0000",Hotel Mira share new track King Of The World,https://www.sonic1029.com/2024/06/20/hotel-mira-share-new-track-king-of-the-world/,music
"Thu, 26 Sep 2024 08:29:09 +0000",Israeli Facial Recognition Tech Deployed To Fight Shoplifting in US,https://nocamels.com/2024/09/israeli-facial-recognition-tech-in-use-to-fight-shoplifting-in-us/,tech
"Thu, 26 Sep 2024 13:26:38 +0000",Israeli Device Is New Drug Free Solution For Men Coping With ED,https://nocamels.com/2024/09/israeli-device-is-new-drug-free-solution-for-men-coping-with-ed/,tech
"Thu, 27 Jun 2024 15:20:34 +0000",Eddie Vedder covers The English Beat s Save It For Later for The Bear,https://www.sonic1029.com/2024/06/27/eddie-vedder-covers-the-english-beats-save-it-for-later-for-the-bear/,music
"Thu, 27 Jun 2024 15:25:30 +0000",Cage The Elephant share Out Loud music video,https://www.sonic1029.com/2024/06/27/cage-the-elephant-share-out-loud-music-video/,music
"Thu, 27 Jun 2024 15:46:20 +0000",Beck performs Paper Tiger with a full orchestra on Kimmel,https://www.sonic1029.com/2024/06/27/beck-performs-paper-tiger-with-a-full-orchestra-on-kimmel/,music
"Thu, 27 Jun 2024 19:59:53 +0000",Avril Lavigne appointed to the Order of Canada,https://www.sonic1029.com/2024/06/27/avril-lavigne-appointed-to-the-order-of-canada/,music
"Thu, 28 Nov 2024 00:00:00 EST",big travel trends in F ck it lists micro cruising and more,https://www.10best.com/interests/travel-tips/top-travel-trends-2025/,travel
"Thu, 29 Aug 2024 10:52:44 +0000",Vienna Food Tour Schnitzel Strudel and Sachertorte,https://thatbackpacker.com/vienna-food-tour/,travel
"Thu, 30 May 2024 06:00:44 +0000",How To Support Your SLGBTQIA Child When Coming Out To You,https://www.sonic1029.com/2024/05/30/how-to-support-your-2slgbtq-child-when-coming-out-to-you/,music
"Thu, 30 May 2024 06:00:50 +0000",Five SLGBTQIA Books To Read During Pride Month,https://www.sonic1029.com/2024/05/30/five-2slgbtq-books-to-read-during-pride-month/,music
"Thu, 31 Oct 2024 12:00:58 +0000",Editors Readers Choice Favorite NoCamels Articles,https://nocamels.com/2024/10/editors-readers-choice-10-favorite-nocamels-articles/,tech
"Thu, 31 Oct 2024 17:13:57 +0000",Israeli AI Safety Tool Among TIME S Best Inventions For,https://nocamels.com/2024/10/israeli-ai-safety-tool-among-times-best-inventions-for-2024/,tech
"Tue, 01 Oct 2024 07:59:34 +0000",Tel Aviv University Ranked th In World For Global Entrepreneurship,https://nocamels.com/2024/10/tel-aviv-university-ranked-7th-in-world-for-global-entrepreneurship/,tech
"Tue, 01 Oct 2024 15:28:26 +0000",Israeli Test To Tell If Infection Bacterial Or Viral Successful In Trial,https://nocamels.com/2024/10/israeli-test-to-tell-if-infection-bacterial-or-viral-successful-in-trial/,tech
"Tue, 03 Dec 2024 00:00:00 EST",Caribbean dreaming Vote for the best spots to visit dine and relax,https://www.10best.com/interests/explore/best-caribbean-beach-resort-2025-vote/,travel
"Tue, 03 Dec 2024 00:23:52 +0000",Need A Chuckle Watch TISM Perform A Mash up of Clint Eastwood and Tradies Get The Ladies,https://www.noise11.com/news/need-a-chuckle-watch-tism-perform-a-mash-up-of-clint-eastwood-and-tradies-get-the-ladies-20241203,music
"Tue, 03 Dec 2024 03:00:00 EST",things to do on a plane that don t involve looking at screens,https://www.10best.com/interests/travel-tips/things-to-do-on-plane-games-crafts/,travel
"Tue, 03 Dec 2024 03:59:39 +0000",We Really Are Living In The End Times And Is Going To Be A Nightmare,http://theeconomiccollapseblog.com/we-really-are-living-in-the-end-times-and-2025-is-going-to-be-a-nightmare/,economics
"Tue, 03 Dec 2024 04:30:00 CST",Lessons from Reconstruction,https://mises.org/podcasts/audio-mises-wire/lessons-reconstruction,economics
"Tue, 03 Dec 2024 04:30:00 CST",Does the Fed s Lowering the Interest Rates Strengthen Economic Growth,https://mises.org/podcasts/audio-mises-wire/does-feds-lowering-interest-rates-strengthen-economic-growth,economics
"Tue, 03 Dec 2024 04:30:00 CST",The Economics of Prepping,https://mises.org/podcasts/audio-mises-wire/economics-prepping,economics
"Tue, 03 Dec 2024 04:30:00 CST",Slavery and Collective Guilt,https://mises.org/podcasts/audio-mises-wire/slavery-and-collective-guilt,economics
"Tue, 03 Dec 2024 04:30:00 CST",Markets Made of Glass How the Fed Destroyed Economic Resilience,https://mises.org/podcasts/audio-mises-wire/markets-made-glass-how-fed-destroyed-economic-resilience,economics
"Tue, 03 Dec 2024 04:30:00 CST",Victory Plan or Deadly Delusion Zelensky s Perilous Five Point Plan,https://mises.org/podcasts/audio-mises-wire/victory-plan-or-deadly-delusion-zelenskys-perilous-five-point-plan,economics
"Tue, 03 Dec 2024 04:30:00 CST",A Brief History of Tariffs and Stock Market Crises,https://mises.org/podcasts/audio-mises-wire/brief-history-tariffs-and-stock-market-crises,economics
"Tue, 03 Dec 2024 04:30:00 CST",The Indian Rope Trick,https://mises.org/podcasts/audio-mises-wire/indian-rope-trick,economics
"Tue, 03 Dec 2024 05:00:00 CST",Another Merit of Medieval Bolognese Canons,https://mises.org/mises-wire/another-merit-medieval-bolognese-canons,economics
"Tue, 03 Dec 2024 05:00:00 CST",Why Naomi Wolf Is Great,https://mises.org/power-market/why-naomi-wolf-great,economics
"Tue, 03 Dec 2024 07:00:00 CST",Biden s Parting Shot at America,https://mises.org/power-market/bidens-parting-shot-america,economics
"Tue, 03 Dec 2024 08:00:00 CST",US Bond Yields Rise as Reserve Currency Status Wanes,https://mises.org/mises-wire/us-bond-yields-rise-reserve-currency-status-wanes,economics
"Tue, 03 Dec 2024 12:00:00 CST",North and South in Antiracist Revisionism,https://mises.org/mises-wire/north-and-south-antiracist-revisionism,economics
"Tue, 03 Dec 2024 14:31:35 +0000",Celebrity Cruises Sets Sail from Port Canaveral for the First Time,https://porthole.com/celebrity-cruises-sets-sail-from-port-canaveral-for-the-first-time/,travel
"Tue, 03 Dec 2024 15:00:00 +0000",Why Montreal Should Be Your Next Travel Destination,https://porthole.com/why-montreal-should-be-your-next-travel-destination/,travel
"Tue, 03 Dec 2024 22:30:00 +0000",Kankawa Nagarra Wins Australian Music Prize,https://www.noise11.com/news/kankawa-nagarra-wins-australian-music-prize-20241204,music
"Tue, 03 Dec 2024 22:49:29 +0000",Why Has The World Suddenly Gone Completely Nuts,http://theeconomiccollapseblog.com/why-has-the-world-suddenly-gone-completely-nuts/,economics
"Tue, 03 Dec 2024 23:31:22 +0000",Oregon Rebate UBI ballot measure fails,https://basicincome.org/news/2024/12/oregon-rebate-ubi-ballot-measure-fails/,economics
"Tue, 03 Dec 2024 23:40:00 +0000",expert reaction to study on the association between incidental vigorous physical exertion and risk of major cardiovascular events in women,https://www.sciencemediacentre.org/expert-reaction-to-study-on-the-association-between-incidental-vigorous-physical-exertion-and-risk-of-major-cardiovascular-events-in-women/,science
"Tue, 04 Jun 2024 17:48:17 +0000",Pixies share new single You re So Impatient Que Sera Sera,https://www.sonic1029.com/2024/06/04/pixies-share-new-single-youre-so-impatient-que-sera-sera/,music
"Tue, 04 Jun 2024 18:41:30 +0000",Hozier joins Noah Kahan on stage to perform Northern Attitude,https://www.sonic1029.com/2024/06/04/hozier-joins-noah-kahan-on-stage-to-perform-northern-attitude/,music
"Tue, 04 Jun 2024 18:55:05 +0000",Tegan Quin sings Closer at karaoke with a fan,https://www.sonic1029.com/2024/06/04/tegan-quin-sings-closer-at-karaoke-with-a-fan/,music
"Tue, 08 Oct 2024 07:34:52 +0000",Microsoft Creates AI Tool To Help Preserve October Testimonies,https://nocamels.com/2024/10/microsoft-creates-ai-tool-to-help-preserve-october-7-testimonies/,tech
"Tue, 08 Oct 2024 15:29:45 +0000",Israeli Wave Energy Tech To Create Power In Taiwan,https://nocamels.com/2024/10/israeli-wave-energy-tech-to-create-power-in-taiwan/,tech
"Tue, 09 Jul 2024 16:49:18 +0000",Stay cool in these pet friendly spaces in Edmonton,https://www.sonic1029.com/2024/07/09/stay-cool-in-these-pet-friendly-spaces-in-edmonton/,music
"Tue, 09 Jul 2024 17:18:25 +0000",Queens of the Stone Age cancel tour dates due to Josh Homme needing emergency surgery,https://www.sonic1029.com/2024/07/09/queens-of-the-stone-age-cancel-tour-dates-due-to-josh-homme-needing-emergency-surgery/,music
"Tue, 09 Jul 2024 17:24:28 +0000",Sublime perform Feel Like That on Fallon,https://www.sonic1029.com/2024/07/09/sublime-perform-feel-like-that-on-fallon/,music
"Tue, 09 Jul 2024 18:07:01 +0000",Eddie Vedder describes Pearl Jam s recent health issues as near death experience,https://www.sonic1029.com/2024/07/09/eddie-vedder-describes-pearl-jams-recent-health-issues-as-near-death-experience/,music
"Tue, 10 Dec 2024 00:00:00 EST",Which cruise ships and cruise lines are the best Cast your votes,https://www.10best.com/interests/explore/best-cruise-ship-cruise-line-2025-vote/,travel
"Tue, 10 Dec 2024 00:05:58 +0000",Taylor Swift Eras Tour Ends In Vancouver,https://www.noise11.com/news/taylor-swift-eras-tour-ends-in-vancouver-20241210,music
"Tue, 10 Dec 2024 01:00:00 CST",Report s Best and Worst US States for Sound Money,https://mises.org/power-market/report-2025s-best-and-worst-us-states-sound-money,economics
"Tue, 10 Dec 2024 02:00:00 CST",America s Disastrous and Endless Meddling in Asia,https://mises.org/mises-wire/americas-disastrous-and-endless-meddling-asia,economics
"Tue, 10 Dec 2024 02:12:36 +0000",Jack White Gives Melbourne A Night To Remember At The Forum,https://www.noise11.com/news/jack-white-gives-melbourne-a-night-to-remember-at-the-forum-20241210,music
"Tue, 10 Dec 2024 03:00:00 EST",When is the best time to go on a cruise Here s where to go and when,https://www.10best.com/interests/travel-tips/best-time-to-cruise/,travel
"Tue, 10 Dec 2024 04:50:44 +0000",Alki David and Courtney Burgess Unveiling Hollywood s Hidden Syndicate and its Links to Organized Crime,https://www.shockya.com/news/2024/12/10/alki-david-and-courtney-burgess-unveiling-hollywoods-hidden-syndicate-and-its-links-to-organized-crime/,entertainment
"Tue, 10 Dec 2024 05:00:00 CST",Book Review em The Age of Debt Bubbles em,https://mises.org/mises-wire/book-review-age-debt-bubbles,economics
"Tue, 10 Dec 2024 06:43:52 +0000",Damiano David of M neskin To See The World In,https://www.noise11.com/news/damiano-david-of-maneskin-to-see-the-world-in-2025-20241210,music
"Tue, 10 Dec 2024 07:16:21 +0000",Sum To Perform Three Albums Over Three Nights In Australia,https://www.noise11.com/news/sum-41-to-perform-three-albums-over-three-nights-in-australia-2025-20241210,music
"Tue, 10 Dec 2024 08:30:00 GMT",Cemex joins construction of Tampa s largest transportation project,https://www.worldcement.com/the-americas/10122024/cemex-joins-construction-of-tampas-largest-transportation-project/,world
"Tue, 10 Dec 2024 09:00:00 +0000",Stating of Knowledge,https://www.nationalaffairs.com/blog/detail/findings-a-daily-roundup/stating-of-knowledge,economics
"Tue, 10 Dec 2024 09:28:00 GMT",Climeon signs order with NovaAlgoma for HeatPower on cement carrier,https://www.worldcement.com/product-news/10122024/climeon-signs-order-with-novaalgoma-for-heatpower-300-on-cement-carrier/,world
"Tue, 10 Dec 2024 11:00:00 CST",Progressivism and the Murder of a Health Insurance CEO,https://mises.org/mises-wire/progressivism-and-murder-health-insurance-ceo,economics
"Tue, 10 Dec 2024 12:00:25 +0000",Commercial Real Estate Faces Major Era of Change per AFIRE Pulse Report,https://www.ai-cio.com/news/commercial-real-estate-faces-major-era-of-change-per-afire-pulse-report/?utm_source=rss-feed&utm_medium=news&utm_campaign=feed,finance
"Tue, 10 Dec 2024 14:05:00 +0000",During an allergic response some immune cells digest others,https://www.sciencenews.org/article/some-immune-cells-digest-others,science
"Tue, 10 Dec 2024 15:00:53 +0000",Must Do Shore Tours in St Thomas St John Discover the U S Virgin Islands,https://porthole.com/must-do-shore-tours-in-st-thomas-st-john-discover-the-u-s-virgin-islands/,travel
"Tue, 10 Dec 2024 15:12:45 +0000",Coheed and Cambria and Mastodon team for co headlining tour,https://www.altpress.com/coheed-and-cambria-mastodon-2025-tour-dates/,music
"Tue, 10 Dec 2024 15:27:49 +0000",Ensemble s Top Performers to Visit Tuscany in,https://www.travelagentcentral.com/your-business/ensembles-top-performers-visit-tuscany-2025,travel
"Tue, 10 Dec 2024 15:38:35 +0000",Turnover will play Peripheral Vision in full on th anniversary tour,https://www.altpress.com/turnover-peripheral-vision-anniversary-tour-2025/,music
"Tue, 10 Dec 2024 15:54:43 +0000",Lindblad Expeditions Appoints Natalya Leahy as CEO,https://www.travelagentcentral.com/cruises/lindblad-expeditions-appoints-natalya-leahy-ceo,travel
"Tue, 10 Dec 2024 15:58:56 +0000",Fully Refurbished Riu Negril Reopens With New Services,https://www.travelagentcentral.com/hotels/fully-refurbished-riu-negril-reopens-new-services,travel
"Tue, 10 Dec 2024 16:22:23 +0000",Fort George Hotel Spa in Belize Expands With New Guestrooms,https://www.travelagentcentral.com/hotels/fort-george-hotel-spa-announces-new-sea-view-premium-king-rooms,travel
"Tue, 10 Dec 2024 16:24:32 +0000",Cameron Diaz to join Joel Madden on Ep of Artist Friendly,https://www.altpress.com/artist-friendly-cameron-diaz-episode-announcement/,music
"Tue, 10 Dec 2024 18:00:00 +0000",The best science books of,https://www.sciencenews.org/article/best-science-books-of-2024,science
"Tue, 10 Dec 2024 18:00:21 +0000",Bluesfest Adds Missy Higgins and George Thorogood for,https://www.noise11.com/news/bluesfest-adds-missy-higgins-and-george-thorogood-for-2025-20241211,music
"Tue, 10 Dec 2024 18:05:55 +0000",Alaska Railroad Adds New Excursions for Winter,https://www.travelagentcentral.com/tours/alaska-railroad-adds-new-excursions-winter,travel
"Tue, 10 Dec 2024 18:17:40 +0000",The Cure To Release Two More Albums Soon,https://www.noise11.com/news/the-cure-to-release-two-more-albums-soon-20241211,music
"Tue, 10 Dec 2024 18:33:02 +0000",Half Moon Cay Renamed to RelaxAway Half Moon Cay,https://porthole.com/half-moon-cay-renamed-to-relaxaway-half-moon-cay/,travel
"Tue, 10 Dec 2024 18:35:00 +0000",Tina Arena Has More Shows for,https://www.noise11.com/news/tina-arena-has-more-shows-for-2025-20241211,music
"Tue, 10 Dec 2024 19:00:33 +0000",The Cruel Sea To Play Live At The Gardens,https://www.noise11.com/news/the-cruel-sea-to-play-live-at-the-gardens-20241211,music
"Tue, 10 Dec 2024 22:59:52 +0000",Alert The East Coast Is Being Buzzed By Very Sophisticated Giant Drones Every Night That Go Dark When Approached By U S Aircraft,http://theeconomiccollapseblog.com/alert-the-east-coast-is-being-buzzed-by-very-sophisticated-giant-drones-every-night-that-go-dark-when-approached-by-u-s-aircraft/,economics
"Tue, 10 Sep 2024 20:14:52 +0000",Dave Grohl Announces He Fathered A Child Outside His Marriage,https://www.sonic1029.com/2024/09/10/dave-grohl-announces-he-fathered-a-child-outside-his-marriage/,music
"Tue, 12 Jun 2018 05:00:00 GMT",Basil Pork Chops,https://www.tasteofhome.com/recipes/basil-pork-chops,food
"Tue, 15 Oct 2024 09:10:35 +0000",Cannabis Therapy Firm CBD Jab Reduces Pain In Arthritic Dogs,https://nocamels.com/2024/10/cannabis-therapy-firm-cbd-jab-reduces-pain-in-arthritic-dogs/,tech
"Tue, 15 Oct 2024 14:03:09 +0000",Clean Energy Firm Completes Solar Project In North South Israel,https://nocamels.com/2024/10/clean-energy-firm-completes-solar-project-in-north-south-israel/,tech
"Tue, 18 Jun 2024 17:31:46 +0000",The Beaches debut new song at Bonnaroo,https://www.sonic1029.com/2024/06/18/the-beaches-debut-new-song-at-bonnaroo/,music
"Tue, 18 Jun 2024 17:48:00 +0000",Coldplay announce new album Moon Music,https://www.sonic1029.com/2024/06/18/coldplay-announce-new-album-moon-music/,music
"Tue, 19 Dec 2023 16:21:54 +0000",DOT Officials Altered Report to Remove Scientific Evidence on Safety Devices in Trucks,https://www.ucsusa.org/resources/attacks-on-science/officials-altered-report-safety-devices-trucks,science
"Tue, 24 Sep 2024 09:25:21 +0000",UK Council Using Israeli Monitor For Seniors In Own Homes,https://nocamels.com/2024/09/uk-council-using-israeli-monitor-for-seniors-in-own-homes/,tech
"Tue, 24 Sep 2024 10:05:51 +0000",Top German Packaging Firm Adopting Israeli Sustainable Material,https://nocamels.com/2024/09/top-german-packaging-firm-adopting-israeli-sustainable-material/,tech
"Tue, 24 Sep 2024 10:07:16 +0000",Israeli High Tech Sector Still Good Despite Year Of War,https://nocamels.com/2024/09/israeli-high-tech-sector-still-good-despite-year-of-war/,tech
"Tue, 24 Sep 2024 12:19:30 +0000",A DAY TO LISTEN AMPLIFYING INDIGENOUS VOICES,https://www.sonic1029.com/2024/09/24/a-day-to-listen-2024-amplifying-indigenous-voices/,music
"Tue, 24 Sep 2024 18:54:32 +0000",Linkin Park debut new song Heavy Is The Crown,https://www.sonic1029.com/2024/09/24/linkin-park-debut-new-song-heavy-is-the-crown/,music
"Tue, 25 Jun 2024 16:05:08 +0000",Crazy Town frontman Shifty Shellshock dead at,https://www.sonic1029.com/2024/06/25/crazy-town-frontman-shifty-shellshock-dead-at-49/,music
"Tue, 25 Jun 2024 16:12:14 +0000",Alanis Morissette sings Ironic with daughter Onyx for her th birthday,https://www.sonic1029.com/2024/06/25/alanis-morissette-sings-ironic-with-daughter-onyx-for-her-8th-birthday/,music
"Tue, 25 Jun 2024 16:24:52 +0000",Flea Portugal The Man The Interrupters to appear on Yo Gabba GabbaLand,https://www.sonic1029.com/2024/06/25/flea-portugal-the-man-the-interrupters-to-appear-on-yo-gabba-gabbaland/,music
"Tue, 26 Nov 2024 13:55:28 +0000",A Rare Beatles Cover Proves John Lennon Was Wrong About His Voice,https://somethingelsereviews.com/2024/11/26/beatles-honey-dont-john-lennon/,music
"Tue, 28 May 2024 19:25:10 +0000",EPA Falsified Scientific Records in Ohio Train Derailment Disaster,https://www.ucsusa.org/resources/attacks-on-science/epa-falsified-scientific-records-train-derailment,science
"Tue, 29 Oct 2024 09:23:18 +0000",Ashdod Port Investing In Startups As Part Of Innovation Strategy,https://nocamels.com/2024/10/ashdod-port-investing-in-startups-as-part-of-innovation-strategy/,tech
"Wed, 02 Oct 2024 10:21:12 +0000",Rehabilitation Nation Israeli Innovation On Road To Healing,https://nocamels.com/2024/10/rehabilitation-nation-israeli-innovation-is-helping-the-country-heal/,tech
"Wed, 03 Jul 2024 15:26:45 +0000",Eminem confirms The Death of Slim Shady Coup de Gr ce release date shares new song,https://www.sonic1029.com/2024/07/03/eminem-confirms-the-death-of-slim-shady-coup-de-grace-release-date-shares-new-song/,music
"Wed, 03 Jul 2024 15:35:11 +0000",Watch Michael J Fox play guitar with Coldplay at Glastonbury,https://www.sonic1029.com/2024/07/03/watch-michael-j-fox-play-guitar-with-coldplay-at-glastonbury/,music
"Wed, 03 Jul 2024 15:49:07 +0000",Noah Kahan raises over million for mental health advocacy with The Busyhead Project,https://www.sonic1029.com/2024/07/03/noah-kahan-raises-over-2-million-for-mental-health-advocacy-with-the-busyhead-project/,music
"Wed, 04 Dec 2024 00:00:00 EST",Why don t we roast chestnuts for the holidays anymore,https://www.10best.com/interests/food-culture/how-roasted-chestnuts-became-extinct-christmas-tradition/,travel
"Wed, 04 Dec 2024 00:02:11 +0000",First paper from Brazil s Maric Basic Income Evaluation published,https://basicincome.org/news/2024/12/first-paper-from-brazils-marica-basic-income-evaluation-published/,economics
"Wed, 04 Dec 2024 01:00:00 CST",Some Depositors Are More Equal than Others,https://mises.org/power-market/some-depositors-are-more-equal-others,economics
"Wed, 04 Dec 2024 01:00:00 CST",Want to Cut Federal Workers Just Cut Spending,https://mises.org/mises-wire/want-cut-federal-workers-just-cut-spending,economics
"Wed, 04 Dec 2024 01:00:00 CST",Hartung Can Trump Still Be a Peace President,https://mises.org/power-market/hartung-can-trump-still-be-peace-president,economics
"Wed, 04 Dec 2024 01:13:26 +0000",New publication on Iran s UBI,https://basicincome.org/news/2024/12/new-publication-on-irans-ubi/,economics
"Wed, 04 Dec 2024 01:30:09 +0000",Canada s National Advisory Council on Poverty has recommended basic income,https://basicincome.org/news/2024/12/canadas-national-advisory-council-on-poverty-has-recommended-basic-income/,economics
"Wed, 04 Dec 2024 01:58:15 +0000",Snoop Dogg Gifts His Daughter Million for Her Wedding,https://www.noise11.com/news/snoop-dogg-gifts-his-daughter-1-million-for-her-wedding-20241204,music
"Wed, 04 Dec 2024 03:55:41 +0000",Eminem s Mother Debbie Nelson Dies At Age,https://www.noise11.com/news/eminems-mother-debbie-nelson-dies-at-age-69-20241204,music
"Wed, 04 Dec 2024 05:00:00 CST",From Indentureship to Entrepreneurship,https://mises.org/mises-wire/indentureship-entrepreneurship,economics
"Wed, 04 Dec 2024 09:00:00 +0000",Signals Intelligence,https://www.nationalaffairs.com/blog/detail/findings-a-daily-roundup/signals-intelligence,economics
"Wed, 04 Dec 2024 10:10:00 +0000",expert reaction to cohort study of long COVID in children and young people over a two year period,https://www.sciencemediacentre.org/expert-reaction-to-cohort-study-of-long-covid-in-children-and-young-people-over-a-two-year-period/,science
"Wed, 04 Dec 2024 11:00:00 CST",The Biggest Mistake America Has Ever Made,https://mises.org/power-market/biggest-mistake-america-has-ever-made,economics
"Wed, 04 Dec 2024 12:00:00 CST",The FBI Has Been Political from the Start,https://mises.org/mises-wire/fbi-has-been-political-start,economics
"Wed, 04 Dec 2024 14:10:24 +0000",The Rescued Early Paul McCartney Song That Completed Beatles For Sale,https://somethingelsereviews.com/2024/12/04/beatles-ill-follow-the-sun-paul-mccartney/,music
"Wed, 04 Dec 2024 16:33:42 +0000",USAID signals major strategy shift championing direct unconditional cash transfers,https://basicincome.org/news/2024/12/usaid-signals-major-strategy-shift-championing-direct-unconditional-cash-transfers/,economics
"Wed, 04 Dec 2024 16:42:10 +0000",Homeless people to be given cash in first major UK trial to reduce poverty,https://basicincome.org/news/2024/12/homeless-people-to-be-given-cash-in-first-major-uk-trial-to-reduce-poverty/,economics
"Wed, 04 Dec 2024 17:11:17 +0000",Guaranteed Income Works in Tacoma Washington,https://basicincome.org/news/2024/12/206522/,economics
"Wed, 04 Dec 2024 18:14:16 +0000",New Details Revealed About EXPLORA III,https://porthole.com/new-details-revealed-about-explora-iii/,travel
"Wed, 04 Dec 2024 18:42:00 +0000",Regent Seven Seas Cruises Introduces New Tagline,https://porthole.com/regent-seven-seas-cruises-introduces-new-tagline/,travel
"Wed, 04 Dec 2024 19:00:00 +0000",expert reaction to government s junk food ad ban legislation and detail of products in scope,https://www.sciencemediacentre.org/expert-reaction-to-governments-junk-food-ad-ban-legislation-and-detail-of-products-in-scope/,science
"Wed, 04 Dec 2024 21:11:22 +0000",Episode Punk terrifies American TV viewers Kneecap Vs the UK government and guest Jessica Winter,https://www.loudandquiet.com/podcasts/episode-160-punk-terrifies-american-tv-viewers-kneecap-vs-the-uk-government-and-guest-jessica-winter/,music
"Wed, 04 Dec 2024 21:29:00 +0000",Why Is Everyone Making Such A Big Deal About One Shooting When Million Crimes Are Committed In The U S Each Year,http://theeconomiccollapseblog.com/why-is-everyone-making-such-a-big-deal-about-one-shooting-when-14-million-crimes-are-committed-in-the-u-s-each-year/,economics
"Wed, 04 Dec 2024 22:07:14 +0000",Bob Dylan Is Looking Forward To Seeing Timothee Chalamet Play Bob Dylan,https://www.noise11.com/news/bob-dylan-is-looking-forward-to-seeing-timothee-chalamet-play-bob-dylan-20241205,music
"Wed, 04 Dec 2024 22:49:17 +0000",Rolling Stones Premiere Their First Ever Fragrance RS No,https://www.noise11.com/news/rolling-stones-premiere-their-first-ever-fragrance-rs-no-9-20241205,music
"Wed, 04 Dec 2024 23:40:00 +0000",expert reaction to study on the association of dark or milk chocolate consumption and the risk of type diabetes,https://www.sciencemediacentre.org/expert-reaction-to-study-on-the-association-of-dark-or-milk-chocolate-consumption-and-the-risk-of-type-2-diabetes/,science
"Wed, 05 Jun 2024 14:54:03 +0000",Lorde is teasing her fourth album,https://www.sonic1029.com/2024/06/05/lorde-is-teasing-her-fourth-album/,music
"Wed, 05 Jun 2024 15:56:12 +0000",The Offspring tease new music set countdown for Friday,https://www.sonic1029.com/2024/06/05/the-offspring-tease-new-music-set-countdown-for-friday/,music
"Wed, 05 Jun 2024 16:12:50 +0000",Arkells release new single Big Feelings,https://www.sonic1029.com/2024/06/05/arkells-release-new-single-big-feelings/,music
"Wed, 05 Jun 2024 20:00:47 +0000",New Federal Rules to Modernize US Power Grid Cite UCS,https://www.ucsusa.org/node/15492,science
"Wed, 06 Nov 2024 03:19:41 +0000",Kelly Lee Owens Midnight Chats Episode,https://www.loudandquiet.com/podcasts/kelly-lee-owens-midnight-chats-episode-156/,music
"Wed, 09 Oct 2024 07:56:10 +0000",IIA Funds Further Israeli R D Into Crustacean Gene Modification,https://nocamels.com/2024/10/iia-funds-further-israeli-rd-into-crustacean-gene-modification/,tech
"Wed, 09 Oct 2024 14:08:48 +0000",Israeli Medical Technologies That Could Change The World,https://nocamels.com/2024/10/israeli-medical-technologies-that-could-change-the-world/,tech
"Wed, 09 Oct 2024 15:59:13 +0000",Weizmann Researchers Create Biodegradable Composite Plastic,https://nocamels.com/2024/10/weizmann-researchers-create-biodegradable-composite-plastic/,tech
"Wed, 10 Jul 2024 16:53:25 +0000",John Krasinski Shakes It Off To Taylor Swift Song In New Rogers Commercial,https://www.sonic1029.com/2024/07/10/john-krasinski-shakes-it-off-to-taylor-swift-song-in-new-rogers-commercial/,music
"Wed, 10 Jul 2024 18:09:56 +0000",The Killers receive two Guinness World Records for Mr Brightside,https://www.sonic1029.com/2024/07/10/the-killers-receive-two-guinness-world-records-for-mr-brightside/,music
"Wed, 10 Jul 2024 18:30:55 +0000",Eminem shares tracklist for The Death Of Slim Shady Coup De Gr ce,https://www.sonic1029.com/2024/07/10/eminem-shares-tracklist-for-the-death-of-slim-shady-coup-de-grace/,music
"Wed, 11 Dec 2024 00:00:00 EST",Sip these best award winning mezcals that smoke the competition,https://www.10best.com/interests/drinks/best-mezcal-to-sip-now/,travel
"Wed, 11 Dec 2024 01:00:00 CST",There Is No Right to a Minimum Wage,https://mises.org/power-market/there-no-right-minimum-wage,economics
"Wed, 11 Dec 2024 01:00:00 CST",From the Editor November December,https://mises.org/misesian/editor-november-december-2024,economics
"Wed, 11 Dec 2024 01:00:00 CST",What Modern Economists Can Learn from the Austrian School of Economics,https://mises.org/power-market/what-modern-economists-can-learn-austrian-school-economics,economics
"Wed, 11 Dec 2024 01:17:07 +0000",Hotel Manager Charged For Liam Payne s Death,https://www.noise11.com/news/hotel-manager-charged-for-liam-paynes-death-20241211,music
"Wed, 11 Dec 2024 01:43:33 +0000",Taylor Swift Awarded Million To Her Crew and Cast,https://www.noise11.com/news/taylor-swift-awarded-197-million-to-her-crew-and-cast-20241211,music
"Wed, 11 Dec 2024 03:00:00 CST",The Fight against the Left Is an Ideological One,https://mises.org/mises-wire/fight-against-left-ideological-one,economics
"Wed, 11 Dec 2024 04:21:02 CST",Progressivism and the Murder of a Health Insurance CEO,https://mises.org/podcasts/guns-and-butter/progressivism-and-murder-health-insurance-ceo,economics
"Wed, 11 Dec 2024 04:22:20 +0000",Crowded House Bring Gravity Stairs To Melbourne s Rod Laver Arena REVIEW,https://www.noise11.com/news/crowded-house-bring-gravity-stairs-to-melbournes-rod-laver-arena-review-20241211,music
"Wed, 11 Dec 2024 05:00:00 CST",Can Trump Save the Dollar,https://mises.org/mises-wire/can-trump-save-dollar,economics
"Wed, 11 Dec 2024 06:03:40 +0000",Senator Josh Hawley Video Coverage Against Congressional Stock Trading,https://www.shockya.com/news/2024/12/11/senator-josh-hawley-video-coverage-against-congressional-stock-trading/,entertainment
"Wed, 11 Dec 2024 08:00:00 +0000",Some countries have eliminated malaria but cases are growing elsewhere,https://www.sciencenews.org/article/malaria-report-card,science
"Wed, 11 Dec 2024 08:00:00 CST",The Pretense of Knowledge,https://mises.org/speech-presentation/pretense-knowledge,economics
"Wed, 11 Dec 2024 08:32:00 GMT",Heidelberg Materials joint venture Cement Australia expands footprint with acquisition of BGC Cementitious,https://www.worldcement.com/asia-pacific-rim/11122024/heidelberg-materials-joint-venture-cement-australia-expands-footprint-with-acquisition-of-bgc-cementitious/,world
"Wed, 11 Dec 2024 08:42:00 GMT",Nuada and Carbfix collaborate to offer complete carbon capture and storage solutions,https://www.worldcement.com/product-news/11122024/nuada-and-carbfix-collaborate-to-offer-complete-carbon-capture-and-storage-solutions/,world
"Wed, 11 Dec 2024 08:45:00 GMT",Cutting Conveying Costs,https://www.worldcement.com/special-reports/11122024/cutting-conveying-costs/,world
"Wed, 11 Dec 2024 08:51:00 GMT",CarbiCrete collaborates with Aecon and Lafarge Canada to construct low carbon building in Ontario,https://www.worldcement.com/the-americas/11122024/carbicrete-collaborates-with-aecon-and-lafarge-canada-to-construct-low-carbon-building-in-ontario/,world
"Wed, 11 Dec 2024 09:00:00 +0000",Labor Forces,https://www.nationalaffairs.com/blog/detail/findings-a-daily-roundup/labor-forces,economics
"Wed, 11 Dec 2024 09:00:00 CST",The Real Scandal of Hunter s Pardon,https://mises.org/power-market/real-scandal-hunters-pardon,economics
"Wed, 11 Dec 2024 09:23:16 +0000",Tony Buzbee Alleges Investigators Linked to Jay Z and Diddy Are Offering to Pay Clients to Sue Him,https://www.shockya.com/news/2024/12/11/tony-buzbee-alleges-investigators-linked-to-jay-z-and-diddy-are-offering-to-pay-clients-to-sue-him/,entertainment
"Wed, 11 Dec 2024 09:30:00 CST",Hunter Biden Is Evil and So Is Joe,https://mises.org/power-market/hunter-biden-evil-and-so-joe,economics
"Wed, 11 Dec 2024 09:46:37 +0000",Episode Albums of the Year special,https://www.loudandquiet.com/podcasts/episode-161-albums-of-the-year-special/,music
"Wed, 11 Dec 2024 13:22:00 +0000",Ed Sheeran Has Completed His Next Album,https://www.noise11.com/news/ed-sheeran-has-completed-his-next-album-20241212,music
"Wed, 11 Dec 2024 13:32:38 +0000",November Sees Another Gain in Corporate Pension Funded Status,https://www.ai-cio.com/news/november-sees-another-gain-in-corporate-pension-funded-status/?utm_source=rss-feed&utm_medium=news&utm_campaign=feed,finance
"Wed, 11 Dec 2024 14:00:00 +0000",The screams of thirsty plants may prompt some moths to lay eggs elsewhere,https://www.sciencenews.org/article/thirsty-plant-screams-moths-lay-eggs,science
"Wed, 11 Dec 2024 14:39:28 +0000",Oceania Cruises Offers Added Value on New Year Sailings,https://porthole.com/oceania-cruises-offers-added-value-on-100-new-year-sailings/,travel
"Wed, 11 Dec 2024 15:27:29 +0000",JetBlue to Launch Flights to Madrid Edinburgh From Boston in,https://www.travelagentcentral.com/transportation/jetblue-launch-new-boston-madrid-edinburgh-flights-2025,travel
"Wed, 11 Dec 2024 16:00:00 +0000",U S hospitals continue to shut down labor and delivery services,https://www.sciencenews.org/article/birth-labor-delivery-closure-hospital,science
"Wed, 11 Dec 2024 16:04:22 +0000",Tauck Adds New Christmas Market River Cruise on the Seine,https://www.travelagentcentral.com/tours/tauck-adds-new-christmas-market-river-cruise-seine,travel
"Wed, 11 Dec 2024 16:18:14 +0000",See Julien Baker and TORRES perform new track Sugar in the Tank on Jimmy Fallon,https://www.altpress.com/julien-baker-torres-sugar-in-the-tank-jimmy-fallon-video-watch/,music
"Wed, 11 Dec 2024 16:25:34 +0000",Carlos Santana Suggests Glastonbury For,https://www.noise11.com/news/carlos-santana-suggests-glastonbury-for-2025-20241212,music
"Wed, 11 Dec 2024 16:31:05 +0000",Shore Excursions Group Adds Over New Tours Worldwide,https://www.travelagentcentral.com/your-business/shore-excursions-group-adding-1000-new-tours-worldwide,travel
"Wed, 11 Dec 2024 16:41:38 EST",LeBron James Taking Some Time For Personal Reasons Status Uncertain For Friday,https://basketball.realgm.com/wiretap/278364/LeBron-James-Taking-Some-Time-For-Personal-Reasons-Status-Uncertain-For-Friday,sport
"Wed, 11 Dec 2024 17:14:10 +0000",JW Marriot to Open First Property in Greece in,https://www.travelagentcentral.com/hotels/jw-marriot-open-first-property-greece-2025,travel
"Wed, 11 Dec 2024 17:15:53 +0000",CIO Names Industry Innovation Award Winners,https://www.ai-cio.com/news/cio-names-2024-industry-innovation-award-winners/?utm_source=rss-feed&utm_medium=news&utm_campaign=feed,finance
"Wed, 11 Dec 2024 17:18:32 +0000",Christopher Wray Resignation Confirmed FBI Leadership Faces Turning Point,https://www.shockya.com/news/2024/12/11/christopher-wray-resignation-confirmed-fbi-leadership-faces-turning-point/,entertainment
"Wed, 11 Dec 2024 17:37:25 +0000",New Jersey Drone Mystery Deepens as FBI Seeks Public s Help,https://www.shockya.com/news/2024/12/11/new-jersey-drone-mystery-deepens-as-fbi-seeks-publics-help/,entertainment
"Wed, 11 Dec 2024 17:54:14 EST",Pelicans Have No Interest In Trading Herb Jones,https://basketball.realgm.com/wiretap/278365/Pelicans-Have-No-Interest-In-Trading-Herb-Jones,sport
"Wed, 11 Dec 2024 17:56:01 +0000",Fan poll best songs of,https://www.altpress.com/fan-poll-best-songs-2024/,music
"Wed, 11 Dec 2024 17:57:59 EST",Wizards Jazz Nets Considered Clear Cut Sellers,https://basketball.realgm.com/wiretap/278366/Wizards-Jazz-Nets-Considered-Clear-Cut-Sellers,sport
"Wed, 11 Dec 2024 18:00:00 +0000",The benefits of Ozempic and its kin may extend far beyond weight loss,https://www.sciencenews.org/article/benefits-ozempic-weight-loss-glp1,science
"Wed, 11 Dec 2024 18:40:22 EST",Jimmy Butler Adds Suns To Trade List,https://basketball.realgm.com/wiretap/278367/Jimmy-Butler-Adds-Suns-To-Trade-List,sport
"Wed, 11 Dec 2024 18:53:14 +0000",The tsunami killed hundreds of thousands Are we better prepared now,https://www.sciencenews.org/article/2004-tsunami-killed-better-prepared-now,science
"Wed, 11 Dec 2024 19:37:27 +0000",Ennismore Reveals First Look of Delano Miami Beach After Reno,https://www.travelagentcentral.com/hotels/ennismore-reveals-first-look-delano-miami-beach-after-reno,travel
"Wed, 11 Dec 2024 19:45:43 +0000",NYC Pensions Counter Anti DEI Rhetoric With B Invested in Diverse Firms,https://www.ai-cio.com/news/nyc-pensions-counter-anti-dei-rhetoric-with-23-1b-invested-in-diverse-firms/?utm_source=rss-feed&utm_medium=news&utm_campaign=feed,finance
"Wed, 11 Dec 2024 21:29:35 +0000",Global Food Prices Are Entering Very Dangerous Territory,http://theeconomiccollapseblog.com/global-food-prices-are-entering-very-dangerous-territory/,economics
"Wed, 11 Dec 2024 22:44:43 EST",Jimmy Butler s Agent Denies Reports Of Preferred Trade Destinations,https://basketball.realgm.com/wiretap/278368/Jimmy-Butlers-Agent-Denies-Reports-Of-Preferred-Trade-Destinations,sport
"Wed, 11 Dec 2024 23:40:00 +0000",expert reaction to study on rates of colorectal cancers in young and older adults,https://www.sciencemediacentre.org/expert-reaction-to-study-on-rates-of-colorectal-cancers-in-young-and-older-adults/,science
"Wed, 11 Sep 2024 19:09:59 +0000",Coldplay Gives Newlyweds the Gift of a Lifetime,https://www.sonic1029.com/2024/09/11/coldplay-gives-newlyweds-the-gift-of-a-lifetime/,music
"Wed, 12 Jun 2024 16:51:20 +0000",Coldplay debut tender new song All My Love in Athens,https://www.sonic1029.com/2024/06/12/coldplay-debut-tender-new-song-all-my-love-in-athens/,music
"Wed, 12 Jun 2024 16:56:41 +0000",Billie Eilish performs live debut of The Greatest on Colbert,https://www.sonic1029.com/2024/06/12/billie-eilish-performs-live-debut-of-the-greatest-on-colbert/,music
"Wed, 13 Jun 2018 05:00:00 GMT",Old Fashioned Chocolate Pudding,https://www.tasteofhome.com/recipes/old-fashioned-chocolate-pudding,food
"Wed, 13 Nov 2024 00:15:12 +0000",Episode The Midnight Chats festival a horrible night of unwanted nostalgia,https://www.loudandquiet.com/podcasts/episode-157-the-midnight-chats-festival-a-horrible-night-of-unwanted-nostalgia/,music
"Wed, 13 Nov 2024 18:51:15 +0000",My Chemical Romance returns with The Black Parade tour,https://www.sonic1029.com/2024/11/13/my-chemical-romance-returns-with-the-black-parade-tour/,music
"Wed, 16 Jun 2021 18:58:20 +0000",Late Night Liberals Shill for the State and Communist China on the Wuhan Virus,https://www.rushlimbaugh.com/daily/2021/06/16/late-night-liberals-shill-for-the-state-and-communist-china-on-the-wuhan-virus/,politics
"Wed, 16 Jun 2021 19:50:06 +0000",The Nonsense of Electric Vehicles Being the Answer to High Oil Prices,https://www.rushlimbaugh.com/daily/2021/06/16/the-nonsense-of-electric-vehicles-being-the-answer-to-high-oil-prices/,politics
"Wed, 16 Jun 2021 19:55:29 +0000",The Swamp Unites to Spend Trillion We Don t Have on Infrastructure,https://www.rushlimbaugh.com/daily/2021/06/16/the-swamp-unites-to-spend-1-trillion-we-dont-have-on-infrastructure/,politics
"Wed, 16 Jun 2021 20:00:25 +0000",Where Trump Pushed Back on Putin Biden Shows Weakness,https://www.rushlimbaugh.com/daily/2021/06/16/where-trump-pushed-back-on-putin-biden-shows-weakness/,politics
"Wed, 16 Oct 2024 09:57:11 +0000",Impact Innovation Israeli Startups That Could Shape Our Future,https://nocamels.com/2024/10/impact-innovation-israeli-startups-that-could-shape-our-future/,tech
"Wed, 17 Jul 2024 15:14:03 +0000",Japandroids announce final album and disbandment,https://www.sonic1029.com/2024/07/17/japandroids-announce-final-album-and-disbandment/,music
"Wed, 17 Jul 2024 16:54:47 +0000",Jack Black ends Tenacious D tour after bandmate s Trump shooting comment,https://www.sonic1029.com/2024/07/17/jack-black-ends-tenacious-d-tour-after-bandmates-trump-shooting-comment/,music
"Wed, 19 Jun 2024 18:04:47 +0000",Liam Gallagher reveals he saves a seat for Noel Gallagher at every solo show,https://www.sonic1029.com/2024/06/19/liam-gallagher-reveals-he-saves-a-seat-for-noel-gallagher-at-every-solo-show/,music
"Wed, 19 Jun 2024 18:13:13 +0000",Nandi Bushell joins Tom Morello to cover John Lennon s Power To The People,https://www.sonic1029.com/2024/06/19/nandi-bushell-joins-tom-morello-to-cover-john-lennons-power-to-the-people/,music
"Wed, 20 Nov 2024 12:08:21 +0000",Episode How your favourite musicians would like to die,https://www.loudandquiet.com/podcasts/episode-158-how-your-favourite-musicians-would-like-to-die/,music
"Wed, 25 Sep 2024 08:28:55 +0000",Startup Creates Building Blocks Of Dairy Products Using Yeast,https://nocamels.com/2024/09/startup-creates-building-blocks-of-dairy-products-using-yeast/,tech
"Wed, 25 Sep 2024 12:22:11 +0000",Ringing Nasdaq Bell CyberArk Marks Decade Since IPO,https://nocamels.com/2024/09/ringing-nasdaq-bell-cyberark-marks-decade-since-ipo/,tech
"Wed, 26 Jun 2024 15:58:15 +0000",Ed Sheeran joins Hozier to perform Work Song,https://www.sonic1029.com/2024/06/26/ed-sheeran-joins-hozier-to-perform-work-song/,music
"Wed, 26 Jun 2024 16:08:39 +0000",Foster The People share new track Take Me Back,https://www.sonic1029.com/2024/06/26/foster-the-people-share-new-track-take-me-back/,music
"Wed, 27 Nov 2024 00:00:00 EST",A Southwest road trip with your best friend dog friendly stops stays and more,https://www.10best.com/interests/travel-tips/southwest-road-trip-with-dog/,travel
"Wed, 27 Nov 2024 00:26:28 +0000",Episode Tales of Coachella Kendrick Lamar s surprise album and what s up with the BBC Sound of poll,https://www.loudandquiet.com/podcasts/episode-159-tales-of-coachella-kendrick-lamars-surprise-album-and-whats-up-with-the-bbc-sound-of-2025-poll/,music
"Wed, 27 Nov 2024 17:24:36 +0000",After UCS Advocacy Million People Protected By New Ethylene Oxide Regulation,https://www.ucsusa.org/node/15708,science
"Wed, 27 Nov 2024 18:50:47 +0000",Clean Energy and Environmental Justice Win in Massachusetts,https://www.ucsusa.org/node/15710,science
"Wed, 30 Oct 2024 09:47:34 +0000",TAU Team Discovers Mechanism To Eliminate Cancerous Tumors,https://nocamels.com/2024/10/tau-team-discovers-mechanism-to-eliminate-cancerous-tumors/,tech
