Open,High,Low,Close,Adj Close,Volume
183.97999572753906,184.07000732421875,182.47999572753906,182.9199981689453,151.24290466308594,119636900
183.22999572753906,183.60000610351562,182.6300048828125,182.88999938964844,151.2180633544922,81390600
183.49000549316406,183.55999755859375,182.0800018310547,182.36000061035156,150.77993774414062,108028200
183.08999633789062,183.7899932861328,182.9499969482422,183.47999572753906,151.70599365234375,86144200
183.4499969482422,183.8300018310547,182.88999938964844,183.52000427246094,151.73902893066406,96582300
184.11000061035156,184.1300048828125,182.8000030517578,183.63999938964844,151.83822631835938,90683400
183.9499969482422,184.22000122070312,183.00999450683594,184.13999938964844,152.25164794921875,102026400
183.6699981689453,184.17999267578125,181.33999633789062,181.69000244140625,150.2259979248047,149892000
182.2899932861328,183.77000427246094,181.9499969482422,183.6699981689453,151.86305236816406,105016100
184.10000610351562,184.94000244140625,183.7100067138672,184.66000366210938,152.68161010742188,98525800
184.27999877929688,184.66000366210938,183.8300018310547,184.4199981689453,152.48318481445312,72290600
184.10000610351562,184.4499969482422,183.32000732421875,183.63999938964844,151.83822631835938,107848700
184.6999969482422,184.77000427246094,183.0500030517578,184.17999267578125,152.2847442626953,88621200
184.49000549316406,184.57000732421875,183.91000366210938,184.3000030517578,152.3839111328125,61270900
183.3699951171875,183.39999389648438,181.82000732421875,182.7899932861328,151.1354522705078,132496900
181.60000610351562,181.66000366210938,178.8300018310547,178.88999938964844,147.9108123779297,208677100
179.05999755859375,179.52000427246094,177.1199951171875,178.00999450683594,147.1832275390625,180843100
178.13999938964844,179.3000030517578,178.1199951171875,179.07000732421875,148.0596466064453,110463200
177.5800018310547,178.5500030517578,176.8800048828125,177.35000610351562,146.63751220703125,216597300
178.8300018310547,179.80999755859375,178.25999450683594,179.22999572753906,148.19192504882812,118938100
177.00999450683594,179.2899932861328,176.9199981689453,178.17999267578125,147.32374572753906,194677900
177.97000122070312,178.3699951171875,173.8300018310547,174.1699981689453,144.0081787109375,254837100
174.9499969482422,175.83999633789062,174.11000061035156,175.38999938964844,145.01693725585938,165012400
174.77999877929688,175.55999755859375,173.7100067138672,175.1699981689453,144.8350830078125,164230500
175.5800018310547,177.47999572753906,175.22000122070312,177.47999572753906,146.74501037597656,132877600
178.30999755859375,179.8699951171875,177.72999572753906,179.67999267578125,148.56402587890625,170787200
179.6999969482422,180.07000732421875,179.2100067138672,180.00999450683594,148.83688354492188,92218800
180.16000366210938,182.44000244140625,180.0399932861328,181.97999572753906,150.4656982421875,117814100
182.25,182.8300018310547,181.7100067138672,182.07000732421875,150.54013061523438,94717700
180.83999633789062,183.1999969482422,180.8300018310547,183.00999450683594,151.3173370361328,100542200
182.83999633789062,184.36000061035156,182.6699981689453,184.02000427246094,152.1524658203125,96498400
184.17999267578125,184.49000549316406,183.64999389648438,184.24000549316406,152.3344268798828,80460900
183.75999450683594,184.9499969482422,182.8699951171875,183.02000427246094,151.32562255859375,126524300
183.27000427246094,184.52000427246094,182.60000610351562,184.10000610351562,152.2186279296875,104998100
184.4499969482422,184.88999938964844,183.8000030517578,183.88999938964844,152.0449676513672,118116400
184.27999877929688,186.14999389648438,184.1999969482422,184.91000366210938,152.8882598876953,114063900
185.05999755859375,185.58999633789062,184.22999572753906,184.83999633789062,152.83045959472656,117085000
185.11000061035156,185.60000610351562,184.3300018310547,184.85000610351562,152.83871459960938,98677200
184.5800018310547,185.8699951171875,184.3699951171875,185.82000732421875,153.6407470703125,93880800
185.7899932861328,187.14999389648438,185.0500030517578,186.2899932861328,154.02932739257812,150842000
184.64999389648438,185.4499969482422,183.75,184.97999572753906,152.94618225097656,167748500
186.7899932861328,187.97999572753906,186.75,187.5800018310547,155.09597778320312,167545900
187.74000549316406,188.07000732421875,187.4499969482422,187.75,155.2365264892578,88376900
188.2100067138672,188.61000061035156,187.77999877929688,188.17999267578125,155.59201049804688,82516500
188.9600067138672,188.9600067138672,187.42999267578125,188.25999450683594,155.65817260742188,114513500
187.97000122070312,188.22999572753906,187.0800018310547,188.16000366210938,155.5754852294922,74939200
188.44000244140625,188.7100067138672,186.8000030517578,187.22999572753906,154.8065643310547,99009100
186.32000732421875,187.35000610351562,185.89999389648438,187.27999877929688,154.8478546142578,104824400
187.83999633789062,187.99000549316406,184.66000366210938,185.17999267578125,153.1115264892578,155014300
184.85000610351562,185.8000030517578,184.44000244140625,184.66000366210938,152.68161010742188,153919600
185.58999633789062,186.77000427246094,185.50999450683594,186.3300018310547,154.06240844726562,98359500
186.7100067138672,187.91000366210938,186.50999450683594,187.66000366210938,155.16209411621094,101804600
187.67999267578125,187.94000244140625,185.47000122070312,186.66000366210938,154.33523559570312,176267300
186.25,187.88999938964844,185.9199981689453,187.75,155.2365264892578,117241000
187.7100067138672,189.02000427246094,186.02999877929688,186.1999969482422,154.63442993164062,163128000
186.83999633789062,187.07000732421875,184.6199951171875,185.42999267578125,153.99493408203125,121411000
186.3699951171875,186.94000244140625,185.27000427246094,186.30999755859375,154.7257537841797,103852000
187.0399932861328,187.33999633789062,184.9199981689453,184.97000122070312,153.61293029785156,119843000
184.75,185.33999633789062,183.89999389648438,184.5800018310547,153.2890625,142383000
185.11000061035156,186.4199981689453,185.0,185.49000549316406,154.04478454589844,101642000
186.6699981689453,187.3000030517578,185.52000427246094,187.00999450683594,155.30706787109375,99745000
187.6199951171875,188.36000061035156,187.0,188.25,156.3368682861328,89193000
188.49000549316406,189.1300048828125,188.13999938964844,188.8800048828125,156.86012268066406,78774000
189.1699981689453,189.22000122070312,188.0500030517578,188.6300048828125,156.65248107910156,77435000
189.66000366210938,189.6999969482422,186.10000610351562,186.39999389648438,154.80047607421875,169381000
185.9499969482422,186.25999450683594,183.9600067138672,184.33999633789062,153.0897674560547,140803000
184.25999450683594,185.39999389648438,183.58999633789062,185.10000610351562,153.72091674804688,112660000
185.60000610351562,187.14999389648438,185.05999755859375,187.08999633789062,155.37351989746094,100254000
187.0800018310547,187.1699981689453,182.92999267578125,183.16000366210938,152.1097412109375,172959000
182.13999938964844,183.4199981689453,181.30999755859375,181.50999450683594,150.73953247070312,167251000
182.92999267578125,183.3699951171875,181.44000244140625,182.94000244140625,151.92703247070312,132382000
183.32000732421875,184.3300018310547,181.50999450683594,184.1999969482422,152.9735107421875,157093000
185.47000122070312,186.13999938964844,184.64999389648438,186.1300048828125,154.57630920410156,105197000
185.8800048828125,186.91000366210938,185.55999755859375,186.38999938964844,154.79220581054688,105255000
186.44000244140625,187.10000610351562,186.2100067138672,187.0399932861328,155.33197021484375,68329000
187.22999572753906,188.39999389648438,187.1300048828125,187.88999938964844,156.03794860839844,85790000
187.82000732421875,187.9199981689453,187.3000030517578,187.4499969482422,155.67250061035156,73869000
188.3699951171875,188.38999938964844,186.92999267578125,187.8300018310547,155.98812866210938,88170000
187.22000122070312,187.3300018310547,185.8699951171875,186.2899932861328,154.70913696289062,100380000
187.0500030517578,187.69000244140625,184.9600067138672,186.8800048828125,155.19911193847656,135121000
187.47999572753906,188.0399932861328,187.0800018310547,187.75,155.92164611816406,84098000
187.44000244140625,188.5,187.17999267578125,188.30999755859375,156.3866729736328,101508000
188.22000122070312,188.83999633789062,187.72999572753906,188.3300018310547,156.40335083007812,93019000
188.30999755859375,189.13999938964844,187.77999877929688,188.05999755859375,156.17913818359375,98122000
187.13999938964844,188.5500030517578,186.6199951171875,188.4199981689453,156.47805786132812,75883000
188.0,188.1300048828125,186.74000549316406,186.77999877929688,155.11607360839844,85454000
187.41000366210938,187.97000122070312,186.00999450683594,187.8800048828125,156.02967834472656,106500000
187.7100067138672,189.0500030517578,187.0800018310547,187.67999267578125,155.86349487304688,93618000
187.7100067138672,188.0399932861328,186.8300018310547,187.9600067138672,156.09603881835938,83679000
188.8000030517578,189.8800048828125,188.0,189.7899932861328,157.61581420898438,86940000
190.0399932861328,190.4199981689453,189.77000427246094,189.9600067138672,157.75704956054688,66454000
189.7899932861328,189.8800048828125,188.7899932861328,189.05999755859375,157.00955200195312,72367000
188.67999267578125,188.72000122070312,186.47999572753906,187.39999389648438,155.63095092773438,154956000
187.50999450683594,188.1300048828125,186.72000122070312,188.0500030517578,156.17079162597656,97458000
187.69000244140625,188.88999938964844,187.52000427246094,188.74000549316406,156.7438507080078,63839000
188.64999389648438,188.6699981689453,187.07000732421875,187.5500030517578,155.75550842285156,111644000
188.08999633789062,189.22000122070312,188.05999755859375,189.1300048828125,157.06771850585938,89093000
189.17999267578125,189.97999572753906,188.86000061035156,189.58999633789062,157.44976806640625,61549000
189.75999450683594,190.47999572753906,189.58999633789062,190.35000610351562,158.08090209960938,61092800
191.05999755859375,191.5800018310547,190.9499969482422,191.52000427246094,159.05252075195312,72010000
191.52000427246094,191.82000732421875,191.05999755859375,191.3800048828125,158.93621826171875,66723000
191.82000732421875,192.39999389648438,191.3300018310547,192.3699951171875,159.75839233398438,64377000
192.19000244140625,192.8000030517578,192.02999877929688,192.67999267578125,160.015869140625,76316000
192.9499969482422,192.99000549316406,191.97000122070312,192.89999389648438,160.19857788085938,64656000
192.42999267578125,192.89999389648438,192.25,192.8000030517578,160.11557006835938,65047000
192.47000122070312,193.3000030517578,192.27000427246094,193.19000244140625,160.43943786621094,55529000
193.41000366210938,194.64999389648438,192.6999969482422,194.4499969482422,161.48582458496094,92103000
194.8699951171875,195.42999267578125,194.77999877929688,195.3800048828125,162.25816345214844,78696000
195.35000610351562,196.0500030517578,195.1699981689453,195.5800018310547,162.42425537109375,65119000
195.33999633789062,195.63999938964844,194.9199981689453,195.60000610351562,162.4408416748047,57129000
194.89999389648438,195.1199951171875,194.47999572753906,194.9199981689453,161.87612915039062,68772000
194.69000244140625,194.8000030517578,193.11000061035156,193.5399932861328,160.7301025390625,106350000
193.9199981689453,194.32000732421875,193.3000030517578,194.1300048828125,161.22006225585938,82017000
193.88999938964844,194.6999969482422,193.66000366210938,194.2899932861328,161.35296630859375,87424000
194.02000427246094,194.97000122070312,193.80999755859375,194.8300018310547,161.8013916015625,84834000
194.8300018310547,196.3699951171875,194.39999389648438,196.25999450683594,162.9889678955078,105267000
196.42999267578125,196.60000610351562,195.8000030517578,196.47999572753906,163.17166137695312,85929000
196.02999877929688,196.10000610351562,195.6999969482422,195.94000244140625,163.5029754638672,100587000
195.99000549316406,196.0500030517578,195.52000427246094,195.8800048828125,163.452880859375,70611000
195.52999877929688,196.5,194.47999572753906,194.6999969482422,162.46824645996094,96237000
194.2899932861328,195.77999877929688,194.25,195.5800018310547,163.20252990722656,82782000
195.61000061035156,195.6300048828125,194.1300048828125,195.44000244140625,163.08575439453125,84312000
194.97999572753906,195.8800048828125,194.88999938964844,195.82000732421875,163.40284729003906,71445100
195.6999969482422,196.1699981689453,195.52999877929688,195.72000122070312,163.31936645507812,70201200
196.1999969482422,197.6300048828125,196.1300048828125,197.02999877929688,164.4125213623047,90470000
197.0500030517578,197.47999572753906,196.9600067138672,197.22999572753906,164.57943725585938,52475000
197.7899932861328,198.2899932861328,197.63999938964844,198.1999969482422,165.3887939453125,52938800
197.82000732421875,197.97999572753906,197.22000122070312,197.50999450683594,164.81307983398438,61696000
197.14999389648438,197.22000122070312,195.75999450683594,196.24000549316406,163.75326538085938,108143000
196.72999572753906,197.3000030517578,196.30999755859375,197.1199951171875,164.4876251220703,72992000
195.22000122070312,196.86000061035156,195.05999755859375,196.33999633789062,163.83673095703125,99040000
196.22000122070312,196.75,195.77999877929688,196.61000061035156,164.0620574951172,64243000
197.61000061035156,197.86000061035156,197.44000244140625,197.60000610351562,164.88812255859375,58658000
197.72000122070312,198.10000610351562,196.36000061035156,197.22999572753906,164.57943725585938,111307000
198.11000061035156,198.25999450683594,197.4199981689453,197.9600067138672,165.1885223388672,79986400
197.35000610351562,198.10000610351562,195.42999267578125,195.7100067138672,163.3110809326172,145398000
196.35000610351562,197.91000366210938,196.24000549316406,197.7100067138672,164.97999572753906,124330000
197.08999633789062,197.5,196.42999267578125,197.33999633789062,164.6712188720703,67592000
198.00999450683594,198.55999755859375,197.8699951171875,198.1999969482422,165.3887939453125,67678000
198.5,198.85000610351562,198.10000610351562,198.63999938964844,165.7559814453125,65612000
198.8300018310547,199.05999755859375,198.4499969482422,198.64999389648438,165.76434326171875,56888000
198.08999633789062,198.25999450683594,197.3300018310547,197.72000122070312,164.98831176757812,76837000
197.75999450683594,198.08999633789062,196.6199951171875,197.8000030517578,165.05506896972656,69259000
198.1699981689453,198.4499969482422,196.9199981689453,196.9499969482422,164.3457489013672,80466000
197.64999389648438,197.91000366210938,196.16000366210938,196.97999572753906,164.3708038330078,104222000
195.61000061035156,195.77999877929688,192.97000122070312,193.08999633789062,161.12478637695312,183479000
192.55999755859375,193.75999450683594,191.57000732421875,192.5,160.63241577148438,189261000
192.8699951171875,194.3000030517578,192.0500030517578,193.88999938964844,161.7923583984375,91340000
193.10000610351562,193.60000610351562,191.30999755859375,192.00999450683594,160.2235565185547,152690000
191.11000061035156,192.88999938964844,191.0800018310547,192.07000732421875,160.27366638183594,94818000
192.94000244140625,193.1300048828125,190.5500030517578,191.02999877929688,159.40576171875,135733000
191.4600067138672,193.3699951171875,190.9499969482422,193.24000549316406,161.24996948242188,117014000
193.97000122070312,194.66000366210938,193.7100067138672,193.8000030517578,161.71725463867188,74544000
193.61000061035156,194.14999389648438,192.94000244140625,193.52999877929688,161.49195861816406,73632000
194.2899932861328,195.05999755859375,193.9600067138672,194.83999633789062,162.58502197265625,69047000
195.16000366210938,195.75999450683594,194.97999572753906,195.75999450683594,163.35272216796875,57371000
196.47000122070312,196.64999389648438,194.30999755859375,195.72000122070312,163.31936645507812,139951000
196.8000030517578,197.4499969482422,196.69000244140625,197.36000061035156,164.6878662109375,75424000
197.83999633789062,198.5399932861328,197.44000244140625,198.38999938964844,165.5474090576172,59135000
198.1199951171875,199.16000366210938,198.0800018310547,198.9199981689453,165.98965454101562,72763000
199.08999633789062,199.75999450683594,198.92999267578125,199.5,166.4735870361328,67791000
199.33999633789062,199.69000244140625,198.74000549316406,199.19000244140625,166.2149658203125,76107000
200.13999938964844,200.58999633789062,199.14999389648438,200.1999969482422,167.05780029296875,63855000
200.3300018310547,200.82000732421875,200.27999877929688,200.3300018310547,167.1661834716797,47298000
200.42999267578125,200.57000732421875,199.94000244140625,200.25,167.09945678710938,47874000
199.58999633789062,200.27000427246094,199.38999938964844,200.13999938964844,167.0076446533203,58330000
200.4499969482422,200.72999572753906,199.82000732421875,200.7100067138672,167.4833526611328,65907000
200.97000122070312,201.0,199.86000061035156,200.61000061035156,167.3998565673828,72426000
201.3800048828125,201.41000366210938,200.22000122070312,200.5,167.30809020996094,57462000
200.83999633789062,201.5800018310547,199.66000366210938,200.2100067138672,167.0660858154297,85236000
200.1699981689453,201.19000244140625,199.41000366210938,201.11000061035156,167.8170928955078,102177000
200.9199981689453,201.2100067138672,200.0,200.58999633789062,167.38320922851562,64146000
200.41000366210938,200.5500030517578,198.91000366210938,199.32000732421875,166.3234100341797,88591000
199.42999267578125,200.1999969482422,198.77000427246094,200.07000732421875,166.94924926757812,67251000
199.27000427246094,200.3300018310547,199.1199951171875,200.3000030517578,167.14111328125,66774400
200.10000610351562,200.1199951171875,198.55999755859375,199.1300048828125,166.16482543945312,117409300
199.16000366210938,199.32000732421875,198.3800048828125,198.97999572753906,166.03973388671875,76401000
198.61000061035156,200.83999633789062,198.5,200.47999572753906,167.29141235351562,116201000
200.77000427246094,201.67999267578125,199.75,200.75,167.5166473388672,151266000
201.36000061035156,201.85000610351562,201.10000610351562,201.82000732421875,168.40953063964844,94990000
201.52000427246094,201.89999389648438,200.2899932861328,200.6999969482422,168.25778198242188,121649000
200.35000610351562,200.3800048828125,198.72999572753906,199.14999389648438,166.9583740234375,125553000
198.42999267578125,199.25999450683594,197.9499969482422,198.00999450683594,166.00262451171875,111393000
198.0399932861328,199.69000244140625,197.52000427246094,199.55999755859375,167.30209350585938,107276000
199.0399932861328,199.0500030517578,196.27000427246094,196.33999633789062,164.6025848388672,150300000
196.6999969482422,198.38999938964844,196.4199981689453,197.89999389648438,165.910400390625,103547000
196.1999969482422,197.88999938964844,196.0500030517578,197.5399932861328,165.60862731933594,95112000
197.69000244140625,198.3000030517578,196.61000061035156,197.02000427246094,165.17269897460938,131302000
196.6999969482422,196.77000427246094,193.91000366210938,194.35000610351562,162.93429565429688,177798000
194.17999267578125,195.05999755859375,192.35000610351562,194.3800048828125,162.95941162109375,157285000
195.67999267578125,196.94000244140625,195.0800018310547,196.52000427246094,164.75350952148438,121569000
197.33999633789062,197.60000610351562,195.5800018310547,196.2899932861328,164.5607147216797,104778000
195.27999877929688,195.72000122070312,193.22000122070312,193.25999450683594,162.02044677734375,147913000
193.3699951171875,196.9199981689453,192.36000061035156,196.63999938964844,164.8540802001953,186461000
196.3300018310547,196.60000610351562,192.5800018310547,192.74000549316406,161.5845184326172,210705000
192.69000244140625,193.64999389648438,190.49000549316406,190.5399932861328,159.7401123046875,221909000
190.4600067138672,191.14999389648438,187.3000030517578,187.41000366210938,157.11611938476562,230939000
188.4199981689453,189.82000732421875,187.0399932861328,187.6999969482422,157.35922241210938,215847000
185.16000366210938,187.69000244140625,181.9199981689453,186.42999267578125,156.29443359375,380715000
183.05999755859375,187.5800018310547,182.88999938964844,186.27000427246094,156.1603546142578,270391000
188.4199981689453,189.75,187.6199951171875,188.47000122070312,158.0047149658203,214625000
188.1300048828125,190.4499969482422,188.07000732421875,190.3000030517578,159.53890991210938,130011000
191.67999267578125,194.1999969482422,191.47999572753906,194.07000732421875,162.69955444335938,154949000
194.41000366210938,194.91000366210938,192.61000061035156,192.69000244140625,161.54254150390625,151822000
194.6199951171875,196.1999969482422,194.25999450683594,194.92999267578125,163.4205322265625,154944000
195.25,196.49000549316406,194.49000549316406,196.42999267578125,164.67800903320312,117927000
195.72999572753906,196.4499969482422,195.02999877929688,196.16000366210938,164.45169067382812,82954000
196.82000732421875,198.4199981689453,196.72999572753906,198.41000366210938,166.33792114257812,106736000
198.5500030517578,199.1199951171875,196.8000030517578,198.11000061035156,166.08645629882812,142557000
197.5800018310547,199.9499969482422,197.39999389648438,199.3800048828125,167.15122985839844,113330000
201.77999877929688,201.82000732421875,200.77000427246094,201.66000366210938,169.0626220703125,146903000
201.9199981689453,202.4499969482422,201.30999755859375,201.77000427246094,169.15484619140625,93600000
201.22999572753906,201.60000610351562,200.05999755859375,201.07000732421875,168.56800842285156,93343000
202.5399932861328,202.58999633789062,201.4499969482422,202.33999633789062,169.63272094726562,91709000
202.38999938964844,203.25999450683594,201.63999938964844,203.14999389648438,170.31175231933594,107089000
203.1699981689453,203.60000610351562,202.61000061035156,203.33999633789062,170.47109985351562,89540000
203.3800048828125,204.0399932861328,203.1300048828125,203.97999572753906,171.007568359375,66319000
204.05999755859375,204.30999755859375,203.64999389648438,204.17999267578125,171.1752471923828,54499400
203.35000610351562,204.24000549316406,203.30999755859375,203.9600067138672,170.99085998535156,90120300
204.16000366210938,204.8300018310547,203.2100067138672,204.19000244140625,171.1836700439453,85357900
204.10000610351562,204.49000549316406,203.72000122070312,204.24000549316406,171.2255859375,80417500
203.85000610351562,204.5800018310547,203.64999389648438,204.3699951171875,171.3345489501953,80441000
204.44000244140625,205.9199981689453,204.44000244140625,205.5500030517578,172.32382202148438,76068100
205.30999755859375,205.5500030517578,204.3000030517578,205.22000122070312,172.0471649169922,82373000
204.25999450683594,205.7100067138672,204.17999267578125,205.5800018310547,172.34893798828125,72840300
207.63999938964844,207.83999633789062,205.97999572753906,206.67999267578125,173.2711639404297,142327300
207.1699981689453,207.38999938964844,206.91000366210938,207.25999450683594,173.7574005126953,65880800
207.5399932861328,207.7899932861328,206.8000030517578,207.11000061035156,173.6316680908203,79108300
207.2899932861328,207.75999450683594,207.02999877929688,207.63999938964844,174.0759735107422,62167800
207.49000549316406,207.8699951171875,206.91000366210938,207.1999969482422,173.70709228515625,57890100
206.39999389648438,206.5399932861328,205.3800048828125,205.75999450683594,172.4999237060547,103968400
205.80999755859375,207.33999633789062,205.77999877929688,207.08999633789062,173.6149139404297,74507200
207.3000030517578,208.14999389648438,207.10000610351562,207.88999938964844,174.28555297851562,68952000
207.5399932861328,208.27000427246094,206.6999969482422,207.66000366210938,174.09274291992188,91316600
207.8699951171875,208.47000122070312,207.5500030517578,208.0,174.37782287597656,91025500
207.52000427246094,208.1199951171875,205.92999267578125,206.61000061035156,173.21250915527344,108588200
204.3699951171875,206.60000610351562,203.91000366210938,206.47000122070312,173.09510803222656,125180100
205.91000366210938,205.97999572753906,202.92999267578125,203.16000366210938,170.3201446533203,159856400
203.8800048828125,206.19000244140625,203.7100067138672,204.19000244140625,171.1836700439453,159012800
202.63999938964844,203.82000732421875,200.85000610351562,200.88999938964844,168.4170684814453,202330200
201.97999572753906,202.52999877929688,198.77999877929688,199.50999450683594,167.26014709472656,189965800
198.5800018310547,202.39999389648438,197.86000061035156,197.91000366210938,165.9187774658203,259543800
198.44000244140625,202.33999633789062,198.2899932861328,201.7899932861328,169.17166137695312,253910100
204.74000549316406,212.97000122070312,203.9199981689453,206.77999877929688,173.3550567626953,257633900
206.42999267578125,207.3300018310547,205.61000061035156,206.52000427246094,174.09259033203125,245084600
206.75,207.47000122070312,206.4600067138672,207.47000122070312,174.89337158203125,148318900
208.1699981689453,208.22999572753906,207.39999389648438,207.75,175.12953186035156,122167900
208.02000427246094,208.33999633789062,207.72000122070312,207.77000427246094,175.14633178710938,42963400
208.30999755859375,208.85000610351562,208.25,208.44000244140625,175.7111358642578,57326700
208.22000122070312,208.97000122070312,208.13999938964844,208.72000122070312,175.94715881347656,79643900
208.2100067138672,208.3699951171875,207.50999450683594,207.60000610351562,175.0030517578125,73540800
207.99000549316406,208.19000244140625,205.38999938964844,205.5399932861328,173.2664794921875,130333800
206.3800048828125,206.8800048828125,204.17999267578125,205.42999267578125,173.17373657226562,121465900
204.1699981689453,204.3699951171875,201.35000610351562,201.72000122070312,170.0463104248047,169632600
202.08999633789062,202.72000122070312,198.86000061035156,199.82000732421875,168.44467163085938,209151400
201.4199981689453,202.72000122070312,200.8800048828125,202.30999755859375,170.54364013671875,125346700
204.00999450683594,206.16000366210938,203.99000549316406,205.89999389648438,173.56996154785156,147217800
206.39999389648438,206.4199981689453,203.50999450683594,204.25,172.17906188964844,158567300
204.41000366210938,204.60000610351562,201.9199981689453,202.64999389648438,170.83029174804688,144396100
204.1199951171875,205.47999572753906,200.50999450683594,202.0800018310547,170.3498077392578,214553300
199.64999389648438,201.10000610351562,198.57000732421875,200.86000061035156,169.32135009765625,192991100
201.6300048828125,202.00999450683594,198.8800048828125,199.02000427246094,167.770263671875,176613900
198.77000427246094,201.82000732421875,198.5500030517578,201.6300048828125,169.97044372558594,211879600
202.39999389648438,202.72000122070312,200.1699981689453,202.05999755859375,170.3328857421875,130991100
201.5,203.66000366210938,200.94000244140625,203.0800018310547,171.1927947998047,122942700
203.99000549316406,206.25999450683594,202.3300018310547,206.10000610351562,173.73858642578125,174356000
205.7899932861328,206.10000610351562,204.80999755859375,204.97000122070312,172.78598022460938,117516800
204.7100067138672,205.55999755859375,203.85000610351562,205.4499969482422,173.1905975341797,92009700
202.97000122070312,204.1199951171875,201.74000549316406,202.74000549316406,170.90615844726562,134044600
204.1699981689453,204.2899932861328,199.91000366210938,200.13999938964844,168.71438598632812,168514300
200.3800048828125,202.3000030517578,198.67999267578125,201.99000549316406,170.27389526367188,173585400
200.57000732421875,202.1699981689453,199.1300048828125,199.4499969482422,168.1327667236328,197729700
200.0500030517578,202.02999877929688,197.86000061035156,201.9199981689453,170.21490478515625,163107000
203.0,204.85000610351562,202.5500030517578,204.83999633789062,172.6764373779297,124212900
203.9199981689453,205.3800048828125,203.50999450683594,204.05999755859375,172.01889038085938,134306700
204.86000061035156,206.3000030517578,204.77000427246094,206.1199951171875,173.75540161132812,97953200
206.55999755859375,207.24000549316406,204.9199981689453,205.5500030517578,173.27496337890625,125672000
204.77000427246094,205.63999938964844,204.13999938964844,204.6300048828125,172.49940490722656,87219000
205.8800048828125,207.1199951171875,204.67999267578125,206.80999755859375,174.33706665039062,96164200
206.61000061035156,207.4499969482422,205.8300018310547,206.92999267578125,174.43826293945312,91087800
207.88999938964844,208.99000549316406,206.97000122070312,208.9199981689453,176.11581420898438,97545900
209.07000732421875,209.83999633789062,208.75999450683594,209.77999877929688,176.8406982421875,93670400
209.39999389648438,210.32000732421875,209.10000610351562,210.11000061035156,177.118896484375,76968200
209.66000366210938,210.22000122070312,209.33999633789062,210.1300048828125,177.13580322265625,80652900
209.41000366210938,210.4199981689453,209.24000549316406,209.97999572753906,177.00933837890625,91462500
209.47999572753906,211.3300018310547,208.72999572753906,211.24000549316406,178.0714874267578,140896400
210.94000244140625,211.2100067138672,210.47999572753906,211.2100067138672,178.04620361328125,74411100
211.1199951171875,212.0500030517578,210.75999450683594,211.80999755859375,178.552001953125,72472300
211.66000366210938,212.24000549316406,211.22000122070312,211.6300048828125,178.40023803710938,73061700
211.52000427246094,211.7100067138672,210.64999389648438,211.3800048828125,178.18951416015625,72697900
211.25999450683594,211.5800018310547,210.60000610351562,210.66000366210938,177.58258056640625,108076000
210.77999877929688,212.05999755859375,210.72000122070312,211.99000549316406,178.7037353515625,87491400
211.47000122070312,212.0500030517578,210.0800018310547,211.1199951171875,177.97035217285156,110325800
210.39999389648438,210.49000549316406,209.05999755859375,210.22999572753906,177.22007751464844,114497200
210.6199951171875,210.8000030517578,209.85000610351562,210.4600067138672,177.4139862060547,76873000
209.4199981689453,209.94000244140625,207.10000610351562,207.5,174.9187469482422,188128000
207.74000549316406,208.7899932861328,207.5500030517578,208.36000061035156,175.6437225341797,89818900
206.7100067138672,206.80999755859375,204.92999267578125,204.97999572753906,172.7944793701172,157121300
205.2899932861328,205.5,204.39999389648438,204.5,172.38980102539062,110145700
205.25999450683594,207.17999267578125,205.1999969482422,207.10000610351562,174.58151245117188,93993500
206.77000427246094,207.92999267578125,204.5800018310547,205.8300018310547,173.5109405517578,162410900
206.7100067138672,208.69000244140625,205.86000061035156,208.5800018310547,175.82916259765625,136099200
207.69000244140625,208.4199981689453,206.97999572753906,207.9600067138672,175.30653381347656,94510400
207.38999938964844,211.27000427246094,206.6199951171875,210.4600067138672,177.4139862060547,228808500
209.9600067138672,210.47000122070312,209.02999877929688,209.5,176.60475158691406,117917300
209.7100067138672,211.02000427246094,209.49000549316406,210.41000366210938,178.16354370117188,177715100
210.4199981689453,211.11000061035156,210.0,210.0,177.81642150878906,71784500
209.85000610351562,210.39999389648438,208.74000549316406,208.82000732421875,176.81729125976562,77805300
209.07000732421875,209.35000610351562,205.7100067138672,205.75999450683594,174.22616577148438,159521700
204.9600067138672,206.3699951171875,204.1199951171875,205.27000427246094,173.8113250732422,153067200
205.1300048828125,205.9499969482422,204.89999389648438,205.74000549316406,174.20924377441406,118939000
206.97999572753906,208.61000061035156,206.9600067138672,208.25,176.33456420898438,96180400
207.25999450683594,208.10000610351562,206.36000061035156,206.42999267578125,174.7935333251953,126768700
206.38999938964844,206.4199981689453,204.50999450683594,205.6999969482422,174.1753692626953,137303600
205.6199951171875,206.97999572753906,205.39999389648438,206.44000244140625,174.8020477294922,86900900
205.3699951171875,208.4499969482422,205.2100067138672,207.8300018310547,175.97898864746094,114368200
207.86000061035156,208.75999450683594,207.24000549316406,207.27999877929688,175.51321411132812,81236300
207.5500030517578,208.50999450683594,207.0800018310547,207.97999572753906,176.10594177246094,89351900
207.77999877929688,209.17999267578125,207.19000244140625,208.89999389648438,176.8849639892578,85548900
209.1999969482422,210.08999633789062,208.9600067138672,210.0399932861328,177.8502197265625,72722900
209.8699951171875,210.6300048828125,209.02999877929688,209.08999633789062,177.04586791992188,74436600
208.85000610351562,209.7100067138672,208.10000610351562,209.49000549316406,177.3845672607422,75099900
210.0500030517578,211.0399932861328,209.9499969482422,210.42999267578125,178.18048095703125,99529300
210.02999877929688,210.97999572753906,209.7899932861328,210.3699951171875,178.12969970703125,68934900
208.94000244140625,209.22999572753906,207.00999450683594,207.9499969482422,176.08055114746094,191113200
209.05999755859375,210.25,208.9600067138672,209.85000610351562,177.68942260742188,92189500
210.6699981689453,210.86000061035156,209.24000549316406,209.60000610351562,177.4777069091797,72559800
210.00999450683594,210.85000610351562,208.89999389648438,210.6300048828125,178.34988403320312,78264600
210.14999389648438,211.94000244140625,210.00999450683594,211.16000366210938,178.7986297607422,102585900
211.66000366210938,211.97000122070312,211.11000061035156,211.64999389648438,179.21351623535156,61327400
212.3300018310547,212.47999572753906,210.5399932861328,210.77000427246094,178.4683837890625,79358100
210.74000549316406,211.5,209.3300018310547,211.44000244140625,179.03573608398438,86863500
210.3699951171875,211.2899932861328,209.60000610351562,210.57000732421875,178.299072265625,125684900
209.8800048828125,210.35000610351562,207.6199951171875,208.4600067138672,176.5124053955078,161304900
209.39999389648438,210.77000427246094,209.27999877929688,210.72000122070312,178.42605590820312,103399700
211.22999572753906,212.02000427246094,211.10000610351562,211.32000732421875,178.93411254882812,70927200
211.02999877929688,211.4600067138672,208.72999572753906,208.89999389648438,176.8849639892578,113326200
209.55999755859375,209.92999267578125,206.75999450683594,208.0399932861328,176.1568145751953,135060200
207.9199981689453,209.3800048828125,207.52000427246094,208.8699951171875,176.85960388183594,88244900
210.8800048828125,211.86000061035156,210.77999877929688,211.6199951171875,179.1881103515625,155877300
211.57000732421875,211.88999938964844,210.52000427246094,210.61000061035156,178.3329315185547,75708100
209.61000061035156,210.6300048828125,208.6199951171875,209.97999572753906,177.79942321777344,119727600
210.47000122070312,211.22000122070312,209.74000549316406,210.02000427246094,177.83334350585938,94667900
211.24000549316406,212.32000732421875,210.91000366210938,212.2100067138672,179.6876678466797,95934000
212.44000244140625,212.61000061035156,211.86000061035156,212.44000244140625,179.8824920654297,76510100
212.24000549316406,213.39999389648438,212.16000366210938,213.10000610351562,180.44131469726562,74549700
213.24000549316406,213.57000732421875,212.69000244140625,213.02999877929688,180.3820037841797,72114600
213.14999389648438,213.77999877929688,212.5,212.8800048828125,180.25502014160156,76857500
212.7100067138672,213.75,212.50999450683594,213.5,180.780029296875,64764600
213.0399932861328,213.5399932861328,212.91000366210938,212.99000549316406,180.34814453125,57433500
212.39999389648438,212.91000366210938,210.1999969482422,210.6999969482422,178.40914916992188,124308600
211.25,212.97999572753906,210.75999450683594,212.6999969482422,180.10260009765625,93214000
212.3300018310547,212.58999633789062,211.6300048828125,212.4600067138672,179.8993682861328,74974600
212.3800048828125,212.42999267578125,210.82000732421875,211.13999938964844,178.78173828125,124919600
211.94000244140625,212.33999633789062,210.6199951171875,211.57000732421875,179.14576721191406,93338800
211.02000427246094,212.19000244140625,210.27000427246094,211.36000061035156,178.96798706054688,91531000
212.0,212.6699981689453,211.3300018310547,211.9199981689453,179.44212341308594,87820900
211.07000732421875,211.86000061035156,209.75,210.1300048828125,177.92652893066406,151882800
209.9499969482422,210.5800018310547,208.97999572753906,209.77000427246094,177.6216583251953,121704700
209.63999938964844,209.82000732421875,208.38999938964844,208.47999572753906,176.52931213378906,89063300
208.4499969482422,209.10000610351562,207.69000244140625,208.4499969482422,176.5039825439453,105034700
209.3699951171875,211.41000366210938,209.3000030517578,210.9499969482422,178.62081909179688,134551300
211.47999572753906,212.08999633789062,211.1999969482422,211.6300048828125,179.19659423828125,73876400
210.63999938964844,211.47999572753906,209.67999267578125,210.00999450683594,177.8248748779297,135382400
208.63999938964844,209.4499969482422,207.7899932861328,209.11000061035156,177.0627899169922,124384200
208.92999267578125,210.35000610351562,208.72000122070312,210.25,178.028076171875,85308200
210.58999633789062,211.32000732421875,209.36000061035156,210.58999633789062,178.3159637451172,126708600
211.30999755859375,213.33999633789062,210.6300048828125,212.77999877929688,180.17031860351562,165867900
211.4600067138672,211.5500030517578,210.36000061035156,210.80999755859375,179.37054443359375,130478700
211.91000366210938,212.58999633789062,211.63999938964844,211.88999938964844,180.2894287109375,70696000
212.13999938964844,212.44000244140625,211.57000732421875,212.0399932861328,180.41708374023438,68476800
211.72000122070312,212.1699981689453,210.47000122070312,210.5,179.1068115234375,92307300
211.10000610351562,211.25,209.77000427246094,209.86000061035156,178.56224060058594,97107400
210.2899932861328,210.5800018310547,209.16000366210938,209.82000732421875,178.52816772460938,104174800
208.0500030517578,209.8300018310547,205.3300018310547,205.4199981689453,174.7843780517578,202621300
207.25999450683594,207.32000732421875,205.27999877929688,205.85000610351562,175.1502685546875,182925100
207.72999572753906,208.02999877929688,206.55999755859375,207.5,176.55418395996094,135979900
208.07000732421875,208.27000427246094,206.80999755859375,207.30999755859375,176.3925018310547,104373700
205.77000427246094,207.64999389648438,205.52999877929688,206.72000122070312,175.89051818847656,117975400
206.9600067138672,208.1699981689453,204.11000061035156,208.02000427246094,176.9966583251953,173820200
206.4199981689453,206.75999450683594,204.25,204.52999877929688,174.02711486816406,164020100
207.0399932861328,207.35000610351562,204.77000427246094,204.89999389648438,174.3419647216797,144113100
207.2899932861328,207.97999572753906,204.9499969482422,207.47999572753906,176.53717041015625,129456900
208.99000549316406,209.89999389648438,208.94000244140625,209.77000427246094,178.48565673828125,106069400
209.72000122070312,211.0500030517578,209.64999389648438,210.67999267578125,179.2598876953125,81709600
210.72999572753906,211.27999877929688,210.0399932861328,210.61000061035156,179.200439453125,97914100
211.8699951171875,212.3000030517578,211.5800018310547,212.3000030517578,180.63832092285156,106683300
212.2899932861328,212.5500030517578,211.8000030517578,212.47999572753906,180.7914276123047,89030000
212.75,213.17999267578125,212.2100067138672,212.58999633789062,180.8850860595703,70446800
212.42999267578125,212.74000549316406,211.38999938964844,211.75,180.1703338623047,77965000
210.92999267578125,211.77000427246094,210.88999938964844,211.3699951171875,179.8470458984375,88667900
211.52999877929688,211.64999389648438,209.75,210.17999267578125,178.83448791503906,90509100
210.3000030517578,210.3699951171875,207.60000610351562,208.0,176.9796600341797,117755000
206.94000244140625,207.5500030517578,206.25999450683594,206.7899932861328,175.9500274658203,132361100
207.7899932861328,209.5,206.8000030517578,209.3300018310547,178.11126708984375,123544800
209.47999572753906,211.0399932861328,209.30999755859375,210.77000427246094,179.33651733398438,105791300
210.16000366210938,211.02000427246094,209.4199981689453,210.82000732421875,179.3790740966797,91304400
211.4199981689453,211.4499969482422,210.16000366210938,210.5,179.1068115234375,103266900
210.4600067138672,210.52999877929688,208.64999389648438,209.7899932861328,178.5026397705078,113965700
209.6999969482422,210.25,208.8000030517578,209.3800048828125,178.15377807617188,81820800
210.4499969482422,211.30999755859375,209.72999572753906,210.07000732421875,178.74090576171875,85786800
210.2899932861328,210.4199981689453,207.64999389648438,208.35000610351562,177.2774658203125,116030800
208.16000366210938,208.33999633789062,206.8699951171875,207.9499969482422,176.9370880126953,117858000
209.27999877929688,210.6699981689453,209.27999877929688,210.57000732421875,179.16636657714844,80270700
208.97000122070312,209.47000122070312,207.75999450683594,208.6699981689453,177.54971313476562,126081400
207.11000061035156,209.13999938964844,205.36000061035156,208.9199981689453,177.7624053955078,172123700
208.72999572753906,209.5500030517578,208.00999450683594,208.66000366210938,177.5412139892578,89383300
208.42999267578125,209.50999450683594,208.25999450683594,209.4199981689453,178.1877899169922,72786500
208.7100067138672,210.58999633789062,208.16000366210938,210.58999633789062,179.18333435058594,79072600
210.25999450683594,210.67999267578125,209.6999969482422,209.97999572753906,178.66432189941406,71692700
209.08999633789062,210.00999450683594,207.35000610351562,208.32000732421875,177.2519073486328,172946000
206.50999450683594,208.2899932861328,203.89999389648438,203.97000122070312,173.55062866210938,194327900
201.72999572753906,203.94000244140625,197.52000427246094,197.8300018310547,168.3263397216797,346588500
187.49000549316406,197.47999572753906,182.39999389648438,189.5,161.2386474609375,507244300
195.42999267578125,195.4499969482422,186.9199981689453,187.27000427246094,159.34120178222656,369833100
192.0800018310547,194.7899932861328,188.3699951171875,194.4600067138672,165.4589385986328,339257000
197.02000427246094,199.4199981689453,195.2100067138672,199.27000427246094,169.55157470703125,274143900
198.5,199.83999633789062,197.9199981689453,199.27999877929688,169.5601043701172,160414400
198.11000061035156,199.1300048828125,197.00999450683594,197.6699981689453,168.19020080566406,163298800
193.1199951171875,194.77000427246094,190.72999572753906,191.77000427246094,163.17005920410156,256000400
194.6199951171875,195.4600067138672,192.4199981689453,195.41000366210938,166.26724243164062,160269300
196.25999450683594,198.0500030517578,194.9600067138672,195.5500030517578,166.38633728027344,152087800
192.85000610351562,193.86000061035156,191.61000061035156,192.58999633789062,163.8678436279297,207081000
195.94000244140625,197.61000061035156,195.1699981689453,197.42999267578125,167.9860382080078,116025700
199.32000732421875,199.47000122070312,194.35000610351562,194.7899932861328,165.73965454101562,149347700
194.55999755859375,197.22000122070312,194.25,195.85000610351562,166.6416015625,158611100
195.3800048828125,196.82000732421875,194.52999877929688,196.74000549316406,167.39886474609375,119691200
196.9499969482422,197.00999450683594,195.42999267578125,196.00999450683594,166.77777099609375,79452000
196.61000061035156,198.99000549316406,195.9600067138672,198.4600067138672,168.8623504638672,113806200
198.82000732421875,200.41000366210938,198.41000366210938,200.17999267578125,170.32583618164062,99581600
200.02000427246094,202.88999938964844,199.27999877929688,199.72999572753906,169.94296264648438,276046600
195.7100067138672,198.67999267578125,194.9600067138672,195.4499969482422,167.1658477783203,223657500
196.44000244140625,197.67999267578125,195.2100067138672,196.4600067138672,168.02969360351562,105726200
193.8800048828125,194.4600067138672,192.55999755859375,193.91000366210938,165.8486785888672,153890900
194.11000061035156,194.6699981689453,192.91000366210938,193.60000610351562,165.58355712890625,92790600
192.14999389648438,193.4499969482422,190.55999755859375,192.89999389648438,164.98484802246094,159378800
194.63999938964844,195.0,191.80999755859375,192.85000610351562,164.94216918945312,155054800
191.77999877929688,191.91000366210938,187.63999938964844,188.00999450683594,160.802490234375,178515900
188.27000427246094,189.74000549316406,186.92999267578125,188.1199951171875,160.8966064453125,159045600
190.3699951171875,191.8300018310547,189.44000244140625,191.6300048828125,163.89866638183594,163452000
192.0800018310547,192.49000549316406,189.82000732421875,192.1300048828125,164.32632446289062,131079000
189.77000427246094,195.02999877929688,189.1199951171875,195.0,166.78094482421875,211003300
196.4600067138672,198.74000549316406,196.3300018310547,198.47000122070312,169.74879455566406,126320800
198.30999755859375,198.97999572753906,197.0,197.7899932861328,169.16717529296875,110274500
198.89999389648438,199.8300018310547,197.47999572753906,199.41000366210938,170.5527801513672,124307300
198.9499969482422,201.5500030517578,198.58999633789062,201.2100067138672,172.09231567382812,153055200
201.3800048828125,201.89999389648438,200.5800018310547,201.3300018310547,172.1949462890625,107069200
201.4199981689453,201.75999450683594,200.91000366210938,201.52000427246094,172.35748291015625,56395600
200.64999389648438,202.16000366210938,200.0500030517578,200.25,171.271240234375,88038700
200.17999267578125,200.8699951171875,198.94000244140625,199.2899932861328,170.4501495361328,99106200
200.0800018310547,202.36000061035156,199.63999938964844,202.35000610351562,173.06735229492188,134142200
202.8300018310547,203.2899932861328,201.9199981689453,203.27000427246094,173.8542022705078,114580100
202.5,203.3699951171875,202.1300048828125,203.3699951171875,173.93971252441406,76523900
202.85000610351562,203.83999633789062,202.5500030517578,203.11000061035156,173.7173309326172,78448500
203.61000061035156,203.7899932861328,201.64999389648438,201.85000610351562,172.63966369628906,102038000
202.97999572753906,205.50999450683594,201.85000610351562,205.25999450683594,175.55621337890625,174911700
207.25,207.9499969482422,206.3000030517578,207.50999450683594,177.48060607910156,144442300
207.3000030517578,207.3699951171875,206.55999755859375,207.0,177.04434204101562,69033000
206.1999969482422,207.0,205.7899932861328,206.60000610351562,176.7022705078125,77905800
207.0,208.97999572753906,206.2100067138672,208.9499969482422,178.7122344970703,135906700
208.35000610351562,209.27000427246094,208.2100067138672,208.8300018310547,178.609619140625,90525500
209.05999755859375,209.44000244140625,207.74000549316406,207.92999267578125,177.8397979736328,131076900
208.32000732421875,210.6199951171875,208.1699981689453,210.38999938964844,179.94384765625,86270800
209.97000122070312,211.66000366210938,209.6999969482422,211.0,180.46556091308594,95246100
211.35000610351562,211.5,209.72000122070312,210.36000061035156,179.91818237304688,96224500
210.42999267578125,210.97999572753906,209.08999633789062,210.14999389648438,179.73855590820312,78408700
209.74000549316406,210.32000732421875,208.4600067138672,210.0399932861328,179.64450073242188,110471500
209.30999755859375,209.49000549316406,206.9499969482422,208.0800018310547,177.9681396484375,131008700
207.50999450683594,208.60000610351562,207.19000244140625,208.55999755859375,178.378662109375,75874600
208.8800048828125,208.94000244140625,207.66000366210938,207.74000549316406,177.67730712890625,67846000
206.5,207.05999755859375,204.82000732421875,204.83999633789062,175.1969757080078,121315200
204.35000610351562,204.6699981689453,202.44000244140625,202.5399932861328,173.22984313964844,153577100
202.32000732421875,205.69000244140625,202.17999267578125,205.6199951171875,175.8641357421875,117645200
205.99000549316406,207.0399932861328,204.8800048828125,205.47000122070312,175.73583984375,121123700
206.0399932861328,208.89999389648438,205.99000549316406,208.72999572753906,178.52407836914062,121342500
208.58999633789062,209.0500030517578,208.1999969482422,208.5500030517578,178.37013244628906,88220500
209.4499969482422,210.1199951171875,208.86000061035156,209.30999755859375,179.02011108398438,94011500
209.3800048828125,209.97999572753906,208.52000427246094,209.07000732421875,178.81484985351562,64931200
207.8699951171875,209.8300018310547,207.41000366210938,209.35000610351562,179.05433654785156,98874400
209.5,209.74000549316406,209.00999450683594,209.32000732421875,179.0286865234375,51980100
209.42999267578125,209.8000030517578,208.86000061035156,209.55999755859375,179.2339630126953,37317800
209.75,209.88999938964844,208.55999755859375,208.69000244140625,178.4898681640625,112822700
209.44000244140625,210.82000732421875,209.11000061035156,210.67999267578125,180.19190979003906,97858400
210.6199951171875,211.0,208.22999572753906,208.52999877929688,178.35301208496094,108441300
208.8300018310547,209.14999389648438,204.75,205.61000061035156,175.85556030273438,166224200
205.61000061035156,209.97000122070312,205.61000061035156,209.6199951171875,179.28530883789062,192913900
209.22999572753906,209.72999572753906,207.1999969482422,208.35000610351562,178.19908142089844,102027100
206.49000549316406,208.2899932861328,205.77999877929688,206.9499969482422,177.0016326904297,103372400
206.19000244140625,208.67999267578125,204.17999267578125,205.33999633789062,175.62464904785156,162401500
205.4199981689453,207.42999267578125,205.13999938964844,205.8699951171875,176.0779571533203,116128900
203.35000610351562,204.13999938964844,201.50999450683594,201.8800048828125,172.6653594970703,211173300
202.07000732421875,203.0500030517578,199.9499969482422,202.89999389648438,173.5377655029297,182385200
204.6999969482422,206.11000061035156,202.8699951171875,205.02999877929688,175.3594970703125,154069600
206.3699951171875,208.38999938964844,204.8000030517578,208.02999877929688,177.92538452148438,197017000
208.39999389648438,208.47999572753906,204.83999633789062,204.86000061035156,175.21412658691406,173092500
202.77000427246094,202.92999267578125,199.8300018310547,200.02000427246094,172.09263610839844,251393500
201.41000366210938,201.8800048828125,200.08999633789062,201.6699981689453,173.51229858398438,99094300
202.72000122070312,203.85000610351562,201.5500030517578,203.5,175.08676147460938,111026200
204.69000244140625,206.07000732421875,204.5800018310547,206.02000427246094,177.2548828125,110987200
205.72000122070312,206.3300018310547,205.4199981689453,205.67999267578125,176.96238708496094,48539600
204.86000061035156,205.25999450683594,203.94000244140625,205.2100067138672,176.55799865722656,65899900
206.50999450683594,207.7899932861328,206.47000122070312,207.39999389648438,178.44227600097656,92640700
207.11000061035156,207.2100067138672,205.75999450683594,205.92999267578125,177.17745971679688,63317700
205.1300048828125,205.88999938964844,203.8699951171875,203.8699951171875,175.4051055908203,114877900
200.49000549316406,201.02999877929688,198.58999633789062,201.02000427246094,172.9530029296875,222353500
201.39999389648438,201.89999389648438,200.0500030517578,201.36000061035156,173.24551391601562,110845800
198.33999633789062,200.05999755859375,197.60000610351562,198.82000732421875,171.06019592285156,152112600
195.3300018310547,197.44000244140625,193.58999633789062,194.0500030517578,166.9561767578125,213436100
195.19000244140625,195.85000610351562,191.5800018310547,191.9199981689453,165.12362670898438,209817200
193.00999450683594,193.41000366210938,189.82000732421875,192.11000061035156,165.2870635986328,187941300
193.82000732421875,194.5500030517578,191.13999938964844,193.66000366210938,166.62066650390625,172330500
194.4499969482422,194.86000061035156,188.3800048828125,188.8300018310547,162.46502685546875,221168900
189.5500030517578,193.25999450683594,187.66000366210938,191.92999267578125,165.13221740722656,240795600
186.77000427246094,188.75999450683594,185.52000427246094,187.80999755859375,161.58746337890625,324846400
189.9600067138672,190.11000061035156,186.1999969482422,188.05999755859375,161.80252075195312,195244400
185.02999877929688,187.5,181.02000427246094,185.64999389648438,159.7290496826172,286547800
186.2100067138672,188.8699951171875,184.63999938964844,186.69000244140625,160.6238250732422,195772900
189.77999877929688,190.75999450683594,188.8800048828125,190.52000427246094,163.9190673828125,168319600
189.9199981689453,190.14999389648438,187.41000366210938,187.63999938964844,161.44117736816406,130371700
188.4199981689453,190.52999877929688,188.02000427246094,190.1999969482422,163.6437530517578,141036800
189.5800018310547,191.55999755859375,187.05999755859375,188.1300048828125,161.86277770996094,185681700
189.9600067138672,190.1999969482422,187.16000366210938,189.11000061035156,162.70594787597656,143798800
190.02000427246094,193.8800048828125,189.8800048828125,193.72000122070312,166.67225646972656,210529300
192.52999877929688,194.5800018310547,191.83999633789062,193.64999389648438,166.6120147705078,136061600
191.9600067138672,191.97000122070312,189.5399932861328,190.16000366210938,163.60934448242188,182564900
191.41000366210938,191.77999877929688,187.10000610351562,191.3000030517578,164.5901336669922,205054900
190.7100067138672,192.75,189.9600067138672,191.60000610351562,164.8483123779297,139531800
190.99000549316406,191.6699981689453,187.1999969482422,187.9499969482422,161.70790100097656,180788300
185.77000427246094,186.1199951171875,182.8000030517578,185.4199981689453,159.53109741210938,191526700
183.36000061035156,186.94000244140625,183.1999969482422,185.42999267578125,159.53976440429688,184513100
186.41000366210938,188.33999633789062,185.1199951171875,185.27000427246094,159.40206909179688,148214100
182.33999633789062,184.10000610351562,181.08999633789062,182.86000061035156,157.32859802246094,219058900
184.9600067138672,186.64999389648438,183.9600067138672,186.6300048828125,160.57215881347656,127632400
188.77000427246094,189.80999755859375,187.6300048828125,189.77999877929688,163.2824249267578,120250700
191.16000366210938,193.32000732421875,191.00999450683594,192.8800048828125,165.9495391845703,136009500
193.1999969482422,193.27000427246094,191.72000122070312,192.08999633789062,165.26991271972656,102343000
191.1699981689453,192.17999267578125,190.4499969482422,192.0,165.19244384765625,114793000
193.8699951171875,194.9499969482422,193.7899932861328,194.77999877929688,167.58425903320312,103640300
194.0,194.32000732421875,192.17999267578125,192.32000732421875,165.46775817871094,111455300
190.6300048828125,193.52999877929688,189.32000732421875,193.1999969482422,166.224853515625,150812200
193.72999572753906,195.5500030517578,192.8300018310547,195.5399932861328,168.2381591796875,110728300
196.57000732421875,196.67999267578125,194.89999389648438,195.08999633789062,167.85101318359375,129833700
195.11000061035156,196.22999572753906,193.3300018310547,193.55999755859375,166.5345916748047,125918100
195.00999450683594,198.2100067138672,194.4499969482422,198.11000061035156,170.44935607910156,141799700
197.74000549316406,199.05999755859375,197.25,199.0,171.215087890625,102415000
198.7899932861328,199.8000030517578,198.11000061035156,199.77999877929688,171.8861846923828,95172200
200.00999450683594,201.35000610351562,199.02999877929688,200.42999267578125,172.4454345703125,129293600
199.33999633789062,201.07000732421875,199.25,200.58999633789062,172.58306884765625,100219000
199.32000732421875,199.9199981689453,198.2100067138672,198.39999389648438,170.69888305664062,123974900
199.36000061035156,199.7899932861328,198.42999267578125,199.3800048828125,171.5420379638672,94801200
199.9600067138672,201.07000732421875,197.3800048828125,199.5399932861328,171.67967224121094,156838700
201.25999450683594,202.80999755859375,199.52000427246094,202.75999450683594,174.45008850097656,137964500
202.16000366210938,203.0399932861328,201.77000427246094,202.5,174.22634887695312,73612000
201.36000061035156,202.52999877929688,201.0500030517578,202.1699981689453,173.9424591064453,93169100
201.60000610351562,203.82000732421875,201.5500030517578,203.33999633789062,174.94906616210938,129303200
203.24000549316406,205.22999572753906,202.77000427246094,204.6300048828125,176.0590362548828,134278500
204.1699981689453,204.77999877929688,203.8000030517578,204.3800048828125,176.7508544921875,138372400
204.07000732421875,204.94000244140625,203.8000030517578,204.6699981689453,177.00161743164062,72926700
203.75999450683594,205.22999572753906,203.57000732421875,204.55999755859375,176.90652465820312,97471900
204.11000061035156,204.3300018310547,203.00999450683594,203.2100067138672,175.73904418945312,81052500
202.0,203.16000366210938,201.74000549316406,203.1199951171875,175.66114807128906,84360900
203.61000061035156,203.86000061035156,202.7100067138672,203.24000549316406,175.7649383544922,62408200
202.75999450683594,205.25,202.39999389648438,205.1199951171875,177.3907928466797,92922900
206.3000030517578,206.8699951171875,205.58999633789062,206.02000427246094,178.16915893554688,86365300
205.91000366210938,206.41000366210938,205.3300018310547,205.52000427246094,177.73672485351562,94584100
204.35000610351562,207.13999938964844,203.97999572753906,206.9199981689453,178.9474639892578,114423500
206.8300018310547,207.07000732421875,205.88999938964844,206.25,178.36805725097656,63497000
204.6699981689453,206.25999450683594,203.88999938964844,204.19000244140625,176.5865020751953,99662200
204.19000244140625,206.49000549316406,203.97999572753906,206.4199981689453,178.5150909423828,91839800
205.13999938964844,205.55999755859375,203.08999633789062,203.9499969482422,176.37899780273438,113859000
205.33999633789062,205.85000610351562,203.8699951171875,204.5,176.8546142578125,95040600
205.25,206.07000732421875,203.91000366210938,204.02000427246094,176.4394989013672,83757500
204.22000122070312,206.25,203.6999969482422,205.9199981689453,178.0826416015625,115350600
207.0,208.10000610351562,206.83999633789062,208.0,179.8814239501953,96336400
208.07000732421875,208.60000610351562,207.60000610351562,208.00999450683594,179.8900909423828,65212900
208.00999450683594,208.1699981689453,207.39999389648438,207.77999877929688,179.69122314453125,75761600
207.77999877929688,209.27999877929688,207.0,209.24000549316406,180.95384216308594,82531000
209.74000549316406,210.1999969482422,208.94000244140625,209.89999389648438,181.5246124267578,88316100
209.9499969482422,210.9199981689453,209.38999938964844,210.10000610351562,181.6975555419922,81100300
210.1199951171875,210.25,208.64999389648438,208.97000122070312,180.72036743164062,85695000
208.5500030517578,209.2899932861328,207.91000366210938,208.97000122070312,180.72036743164062,99251700
208.25999450683594,208.66000366210938,207.5399932861328,208.61000061035156,180.40896606445312,66166500
209.0399932861328,209.52000427246094,208.36000061035156,208.9199981689453,180.67713928222656,75864200
208.47000122070312,209.80999755859375,208.0500030517578,209.35000610351562,181.04898071289062,77329400
208.4600067138672,209.75999450683594,206.9600067138672,207.4499969482422,179.40582275390625,97216200
206.72000122070312,207.1300048828125,205.02999877929688,206.3300018310547,178.437255859375,142424100
206.9199981689453,208.17999267578125,206.41000366210938,207.97000122070312,179.85549926757812,62188000
206.52000427246094,206.8000030517578,205.27999877929688,206.16000366210938,178.29022216796875,106422100
204.99000549316406,205.85000610351562,204.4199981689453,205.00999450683594,177.29563903808594,92243800
205.55999755859375,205.97999572753906,204.47000122070312,204.97000122070312,177.26109313964844,67619200
204.05999755859375,205.77000427246094,203.8800048828125,205.72000122070312,177.90969848632812,89315000
205.57000732421875,206.39999389648438,205.36000061035156,205.88999938964844,178.0567169189453,74374900
206.72000122070312,208.47000122070312,206.63999938964844,208.4499969482422,180.2706298828125,77472200
207.91000366210938,208.5399932861328,206.5,206.5,178.584228515625,81727000
207.2899932861328,207.49000549316406,205.3699951171875,206.55999755859375,178.63616943359375,89586300
206.2100067138672,206.86000061035156,204.3800048828125,204.75999450683594,177.07948303222656,96474600
204.9600067138672,207.33999633789062,204.88999938964844,206.77999877929688,178.82640075683594,77486800
206.4600067138672,206.8000030517578,204.22999572753906,204.85000610351562,177.1573028564453,114924900
204.44000244140625,206.3000030517578,203.6300048828125,204.91000366210938,177.20919799804688,120062100
204.05999755859375,204.5399932861328,202.77999877929688,204.1999969482422,176.59519958496094,115430500
204.9199981689453,206.10000610351562,204.86000061035156,205.49000549316406,177.71078491210938,104990400
205.50999450683594,205.83999633789062,204.99000549316406,205.2100067138672,177.4686279296875,58682600
206.1699981689453,208.24000549316406,206.13999938964844,207.8699951171875,179.76904296875,93537800
208.6699981689453,209.77000427246094,207.8699951171875,209.27999877929688,180.98843383789062,76621400
209.44000244140625,209.7100067138672,208.97000122070312,209.33999633789062,181.04029846191406,55280700
209.52999877929688,210.25,209.47000122070312,210.24000549316406,181.8186492919922,64211200
210.55999755859375,210.69000244140625,209.17999267578125,209.83999633789062,181.47271728515625,109879400
209.1199951171875,210.47999572753906,208.88999938964844,210.27000427246094,181.84461975097656,69936200
209.8000030517578,210.92999267578125,209.24000549316406,210.91000366210938,182.3980712890625,63044700
210.25,210.69000244140625,208.86000061035156,210.27999877929688,181.85325622558594,101757100
210.6999969482422,211.77000427246094,210.50999450683594,211.35000610351562,182.7786407470703,64887000
211.52999877929688,212.33999633789062,211.5,211.67999267578125,183.06398010253906,60974800
211.83999633789062,212.52000427246094,211.69000244140625,212.3699951171875,183.66065979003906,66170900
211.50999450683594,212.22000122070312,211.19000244140625,212.0800018310547,183.409912109375,73786900
210.4600067138672,210.86000061035156,209.42999267578125,210.07000732421875,181.67169189453125,113829200
209.36000061035156,210.3699951171875,208.35000610351562,208.4499969482422,180.2706298828125,117751200
208.0,208.74000549316406,206.9199981689453,208.0399932861328,179.91610717773438,125059300
208.0399932861328,209.36000061035156,207.52999877929688,207.75,179.66525268554688,109124500
207.75,208.57000732421875,205.58999633789062,208.3699951171875,180.2014617919922,149533100
207.1699981689453,207.1999969482422,205.75,206.52000427246094,179.5303497314453,117055700
208.82000732421875,209.61000061035156,207.75,207.85000610351562,180.68650817871094,82789600
208.3000030517578,208.9199981689453,207.77999877929688,208.44000244140625,181.1994171142578,72461700
208.64999389648438,209.5,207.92999267578125,208.10000610351562,180.9038543701172,95560500
209.80999755859375,210.8699951171875,209.27000427246094,210.80999755859375,183.2596893310547,102731400
203.6300048828125,210.85000610351562,202.72000122070312,203.24000549316406,176.67897033691406,333444400
201.58999633789062,201.60000610351562,198.64999389648438,199.60000610351562,173.51470947265625,230775800
201.47999572753906,203.22999572753906,201.1199951171875,203.1999969482422,176.6442108154297,159382400
204.83999633789062,206.92999267578125,204.72000122070312,206.66000366210938,179.6520233154297,137328600
207.2100067138672,209.5399932861328,206.55999755859375,209.47999572753906,182.10348510742188,165021900
209.47999572753906,210.49000549316406,209.2899932861328,209.9199981689453,182.4860076904297,106055300
208.9499969482422,209.0800018310547,207.7100067138672,208.41000366210938,181.17335510253906,109803700
207.8300018310547,209.8000030517578,207.05999755859375,209.66000366210938,182.25997924804688,96021500
209.8699951171875,210.64999389648438,208.6300048828125,209.52999877929688,182.14697265625,85593800
211.0500030517578,212.94000244140625,210.77999877929688,212.64999389648438,184.85923767089844,133971000
213.19000244140625,214.07000732421875,212.9499969482422,213.39999389648438,185.5111846923828,73633900
214.52999877929688,215.3000030517578,213.42999267578125,214.9499969482422,186.8585968017578,101275600
215.44000244140625,215.4499969482422,214.35000610351562,214.9199981689453,186.83261108398438,87324100
216.39999389648438,216.6699981689453,215.66000366210938,216.1199951171875,187.875732421875,91230900
216.77999877929688,217.00999450683594,215.30999755859375,215.8300018310547,187.6236572265625,107155400
215.97000122070312,216.60000610351562,215.6699981689453,216.41000366210938,188.12779235839844,58725900
215.9199981689453,216.22999572753906,215.6300048828125,216.19000244140625,187.9365997314453,54345700
216.19000244140625,217.3699951171875,216.19000244140625,217.08999633789062,188.7189178466797,58159500
216.9600067138672,217.22000122070312,215.75,216.27000427246094,188.00613403320312,67777300
216.41000366210938,217.3000030517578,216.10000610351562,217.24000549316406,188.84933471679688,62787500
217.0,217.05999755859375,215.97000122070312,216.64999389648438,188.3365020751953,55873100
216.52999877929688,217.1699981689453,215.75999450683594,216.75,188.42340087890625,70080500
217.19000244140625,217.27000427246094,215.6199951171875,216.52000427246094,188.22344970703125,84083900
216.2899932861328,217.11000061035156,215.75,216.77000427246094,188.44081115722656,65035700
216.4600067138672,217.5399932861328,216.1300048828125,217.1199951171875,188.74501037597656,79519400
217.19000244140625,217.64999389648438,216.41000366210938,216.94000244140625,188.5885772705078,73311400
216.64999389648438,216.8300018310547,214.57000732421875,215.5500030517578,187.38023376464844,92295500
215.47999572753906,216.25,215.1300048828125,216.17999267578125,187.92791748046875,53993600
216.30999755859375,216.77999877929688,214.25,216.41000366210938,188.12779235839844,46585500
216.41000366210938,218.22999572753906,216.41000366210938,218.17999267578125,189.66651916503906,71892200
218.39999389648438,218.52000427246094,217.74000549316406,218.0500030517578,189.5535125732422,39906500
218.1300048828125,218.75999450683594,217.8000030517578,218.17999267578125,189.66651916503906,51251700
218.30999755859375,218.39999389648438,217.22999572753906,217.63999938964844,189.19711303710938,57941100
218.25999450683594,218.94000244140625,217.9499969482422,218.64999389648438,190.07508850097656,72504300
218.2899932861328,218.7100067138672,217.99000549316406,218.4600067138672,189.90989685058594,61313500
218.88999938964844,219.5,218.8800048828125,219.08999633789062,190.45758056640625,49813500
218.60000610351562,218.67999267578125,217.9600067138672,217.9600067138672,189.47531127929688,53213600
218.0,218.52999877929688,217.02000427246094,218.3699951171875,189.8316650390625,75134300
218.33999633789062,218.89999389648438,218.2100067138672,218.86000061035156,190.25765991210938,52989300
218.30999755859375,218.75,217.74000549316406,218.5399932861328,189.97946166992188,75443000
218.25999450683594,218.8000030517578,217.8300018310547,218.52999877929688,189.9707794189453,61368800
219.25,219.60000610351562,218.89999389648438,218.97000122070312,190.35325622558594,53399200
218.8000030517578,218.91000366210938,217.36000061035156,217.85000610351562,189.37966918945312,71728900
217.39999389648438,218.19000244140625,217.22000122070312,217.6999969482422,189.24920654296875,69224800
217.9199981689453,219.1199951171875,216.25,217.2899932861328,188.892822265625,122506300
217.44000244140625,218.6699981689453,217.39999389648438,218.36000061035156,189.822998046875,70502200
218.25999450683594,218.58999633789062,217.35000610351562,218.0,189.51007080078125,58114500
217.61000061035156,217.75,216.47000122070312,217.3800048828125,188.9710693359375,85269500
217.3699951171875,217.72999572753906,216.02999877929688,217.38999938964844,188.97975158691406,97844200
218.38999938964844,218.8699951171875,217.6999969482422,218.3699951171875,189.8316650390625,79293900
218.6999969482422,219.1199951171875,217.86000061035156,219.02999877929688,190.4054412841797,56702100
218.83999633789062,219.22000122070312,218.3000030517578,219.00999450683594,190.38804626464844,76554900
218.6199951171875,218.94000244140625,218.14999389648438,218.50999450683594,189.95338439941406,74102900
216.97000122070312,217.02999877929688,213.25,213.27999877929688,185.40687561035156,221589100
212.38999938964844,216.80999755859375,212.30999755859375,216.33999633789062,188.0669708251953,168110900
214.83999633789062,215.14999389648438,212.5,213.22999572753906,185.36346435546875,182828800
213.2899932861328,214.6999969482422,212.5,213.14999389648438,185.2938995361328,134185500
212.9600067138672,215.72999572753906,212.75,215.27999877929688,187.14553833007812,134427900
213.47999572753906,213.69000244140625,212.57000732421875,213.3699951171875,186.422119140625,155236400
214.1300048828125,214.8800048828125,213.02999877929688,213.41000366210938,186.45703125,80250500
214.41000366210938,214.58999633789062,213.3800048828125,213.4199981689453,186.4657745361328,69665300
214.24000549316406,216.02999877929688,213.44000244140625,215.82000732421875,188.56265258789062,110284400
217.0,217.52999877929688,216.7100067138672,217.17999267578125,189.75088500976562,76678700
216.72000122070312,216.8800048828125,215.8800048828125,215.99000549316406,188.71119689941406,73630900
215.02000427246094,215.22999572753906,214.00999450683594,214.24000549316406,187.1822052001953,89827300
214.0500030517578,215.67999267578125,213.6199951171875,215.57000732421875,188.34425354003906,78494800
215.8300018310547,216.82000732421875,214.7100067138672,216.63999938964844,189.2791290283203,87411000
216.39999389648438,216.8699951171875,214.0399932861328,214.67999267578125,187.56661987304688,128070600
215.64999389648438,217.1199951171875,215.36000061035156,216.3000030517578,188.9820556640625,117202900
215.82000732421875,216.0399932861328,215.0399932861328,215.77999877929688,188.5277099609375,83512100
215.91000366210938,216.1699981689453,213.99000549316406,214.67999267578125,187.56661987304688,119948100
215.41000366210938,216.1300048828125,215.3300018310547,215.6300048828125,188.3966827392578,72816000
215.3699951171875,216.0399932861328,214.74000549316406,215.77999877929688,188.5277099609375,62927400
216.10000610351562,216.3000030517578,214.19000244140625,215.0399932861328,187.88111877441406,89788300
216.16000366210938,216.6999969482422,215.99000549316406,216.16000366210938,188.85972595214844,51855000
215.66000366210938,215.74000549316406,212.5800018310547,213.42999267578125,186.4744873046875,130367400
213.58999633789062,214.32000732421875,213.00999450683594,213.7100067138672,186.7191619873047,73866100
212.16000366210938,213.58999633789062,211.2100067138672,213.00999450683594,186.10755920410156,101357000
214.14999389648438,214.69000244140625,213.02999877929688,213.1199951171875,186.20364379882812,93346200
213.08999633789062,213.38999938964844,212.1699981689453,212.3800048828125,185.55711364746094,58275700
214.24000549316406,214.30999755859375,213.27000427246094,213.7100067138672,186.7191619873047,76869700
214.02000427246094,214.63999938964844,213.60000610351562,214.27999877929688,187.2171173095703,66519200
213.8699951171875,214.52999877929688,213.11000061035156,213.8800048828125,186.86769104003906,73639800
213.8800048828125,214.0800018310547,212.75999450683594,213.97999572753906,186.95501708984375,89089100
215.0,215.32000732421875,214.47999572753906,214.88999938964844,187.75010681152344,60146600
214.67999267578125,214.97999572753906,213.97999572753906,214.1699981689453,187.1210174560547,66542300
213.2100067138672,214.4199981689453,212.92999267578125,213.74000549316406,186.7454071044922,75705500
214.5800018310547,214.6199951171875,213.0800018310547,213.1699981689453,186.247314453125,77220200
213.13999938964844,213.92999267578125,211.7100067138672,212.5399932861328,185.69691467285156,140623200
212.92999267578125,213.19000244140625,212.36000061035156,212.5500030517578,185.70565795898438,61272500
212.92999267578125,212.99000549316406,209.60000610351562,211.00999450683594,184.3601531982422,122781800
210.64999389648438,211.10000610351562,209.22999572753906,209.74000549316406,183.25059509277344,103330800
209.99000549316406,210.24000549316406,208.4600067138672,208.77999877929688,182.4118194580078,88939300
208.91000366210938,209.88999938964844,208.3800048828125,208.5500030517578,182.2108154296875,109122100
208.5500030517578,213.19000244140625,208.5500030517578,213.14999389648438,186.22987365722656,109794900
212.69000244140625,214.77000427246094,212.3800048828125,214.11000061035156,187.068603515625,106772100
212.3699951171875,217.10000610351562,212.33999633789062,216.3800048828125,189.05197143554688,258429000
217.3000030517578,218.30999755859375,215.22000122070312,216.9199981689453,189.52369689941406,172113300
216.0800018310547,216.6999969482422,215.32000732421875,216.4199981689453,189.08685302734375,100552700
217.02999877929688,217.27000427246094,215.72000122070312,216.58999633789062,189.23541259765625,94580000
217.0399932861328,218.27999877929688,216.8000030517578,218.27999877929688,190.71202087402344,91652600
217.55999755859375,218.13999938964844,217.4199981689453,217.8699951171875,190.35374450683594,65617700
218.0500030517578,219.05999755859375,217.9199981689453,218.99000549316406,191.33230590820312,69797200
219.07000732421875,219.27000427246094,218.2899932861328,218.5,190.9041748046875,86265800
219.1699981689453,220.17999267578125,219.0,220.14999389648438,192.3457794189453,72402600
220.50999450683594,220.7899932861328,219.72999572753906,220.5800018310547,192.7215118408203,67429000
219.97999572753906,220.75999450683594,219.75,220.6999969482422,192.82630920410156,56620200
221.10000610351562,221.55999755859375,221.00999450683594,221.52000427246094,193.54281616210938,37872300
221.16000366210938,221.47999572753906,220.36000061035156,220.47999572753906,192.6341094970703,76572500
220.52000427246094,221.44000244140625,220.1699981689453,220.91000366210938,193.009765625,69886700
221.6300048828125,221.82000732421875,220.30999755859375,220.3800048828125,192.54676818847656,113291800
220.72999572753906,220.72999572753906,219.14999389648438,219.57000732421875,191.83908081054688,79040500
219.6699981689453,220.25,219.25999450683594,219.67999267578125,191.93511962890625,74840300
220.64999389648438,221.39999389648438,220.4199981689453,221.0,193.0885009765625,67837800
221.22000122070312,221.74000549316406,220.66000366210938,221.6999969482422,193.70004272460938,59877400
221.52000427246094,224.6699981689453,221.3800048828125,224.60000610351562,196.23377990722656,110738100
224.57000732421875,225.6999969482422,224.25999450683594,225.14999389648438,196.71429443359375,99714400
225.41000366210938,226.52999877929688,225.3699951171875,226.50999450683594,197.90252685546875,88005800
226.39999389648438,226.9600067138672,225.75999450683594,226.25,197.6754150390625,102016100
227.02000427246094,228.33999633789062,227.0,227.75999450683594,198.99468994140625,110477500
227.41000366210938,228.22999572753906,225.3699951171875,225.8800048828125,197.3520965576172,142501800
226.16000366210938,227.80999755859375,225.88999938964844,226.80999755859375,198.16464233398438,124972600
226.00999450683594,226.0800018310547,224.6699981689453,225.0399932861328,197.77706909179688,156420200
225.25,226.02000427246094,225.0800018310547,225.52999877929688,198.20774841308594,90341100
226.14999389648438,226.57000732421875,225.8800048828125,226.39999389648438,198.9723358154297,89838800
226.25,226.4499969482422,225.77000427246094,225.77000427246094,198.418701171875,67909000
225.60000610351562,225.74000549316406,224.9199981689453,225.3800048828125,198.07591247558594,56219100
225.42999267578125,225.72000122070312,225.2100067138672,225.7100067138672,198.3659210205078,36697800
226.02000427246094,226.72999572753906,226.0,226.27000427246094,198.8580322265625,42672500
226.57000732421875,226.58999633789062,224.27000427246094,224.39999389648438,197.21463012695312,64095000
224.47999572753906,224.88999938964844,223.83999633789062,224.35000610351562,197.17068481445312,48696100
224.72999572753906,224.8300018310547,222.72999572753906,223.52999877929688,196.4500274658203,108998300
225.0399932861328,225.8300018310547,223.8800048828125,225.24000549316406,197.9528350830078,91366500
225.6199951171875,226.75,225.61000061035156,226.5800018310547,199.13052368164062,78744400
226.27000427246094,226.5800018310547,225.47999572753906,226.39999389648438,198.9723358154297,78379000
226.52999877929688,227.75,225.89999389648438,227.2100067138672,199.68421936035156,71559900
226.91000366210938,227.07000732421875,226.4199981689453,226.4600067138672,199.02508544921875,46939700
226.47999572753906,227.4499969482422,226.00999450683594,226.4600067138672,199.02508544921875,63771900
226.36000061035156,227.10000610351562,225.58999633789062,227.10000610351562,199.5875244140625,74650000
226.5,226.75,224.9600067138672,226.52999877929688,199.08656311035156,72113200
226.72999572753906,227.39999389648438,226.69000244140625,227.0500030517578,199.54356384277344,62717900
226.30999755859375,226.77999877929688,225.8000030517578,226.25,198.8405303955078,61240800
226.5399932861328,226.8000030517578,225.89999389648438,226.75,199.27993774414062,54793300
226.83999633789062,227.0,225.41000366210938,225.91000366210938,198.5417022705078,66608800
226.6999969482422,227.30999755859375,225.97000122070312,226.74000549316406,199.27114868164062,129168600
226.74000549316406,226.80999755859375,225.27000427246094,226.14999389648438,198.7526397705078,75061600
226.39999389648438,228.0800018310547,226.27000427246094,227.60000610351562,200.0269317626953,95555300
228.6999969482422,229.57000732421875,228.50999450683594,229.57000732421875,201.75828552246094,84437700
229.39999389648438,229.7100067138672,229.00999450683594,229.3300018310547,201.5474090576172,59970700
229.4199981689453,229.58999633789062,228.75999450683594,228.97000122070312,201.23095703125,59711100
228.1699981689453,228.1999969482422,226.41000366210938,227.5500030517578,199.9829864501953,79737300
226.97999572753906,227.60000610351562,226.32000732421875,227.52999877929688,199.96542358398438,75880800
227.52999877929688,228.58999633789062,226.94000244140625,227.6199951171875,200.04454040527344,79117700
227.6199951171875,228.10000610351562,226.82000732421875,227.77000427246094,200.17636108398438,69657600
228.82000732421875,229.5500030517578,228.4600067138672,229.33999633789062,201.55616760253906,80563200
228.8699951171875,229.3300018310547,228.5399932861328,228.92999267578125,201.1958465576172,57790100
229.3800048828125,229.66000366210938,228.72000122070312,228.94000244140625,201.20465087890625,57931200
228.94000244140625,229.38999938964844,228.30999755859375,229.24000549316406,201.46829223632812,51566200
229.24000549316406,230.9499969482422,229.24000549316406,230.60000610351562,202.66351318359375,65955200
231.0,231.77000427246094,230.6199951171875,231.50999450683594,203.46327209472656,66015900
232.0800018310547,233.07000732421875,232.0500030517578,232.77000427246094,204.5706787109375,55182100
232.55999755859375,233.7100067138672,232.16000366210938,233.6999969482422,205.38795471191406,71109000
233.4499969482422,235.13999938964844,233.38999938964844,234.9199981689453,206.46014404296875,86785800
234.9499969482422,235.16000366210938,233.85000610351562,234.72000122070312,206.28439331054688,84722400
233.9499969482422,235.08999633789062,233.92999267578125,235.08999633789062,206.60951232910156,77204100
235.52000427246094,236.69000244140625,235.50999450683594,236.49000549316406,207.8399200439453,88946100
236.02000427246094,236.5399932861328,235.8300018310547,236.27999877929688,207.6553955078125,62115200
236.8800048828125,236.89999389648438,235.55999755859375,236.44000244140625,207.79603576660156,74615900
235.4600067138672,236.7899932861328,235.41000366210938,236.74000549316406,208.05970764160156,82381600
236.63999938964844,237.30999755859375,236.35000610351562,237.11000061035156,208.38482666015625,56515400
236.6699981689453,236.9499969482422,236.02000427246094,236.47000122070312,207.82237243652344,96961900
238.38999938964844,240.32000732421875,238.3699951171875,239.77999877929688,210.7314453125,149158200
239.55999755859375,239.57000732421875,238.2100067138672,238.27000427246094,209.404296875,70246000
238.1699981689453,238.61000061035156,237.72999572753906,238.4199981689453,209.53611755371094,81974300
237.5,238.1199951171875,237.00999450683594,237.7100067138672,208.912109375,55391500
237.36000061035156,237.77000427246094,236.75999450683594,237.0,208.2882080078125,65103700
237.33999633789062,237.63999938964844,236.39999389648438,236.55999755859375,207.90150451660156,78168800
236.6999969482422,237.24000549316406,235.74000549316406,236.86000061035156,208.1651611328125,90683900
237.97000122070312,238.02000427246094,236.58999633789062,237.69000244140625,208.89459228515625,81991700
237.6199951171875,237.86000061035156,237.24000549316406,237.80999755859375,209.0000457763672,57256800
237.17999267578125,237.24000549316406,236.19000244140625,236.89999389648438,208.20030212402344,59880800
237.55999755859375,239.44000244140625,237.2899932861328,238.9499969482422,210.001953125,96081800
239.11000061035156,239.1999969482422,238.10000610351562,238.47999572753906,209.58889770507812,78344000
237.75,237.97000122070312,237.02999877929688,237.02999877929688,209.22080993652344,89002100
237.02999877929688,237.36000061035156,236.32000732421875,236.77000427246094,208.99131774902344,52537000
237.47000122070312,237.61000061035156,233.5800018310547,233.72999572753906,206.30795288085938,131809300
233.77000427246094,234.61000061035156,233.0500030517578,234.27999877929688,206.79345703125,97569200
234.27999877929688,235.33999633789062,233.60000610351562,234.02999877929688,206.57273864746094,100410300
234.3800048828125,235.0399932861328,232.9600067138672,233.86000061035156,206.4227294921875,112504900
231.92999267578125,233.9199981689453,231.61000061035156,233.6199951171875,206.21084594726562,87454500
233.27000427246094,235.80999755859375,233.13999938964844,235.32000732421875,207.71139526367188,93483900
234.99000549316406,235.80999755859375,234.72999572753906,235.5399932861328,207.9055938720703,61950400
235.47000122070312,236.52000427246094,235.27000427246094,236.2899932861328,208.56759643554688,56737900
235.89999389648438,236.50999450683594,235.67999267578125,235.74000549316406,208.0821533203125,73733100
235.8000030517578,236.02999877929688,233.91000366210938,235.3300018310547,207.7202606201172,85546500
235.0,235.5800018310547,234.55999755859375,235.47999572753906,207.85263061523438,56466200
236.25999450683594,237.38999938964844,234.5399932861328,234.77999877929688,207.2347869873047,108800600
234.94000244140625,236.0399932861328,234.42999267578125,235.44000244140625,207.8173370361328,69135800
235.14999389648438,236.0,234.63999938964844,235.1999969482422,207.60549926757812,74412300
235.36000061035156,236.25999450683594,234.72999572753906,235.33999633789062,207.72906494140625,67615300
234.89999389648438,235.17999267578125,233.33999633789062,235.05999755859375,207.48193359375,88045300
234.74000549316406,234.9600067138672,233.77000427246094,234.02999877929688,206.57273864746094,81864400
233.63999938964844,234.49000549316406,232.50999450683594,232.50999450683594,205.23110961914062,92880400
233.11000061035156,234.57000732421875,232.8800048828125,234.57000732421875,207.04937744140625,68405400
233.72000122070312,234.49000549316406,233.0800018310547,233.8699951171875,206.4315185546875,83225800
234.52000427246094,234.9499969482422,233.17999267578125,233.44000244140625,206.05198669433594,68699900
234.14999389648438,235.85000610351562,233.77999877929688,235.33999633789062,207.72906494140625,92572200
235.25,235.30999755859375,234.1300048828125,234.58999633789062,207.06704711914062,110389800
237.17999267578125,237.41000366210938,234.55999755859375,237.1699981689453,209.34439086914062,119209900
237.91000366210938,238.9499969482422,237.80999755859375,238.5500030517578,210.56243896484375,76698300
238.50999450683594,239.52999877929688,238.35000610351562,238.39999389648438,210.43003845214844,84702500
238.77000427246094,238.9499969482422,237.97999572753906,238.60000610351562,210.6066131591797,57410300
238.89999389648438,238.92999267578125,237.92999267578125,238.0800018310547,210.14764404296875,63532800
238.67999267578125,239.1699981689453,238.1999969482422,238.67999267578125,210.67718505859375,66882500
238.83999633789062,238.97999572753906,238.3000030517578,238.77000427246094,210.75662231445312,57375700
238.77000427246094,238.8800048828125,237.6999969482422,238.47999572753906,210.50070190429688,73137700
238.8300018310547,238.9199981689453,237.77999877929688,238.75999450683594,210.74783325195312,61462700
239.19000244140625,239.72000122070312,238.67999267578125,239.6999969482422,211.57754516601562,62001300
239.75,239.9199981689453,239.1699981689453,239.66000366210938,211.54225158691406,48385700
239.9600067138672,240.19000244140625,239.0399932861328,239.44000244140625,211.34803771972656,51363200
239.38999938964844,239.8699951171875,239.14999389648438,239.8699951171875,211.7275848388672,54293800
239.35000610351562,239.57000732421875,238.1300048828125,239.3800048828125,211.2950897216797,62358300
239.08999633789062,239.42999267578125,238.6699981689453,238.97999572753906,210.94200134277344,53912700
239.47000122070312,240.44000244140625,239.4499969482422,240.3000030517578,212.10714721679688,61918900
240.63999938964844,240.6699981689453,239.6300048828125,240.0800018310547,211.91290283203125,51241800
240.0800018310547,240.0800018310547,235.75,235.82000732421875,208.1527557373047,172174100
235.72999572753906,237.75,235.42999267578125,236.77000427246094,208.99131774902344,107047700
237.3300018310547,239.0800018310547,237.27000427246094,238.30999755859375,210.35061645507812,115011400
238.89999389648438,239.7100067138672,238.82000732421875,239.52000427246094,211.41867065429688,61010600
239.9499969482422,240.24000549316406,239.50999450683594,240.0500030517578,211.88650512695312,48341700
240.32000732421875,240.72999572753906,239.92999267578125,240.61000061035156,212.3807830810547,46927700
241.1999969482422,242.0800018310547,240.9600067138672,241.75999450683594,213.3958740234375,64071700
241.5399932861328,241.89999389648438,241.4499969482422,241.7100067138672,213.3516845703125,46629900
241.33999633789062,241.7899932861328,241.16000366210938,241.5,213.16636657714844,35201900
241.83999633789062,241.8800048828125,240.63999938964844,241.44000244140625,213.11341857910156,91796000
241.97000122070312,243.3800048828125,241.63999938964844,243.36000061035156,214.80816650390625,68962000
243.4199981689453,244.35000610351562,243.0800018310547,244.1699981689453,215.52310180664062,88666100
243.97000122070312,244.3000030517578,243.75999450683594,243.99000549316406,215.36424255371094,44698800
243.33999633789062,243.97999572753906,243.1199951171875,243.2100067138672,214.67575073242188,50375400
243.60000610351562,243.9199981689453,242.8300018310547,243.66000366210938,215.0729217529297,54144300
243.77000427246094,244.3300018310547,243.1699981689453,243.77999877929688,215.1788787841797,65950700
244.08999633789062,245.00999450683594,241.9499969482422,243.41000366210938,214.852294921875,132256400
243.1300048828125,243.4199981689453,242.3800048828125,243.36000061035156,214.80816650390625,86108100
243.97999572753906,244.61000061035156,243.5800018310547,244.5500030517578,215.8585205078125,60067000
244.86000061035156,244.8699951171875,243.2899932861328,244.24000549316406,215.58489990234375,78602300
242.67999267578125,243.91000366210938,242.36000061035156,243.77000427246094,215.1700439453125,66464900
242.77000427246094,242.8300018310547,241.6300048828125,242.63999938964844,215.21705627441406,84553100
243.58999633789062,244.72999572753906,243.47999572753906,244.66000366210938,217.00877380371094,65123800
244.25,244.25999450683594,242.99000549316406,243.00999450683594,215.5452423095703,56906400
243.4600067138672,243.58999633789062,242.41000366210938,242.9499969482422,215.4920654296875,55977600
242.9600067138672,243.52999877929688,242.63999938964844,242.83999633789062,215.3944549560547,44148100
242.91000366210938,243.50999450683594,242.47000122070312,243.1300048828125,215.6516571044922,66986800
243.89999389648438,244.3800048828125,243.0500030517578,243.2899932861328,215.7935791015625,56700500
243.0399932861328,243.3800048828125,241.30999755859375,241.3300018310547,214.0551300048828,82247700
242.5,243.72000122070312,242.22999572753906,243.49000549316406,215.97096252441406,70042600
243.66000366210938,243.72000122070312,239.9600067138672,241.35000610351562,214.07286071777344,106949700
242.27999877929688,242.7100067138672,241.5800018310547,241.8000030517578,214.4720001220703,86820700
242.8800048828125,243.3800048828125,242.2100067138672,242.2100067138672,214.83567810058594,39153800
242.6300048828125,243.00999450683594,241.6999969482422,242.77000427246094,215.33236694335938,54427600
241.88999938964844,242.02999877929688,240.33999633789062,240.5500030517578,213.36326599121094,65400800
241.2100067138672,242.27999877929688,240.55999755859375,242.11000061035156,214.74693298339844,57972300
242.11000061035156,242.8000030517578,241.75999450683594,242.3699951171875,214.97755432128906,36663300
242.3699951171875,242.5500030517578,240.85000610351562,242.19000244140625,214.81788635253906,50354600
243.3000030517578,244.1999969482422,243.3000030517578,244.00999450683594,216.43223571777344,59610400
244.02000427246094,244.5500030517578,243.75999450683594,244.4199981689453,216.7958526611328,39471600
244.4199981689453,245.97000122070312,244.30999755859375,245.55999755859375,217.8070526123047,60262700
245.47000122070312,245.91000366210938,245.3300018310547,245.52999877929688,217.7804412841797,33531900
245.05999755859375,245.72000122070312,244.6699981689453,245.66000366210938,217.89573669433594,42742500
246.02000427246094,247.0,246.00999450683594,246.99000549316406,219.07540893554688,51034300
247.27999877929688,247.4199981689453,246.47000122070312,247.10000610351562,219.1729736328125,47135200
246.44000244140625,246.91000366210938,246.17999267578125,246.8800048828125,218.9778594970703,82340800
246.7899932861328,246.97999572753906,246.27999877929688,246.82000732421875,218.92462158203125,46622300
247.67999267578125,247.8000030517578,247.16000366210938,247.4199981689453,219.45680236816406,54915600
247.75,247.7899932861328,247.1300048828125,247.42999267578125,219.46572875976562,47575400
247.9600067138672,248.0,245.67999267578125,247.1999969482422,219.26170349121094,70766600
246.64999389648438,247.05999755859375,246.1300048828125,246.91000366210938,219.00448608398438,50088400
247.3699951171875,247.47999572753906,246.52999877929688,246.77000427246094,218.88031005859375,65838700
247.4600067138672,247.5,246.72000122070312,247.32000732421875,219.36813354492188,55050400
247.47000122070312,247.60000610351562,246.3699951171875,247.44000244140625,219.4745635986328,47211200
247.30999755859375,247.33999633789062,246.63999938964844,246.9600067138672,219.04881286621094,40856000
247.52000427246094,247.7899932861328,246.97000122070312,247.41000366210938,219.44796752929688,60191800
247.49000549316406,247.8699951171875,247.3699951171875,247.8699951171875,219.85595703125,31995000
247.50999450683594,248.91000366210938,246.8300018310547,247.25999450683594,219.31488037109375,61719400
246.47000122070312,247.30999755859375,246.05999755859375,247.25,219.30604553222656,62632600
246.2899932861328,246.44000244140625,243.6999969482422,243.75999450683594,216.21043395996094,120479500
244.02000427246094,244.8000030517578,243.75,244.1199951171875,216.52976989746094,74869900
245.58999633789062,246.7899932861328,245.5500030517578,246.5399932861328,218.67623901367188,73291900
246.97999572753906,247.0,246.16000366210938,246.50999450683594,218.64968872070312,55242700
247.11000061035156,247.57000732421875,246.4499969482422,246.94000244140625,219.03109741210938,56715500
246.24000549316406,246.60000610351562,243.08999633789062,243.08999633789062,215.6162109375,128490400
242.89999389648438,244.19000244140625,242.1999969482422,242.7100067138672,215.27914428710938,136748000
242.63999938964844,243.1999969482422,241.8300018310547,242.89999389648438,215.4476776123047,65469700
243.57000732421875,245.6199951171875,243.5500030517578,245.44000244140625,217.70062255859375,63140100
244.3300018310547,245.0500030517578,244.16000366210938,244.55999755859375,216.92002868652344,50203800
245.0,245.17999267578125,243.75,243.99000549316406,216.41445922851562,50741700
244.89999389648438,245.61000061035156,244.38999938964844,244.55999755859375,216.92002868652344,64445900
245.1699981689453,245.1999969482422,244.08999633789062,244.57000732421875,216.92893981933594,40565600
243.05999755859375,245.14999389648438,242.92999267578125,244.85000610351562,217.1772918701172,51135700
244.8300018310547,246.32000732421875,244.6199951171875,246.00999450683594,218.2061767578125,62030800
246.72000122070312,247.77000427246094,246.0500030517578,247.49000549316406,219.51893615722656,103803900
247.9199981689453,248.3300018310547,247.6699981689453,247.83999633789062,219.829345703125,62007000
247.25999450683594,247.52000427246094,244.9499969482422,246.05999755859375,218.25050354003906,91398800
246.83999633789062,247.27999877929688,246.22999572753906,246.89999389648438,218.99560546875,57916900
247.25,247.27000427246094,246.39999389648438,246.8699951171875,218.9689483642578,58034700
246.5399932861328,247.11000061035156,246.3000030517578,246.5800018310547,218.71177673339844,63832800
248.0399932861328,249.3000030517578,248.02000427246094,249.2100067138672,221.04449462890625,71364800
249.6300048828125,250.08999633789062,249.4199981689453,250.0500030517578,221.7895965576172,56896000
249.72000122070312,250.2100067138672,249.58999633789062,250.1699981689453,221.89599609375,59228000
249.8000030517578,250.32000732421875,249.60000610351562,250.08999633789062,221.82504272460938,95446300
248.69000244140625,249.2899932861328,248.57000732421875,249.19000244140625,222.12367248535156,95432400
249.61000061035156,250.1199951171875,249.27999877929688,249.72000122070312,222.59608459472656,46235200
250.0,250.07000732421875,249.60000610351562,249.97000122070312,222.8189697265625,47108100
250.07000732421875,250.19000244140625,248.9199981689453,250.05999755859375,222.89915466308594,59574100
249.8800048828125,249.97999572753906,249.19000244140625,249.38999938964844,222.30197143554688,48211400
249.0500030517578,249.6300048828125,249.02000427246094,249.44000244140625,222.3464813232422,51214000
249.14999389648438,249.5500030517578,248.0800018310547,248.92999267578125,221.8918914794922,57064400
249.4199981689453,249.6999969482422,248.80999755859375,249.0800018310547,222.02561950683594,54082000
249.8800048828125,250.49000549316406,248.8699951171875,250.0500030517578,222.89027404785156,81001400
249.72999572753906,250.44000244140625,249.6300048828125,250.35000610351562,223.1576385498047,44778800
250.33999633789062,251.32000732421875,250.1300048828125,251.22999572753906,223.94207763671875,85578000
251.49000549316406,252.32000732421875,251.2899932861328,252.32000732421875,224.91371154785156,59023000
252.32000732421875,252.88999938964844,252.22999572753906,252.86000061035156,225.39501953125,66810200
252.69000244140625,253.44000244140625,252.55999755859375,253.16000366210938,225.66249084472656,55953600
253.5399932861328,254.67999267578125,253.1999969482422,254.66000366210938,226.99954223632812,63522800
254.14999389648438,254.6999969482422,253.85000610351562,254.3699951171875,226.74107360839844,80646000
254.6300048828125,254.6999969482422,253.64999389648438,253.9499969482422,226.36660766601562,35803100
254.60000610351562,255.0500030517578,253.97999572753906,254.6199951171875,226.96388244628906,43057400
254.50999450683594,255.02000427246094,254.32000732421875,255.02000427246094,227.32041931152344,47674300
254.66000366210938,255.05999755859375,254.3699951171875,254.63999938964844,226.981689453125,47065100
255.13999938964844,255.27000427246094,254.63999938964844,254.9499969482422,227.25804138183594,54800400
255.2100067138672,255.50999450683594,254.82000732421875,255.2899932861328,227.5610809326172,38221700
255.22999572753906,255.52000427246094,254.97999572753906,255.47000122070312,227.72157287597656,31561000
255.89999389648438,255.9499969482422,255.5,255.72000122070312,227.9444122314453,40888300
254.8300018310547,255.8300018310547,254.35000610351562,255.7899932861328,228.00674438476562,61903800
256.70001220703125,257.1400146484375,255.77000427246094,257.1099853515625,229.18341064453125,89176400
257.4800109863281,257.510009765625,256.0199890136719,256.1099853515625,228.29200744628906,63915300
256.6000061035156,256.8299865722656,256.1499938964844,256.55999755859375,228.69317626953125,66935900
256.17999267578125,256.30999755859375,254.0,255.2899932861328,227.5610809326172,103715300
255.99000549316406,256.29998779296875,255.47999572753906,255.6199951171875,227.85523986816406,69798000
256.4700012207031,257.8900146484375,255.6300048828125,257.7099914550781,229.71824645996094,85562500
256.4700012207031,257.6000061035156,256.4100036621094,256.75,228.8625030517578,54285700
257.17999267578125,257.44000244140625,256.80999755859375,257.1499938964844,229.21905517578125,60304800
258.0400085449219,258.42999267578125,257.07000732421875,257.489990234375,229.52215576171875,54202700
257.4100036621094,257.75,256.19000244140625,257.5899963378906,229.611328125,56449500
257.7699890136719,258.5,257.29998779296875,258.45001220703125,230.3778839111328,59589700
258.29998779296875,259.0,258.2200012207031,258.8500061035156,230.73448181152344,49652600
258.9700012207031,259.3500061035156,258.0899963378906,258.6700134277344,230.57398986816406,57502200
258.4700012207031,259.2200012207031,258.1499938964844,259.1099853515625,230.96617126464844,50469600
257.7300109863281,258.3900146484375,256.3599853515625,258.1700134277344,230.12831115722656,95085500
257.7300109863281,258.2900085449219,257.3699951171875,258.0899963378906,230.05699157714844,59984700
257.30999755859375,258.5899963378906,257.2699890136719,258.3299865722656,230.27088928222656,50228600
257.4100036621094,257.8500061035156,256.5199890136719,257.7300109863281,229.736083984375,61315200
256.6199951171875,257.2200012207031,255.6300048828125,256.44000244140625,228.58621215820312,80811500
257.5199890136719,259.0400085449219,257.4700012207031,258.6199951171875,230.52938842773438,67777000
258.2200012207031,258.5899963378906,257.7699890136719,257.8599853515625,229.8519744873047,75756800
258.1400146484375,258.5199890136719,257.8599853515625,258.29998779296875,230.24420166015625,48075500
259.17999267578125,260.20001220703125,258.260009765625,259.989990234375,231.75057983398438,69176800
260.0,260.1499938964844,259.57000732421875,259.760009765625,231.54559326171875,45033400
260.32000732421875,260.4800109863281,260.1600036621094,260.3599853515625,232.08041381835938,27856500
260.4100036621094,260.75,260.0,260.2300109863281,231.9645538330078,52274900
260.760009765625,262.8999938964844,260.6499938964844,262.8699951171875,234.3177490234375,98971700
263.0199890136719,263.6300048828125,262.20001220703125,262.7099914550781,234.17520141601562,77512100
263.760009765625,266.04998779296875,263.6700134277344,265.010009765625,236.22531127929688,127894400
264.760009765625,265.30999755859375,260.760009765625,264.4599914550781,235.73504638671875,164390900
266.30999755859375,266.79998779296875,264.0799865722656,264.1400146484375,235.44989013671875,94040600
263.19000244140625,265.1499938964844,263.0400085449219,263.19000244140625,234.60305786132812,77994500
263.29998779296875,263.7300109863281,262.7099914550781,263.239990234375,234.6476287841797,75898600
264.07000732421875,264.42999267578125,262.94000244140625,264.07000732421875,235.38743591308594,77218600
265.1600036621094,265.5199890136719,264.0299987792969,265.510009765625,236.67098999023438,76563900
266.30999755859375,266.3800048828125,265.4800109863281,266.30999755859375,237.38412475585938,83077500
267.2099914550781,267.32000732421875,266.3500061035156,266.7799987792969,237.80311584472656,85195800
267.05999755859375,267.55999755859375,266.6499938964844,266.75,237.77630615234375,102905400
267.0899963378906,267.2200012207031,265.6000061035156,265.6600036621094,236.80477905273438,100666700
265.45001220703125,267.0400085449219,265.3900146484375,266.510009765625,238.77676391601562,144610300
268.1000061035156,268.6000061035156,267.9800109863281,268.20001220703125,240.2908477783203,83653600
268.4800109863281,268.5299987792969,267.0899963378906,267.1700134277344,239.36807250976562,82382900
268.2699890136719,268.3299865722656,266.69000244140625,267.0299987792969,239.24253845214844,76751500
267.739990234375,268.3900146484375,267.29998779296875,267.5799865722656,239.7353973388672,67032300
267.6000061035156,267.6400146484375,266.8999938964844,267.510009765625,239.6726837158203,78720900
267.04998779296875,267.44000244140625,266.8900146484375,267.19000244140625,239.38597106933594,45244400
267.3800048828125,267.7300109863281,267.010009765625,267.32000732421875,239.5023956298828,57751000
267.8900146484375,267.9200134277344,267.45001220703125,267.8699951171875,239.99520874023438,45116100
268.5299987792969,268.54998779296875,266.6400146484375,266.8599853515625,239.09024047851562,96007400
267.8399963378906,268.80999755859375,267.3999938964844,268.7699890136719,240.8015899658203,86655700
268.9599914550781,270.6400146484375,268.9599914550781,270.4700012207031,242.32470703125,90070400
271.20001220703125,272.1600036621094,270.5400085449219,271.6099853515625,243.34596252441406,80636400
272.510009765625,273.55999755859375,271.95001220703125,273.4200134277344,244.9676971435547,83524000
273.30999755859375,274.1000061035156,272.9800109863281,273.9200134277344,245.4156494140625,57319200
274.3999938964844,275.25,274.0799865722656,274.5400085449219,245.97108459472656,57254000
273.67999267578125,274.4200134277344,272.9200134277344,274.1199951171875,245.5948028564453,69574300
274.75,276.1199951171875,274.55999755859375,276.1199951171875,247.3866729736328,62361500
276.4200134277344,278.1099853515625,276.0799865722656,277.9200134277344,248.9994354248047,90816100
279.3500061035156,280.0899963378906,276.17999267578125,276.9700012207031,248.1482391357422,106555100
278.0299987792969,280.04998779296875,276.9700012207031,279.6099853515625,250.51348876953125,113258800
279.4800109863281,279.9599914550781,278.5799865722656,279.1400146484375,250.0924835205078,100728000
279.79998779296875,280.4100036621094,279.1400146484375,280.4100036621094,251.23028564453125,140920100
280.1700134277344,282.69000244140625,280.1099853515625,282.69000244140625,253.27301025390625,91322400
282.739990234375,283.6199951171875,282.3699951171875,283.2900085449219,253.81053161621094,97084700
284.0199890136719,284.70001220703125,281.8399963378906,283.17999267578125,253.71197509765625,134816100
284.1600036621094,284.2699890136719,282.3999938964844,283.29998779296875,253.8194580078125,84587300
284.25,286.6300048828125,283.9599914550781,286.5799865722656,256.75823974609375,107743100
285.92999267578125,286.42999267578125,284.5,284.67999267578125,255.05587768554688,90118300
282.6000061035156,284.739990234375,281.2200012207031,281.760009765625,252.43980407714844,131796400
282.7300109863281,283.29998779296875,280.67999267578125,281.8999938964844,252.5652313232422,108364800
281.07000732421875,283.05999755859375,280.67999267578125,281.5799865722656,252.27847290039062,90102500
280.0799865722656,280.2300109863281,275.4100036621094,275.45001220703125,246.78643798828125,173174800
273.45001220703125,275.8500061035156,263.30999755859375,263.92999267578125,236.46517944335938,294681800
259.94000244140625,269.70001220703125,258.70001220703125,269.1300048828125,241.12403869628906,355026800
268.5,272.3599853515625,267.5799865722656,267.6700134277344,239.81600952148438,167376100
268.010009765625,268.1700134277344,257.5899963378906,257.6300048828125,230.82081604003906,246449500
260.79998779296875,263.6099853515625,252.9199981689453,261.5,234.28807067871094,283565300
263.8299865722656,267.010009765625,261.6600036621094,265.3399963378906,237.72845458984375,143736000
263.9700012207031,266.6199951171875,263.30999755859375,266.0,238.3197784423828,81223600
264.30999755859375,270.0,264.29998779296875,269.5899963378906,241.53619384765625,120735700
271.57000732421875,273.0400085449219,268.7699890136719,273.0299987792969,244.6182861328125,111200300
272.32000732421875,275.32000732421875,272.2699890136719,273.1099853515625,244.6898651123047,160420100
272.0299987792969,273.6700134277344,270.5,271.3999938964844,243.1578369140625,86369700
271.8999938964844,274.7200012207031,269.94000244140625,270.04998779296875,241.94833374023438,98883700
271.1000061035156,273.04998779296875,269.6400146484375,270.3999938964844,242.2619171142578,110511300
271.7900085449219,274.7099914550781,271.25,274.7099914550781,246.12342834472656,92766400
275.92999267578125,278.010009765625,275.260009765625,277.8999938964844,248.98146057128906,86491400
278.1099853515625,278.9200134277344,274.3599853515625,274.42999267578125,245.87258911132812,99099200
275.67999267578125,276.19000244140625,271.2900085449219,271.6499938964844,243.38182067871094,121907800
271.4100036621094,273.1700134277344,266.0,267.70001220703125,239.84292602539062,176855100
265.79998779296875,269.7200012207031,264.82000732421875,269.0799865722656,241.07925415039062,139083200
267.7300109863281,272.8900146484375,267.6099853515625,272.19000244140625,243.8656463623047,97307400
273.29998779296875,273.3900146484375,271.17999267578125,272.8800048828125,244.4838104248047,79213200
270.4200134277344,273.17999267578125,270.20001220703125,272.7799987792969,244.39427185058594,87063500
273.54998779296875,274.239990234375,272.4200134277344,274.1000061035156,245.57687377929688,66901200
275.70001220703125,278.8699951171875,275.3399963378906,278.8699951171875,249.8505401611328,113625300
279.20001220703125,279.9100036621094,278.0799865722656,278.5199890136719,249.53692626953125,71924800
279.8399963378906,280.4100036621094,276.0299987792969,276.7200012207031,247.9242401123047,91968900
277.80999755859375,278.0199890136719,274.6700134277344,275.29998779296875,246.65206909179688,105895100
275.8800048828125,276.6099853515625,274.42999267578125,275.0,246.3832550048828,83433000
274.5,275.3900146484375,274.1400146484375,274.20001220703125,246.65040588378906,100343700
273.3500061035156,274.3999938964844,268.6199951171875,270.489990234375,243.31309509277344,109208400
270.94000244140625,271.6700134277344,270.17999267578125,270.95001220703125,243.72689819335938,59757300
270.8999938964844,273.2699890136719,270.19000244140625,270.42999267578125,243.25918579101562,78709600
267.9100036621094,268.8699951171875,263.3599853515625,263.6700134277344,237.1784210205078,148785900
264.1700134277344,264.5400085449219,257.8299865722656,258.04998779296875,232.12303161621094,183534800
262.1300048828125,265.42999267578125,259.4100036621094,265.1099853515625,238.47369384765625,141956100
266.1700134277344,266.7699890136719,258.8399963378906,260.6000061035156,234.41685485839844,129941400
260.75,262.6400146484375,258.5799865722656,259.8299865722656,233.72415161132812,146452300
261.1199951171875,265.260009765625,259.8399963378906,263.1499938964844,236.7106475830078,111601600
262.54998779296875,263.1300048828125,254.6699981689453,257.4700012207031,231.60130310058594,186286300
258.8699951171875,261.30999755859375,256.8399963378906,260.7699890136719,234.56973266601562,119956900
256.75,264.3599853515625,256.6000061035156,263.55999755859375,237.07937622070312,123715300
265.54998779296875,266.6400146484375,264.32000732421875,265.6400146484375,238.950439453125,82652600
263.4200134277344,265.1099853515625,258.0,259.7200012207031,233.62527465820312,179521200
261.3699951171875,264.8399963378906,259.94000244140625,261.0,234.77667236328125,105442900
264.2699890136719,266.0400085449219,262.9800109863281,265.1499938964844,238.5096435546875,103529000
263.4700012207031,265.6400146484375,263.3900146484375,263.760009765625,237.25936889648438,91140200
265.260009765625,267.0,265.05999755859375,265.92999267578125,239.2113037109375,68890500
267.4100036621094,267.5400085449219,264.010009765625,265.1499938964844,238.5096435546875,85079200
267.0,268.20001220703125,266.07000732421875,267.3299865722656,240.47059631347656,63405300
269.3299865722656,270.8699951171875,268.75,270.19000244140625,243.04330444335938,64682000
270.69000244140625,271.29998779296875,269.8699951171875,270.3900146484375,243.2231903076172,57303900
269.6499938964844,269.8800048828125,267.7200012207031,268.8900146484375,241.8739013671875,77655900
268.80999755859375,269.05999755859375,265.6099853515625,266.6099853515625,239.82298278808594,99953100
267.260009765625,267.8900146484375,265.3500061035156,266.57000732421875,239.7870330810547,65558000
267.7300109863281,267.9800109863281,261.2799987792969,262.9800109863281,236.55772399902344,112885500
262.9100036621094,264.1300048828125,260.8500061035156,263.6300048828125,237.14244079589844,103840900
264.7900085449219,267.25,264.2900085449219,266.30999755859375,239.55313110351562,67731900
267.0,267.3399963378906,265.5,266.55999755859375,239.778076171875,57053600
267.260009765625,267.8900146484375,264.42999267578125,264.510009765625,237.9340057373047,82182300
263.8699951171875,265.1000061035156,262.1099853515625,264.9800109863281,238.3567352294922,74203400
264.760009765625,265.67999267578125,262.760009765625,263.20001220703125,236.75559997558594,86368900
262.260009765625,263.3599853515625,259.04998779296875,262.6199951171875,236.23385620117188,136311500
261.5199890136719,266.7900085449219,261.1499938964844,266.0199890136719,239.292236328125,91222100
266.8900146484375,268.0199890136719,266.1099853515625,266.9200134277344,240.10183715820312,55304900
266.5,267.3299865722656,265.1499938964844,266.9200134277344,240.10183715820312,67499200
267.67999267578125,269.8699951171875,267.0899963378906,269.5,242.42257690429688,59666100
270.3399963378906,272.3900146484375,270.2200012207031,272.0199890136719,244.68939208984375,72063900
272.1600036621094,273.1499938964844,271.5799865722656,272.8500061035156,245.43605041503906,59871500
273.3399963378906,274.0799865722656,272.3599853515625,272.9800109863281,245.55294799804688,54790600
271.5899963378906,271.6099853515625,270.0299987792969,271.1000061035156,243.86183166503906,87036100
271.1400146484375,272.760009765625,271.1099853515625,272.239990234375,244.8872833251953,53942600
271.94000244140625,273.2300109863281,271.1300048828125,272.010009765625,244.680419921875,56536400
271.6199951171875,272.0299987792969,270.92999267578125,271.3299865722656,244.06871032714844,64368000
273.010009765625,273.9800109863281,272.57000732421875,273.3699951171875,245.90380859375,58025900
273.9599914550781,274.25,272.239990234375,272.6099853515625,245.22019958496094,52966400
271.1700134277344,273.3900146484375,270.989990234375,273.3599853515625,245.89480590820312,64694200
272.9100036621094,273.2200012207031,270.7799987792969,272.79998779296875,245.3910369873047,76043800
272.1499938964844,272.8599853515625,271.5799865722656,272.1499938964844,244.80638122558594,56374800
270.30999755859375,271.1700134277344,267.760009765625,269.0199890136719,241.99082946777344,115908600
270.5,273.1099853515625,270.4200134277344,272.6099853515625,245.22019958496094,69678400
272.1499938964844,272.489990234375,270.260009765625,270.94000244140625,243.71795654296875,93519900
272.4100036621094,273.94000244140625,272.3299865722656,273.6000061035156,246.11070251464844,71258400
274.5299987792969,275.19000244140625,274.260009765625,274.8999938964844,247.2800750732422,45385200
275.04998779296875,275.5299987792969,274.17999267578125,275.1000061035156,247.4599609375,51135000
275.7900085449219,277.5199890136719,275.0899963378906,277.3999938964844,249.52891540527344,62732200
277.95001220703125,278.2799987792969,276.3399963378906,277.3699951171875,249.50192260742188,72969400
276.8500061035156,278.25,276.6600036621094,278.19000244140625,250.239501953125,72139700
278.44000244140625,279.3699951171875,278.30999755859375,278.55999755859375,250.5723114013672,58892500
279.0299987792969,279.3299865722656,278.19000244140625,278.9200134277344,250.89620971679688,72329000
279.19000244140625,279.4800109863281,277.79998779296875,278.0299987792969,250.09561157226562,79070600
279.010009765625,279.3299865722656,278.05999755859375,278.7300109863281,250.7252960205078,77097600
276.6000061035156,277.510009765625,275.3500061035156,277.1300048828125,250.40541076660156,120041600
275.489990234375,276.70001220703125,274.95001220703125,276.55999755859375,249.890380859375,52917600
274.0,275.75,273.5299987792969,275.5,248.9325408935547,97531500
276.2699890136719,276.7200012207031,275.5899963378906,275.9700012207031,249.3572540283203,53785500
275.9599914550781,275.9800109863281,273.67999267578125,274.239990234375,247.79412841796875,71061400
275.6600036621094,275.7900085449219,274.489990234375,274.739990234375,248.24583435058594,54898500
273.44000244140625,273.6199951171875,269.1000061035156,271.0,244.86656188964844,137854200
271.6400146484375,272.55999755859375,270.7900085449219,271.6000061035156,245.40867614746094,68547400
272.260009765625,273.8699951171875,269.17999267578125,269.3500061035156,243.3756103515625,105110700
269.2900085449219,271.75,268.489990234375,270.8900146484375,244.7672119140625,76650500
272.1199951171875,273.6600036621094,271.1499938964844,271.2799987792969,245.11952209472656,97592500
269.510009765625,272.0400085449219,269.239990234375,271.8599853515625,245.64358520507812,63554800
272.8699951171875,272.9800109863281,270.4200134277344,270.8999938964844,244.77618408203125,42187100
272.1700134277344,273.17999267578125,270.9599914550781,273.1099853515625,246.77304077148438,56925900
273.1400146484375,275.8399963378906,272.7099914550781,275.4200134277344,248.8602752685547,66493700
276.54998779296875,277.9599914550781,276.5,277.8999938964844,251.1011199951172,50550400
278.4100036621094,279.010009765625,278.0799865722656,278.8999938964844,252.0046844482422,51966800
277.1499938964844,278.0400085449219,276.5199890136719,276.8599853515625,250.16143798828125,77054700
278.2799987792969,279.42999267578125,277.6000061035156,279.3699951171875,252.42938232421875,60124700
279.1700134277344,279.92999267578125,278.6600036621094,279.5899963378906,252.628173828125,48216000
279.6400146484375,279.79998779296875,278.8399963378906,279.3399963378906,252.40234375,48201000
278.4700012207031,280.9100036621094,278.4100036621094,280.4700012207031,253.42333984375,52315500
280.55999755859375,281.17999267578125,280.05999755859375,281.05999755859375,253.9564208984375,44593500
280.30999755859375,280.739990234375,279.4599914550781,280.0,252.99862670898438,61412100
279.7699890136719,280.4800109863281,279.5,279.67999267578125,252.70948791503906,82337700
279.45001220703125,280.42999267578125,279.05999755859375,280.20001220703125,253.17941284179688,47047600
281.7900085449219,282.55999755859375,280.6300048828125,281.6099853515625,254.4533233642578,68026900
281.3299865722656,284.3699951171875,281.2799987792969,284.010009765625,256.6218566894531,78882900
283.20001220703125,284.1099853515625,283.0899963378906,283.3399963378906,256.0166320800781,57919500
283.7099914550781,283.82000732421875,280.3800048828125,281.4200134277344,254.28163146972656,76768700
281.510009765625,281.69000244140625,279.3599853515625,279.95001220703125,252.95346069335938,63742500
280.80999755859375,282.0199890136719,280.3800048828125,281.3299865722656,254.20034790039062,68570500
281.55999755859375,282.1300048828125,280.1300048828125,280.8599853515625,253.77566528320312,53853300
279.3900146484375,282.5799865722656,279.1600036621094,282.3900146484375,255.158203125,63426400
282.5299987792969,283.6600036621094,282.3299865722656,283.6000061035156,256.25140380859375,53935400
283.6400146484375,284.989990234375,283.20001220703125,284.6400146484375,257.191162109375,39400900
285.3900146484375,286.010009765625,285.239990234375,285.5799865722656,258.04052734375,43196600
285.3900146484375,285.9100036621094,284.94000244140625,285.4599914550781,257.93212890625,42114600
285.5299987792969,285.9700012207031,284.9200134277344,285.07000732421875,257.5797424316406,35717000
283.45001220703125,284.05999755859375,282.3599853515625,283.1600036621094,255.85385131835938,77076000
283.4700012207031,284.1600036621094,281.7699890136719,282.1000061035156,254.8961639404297,65732900
282.9200134277344,284.1700134277344,282.4800109863281,283.8999938964844,256.5226135253906,43842000
282.3800048828125,282.5400085449219,280.1600036621094,281.7799987792969,254.60699462890625,102925400
283.3999938964844,285.0400085449219,283.3599853515625,284.05999755859375,256.6671447753906,69967900
283.8299865722656,285.55999755859375,283.3699951171875,285.05999755859375,257.57061767578125,65618500
285.57000732421875,285.9700012207031,285.05999755859375,285.6700134277344,258.121826171875,39807500
286.25,287.30999755859375,285.7099914550781,286.3399963378906,258.727294921875,67272000
285.8800048828125,286.760009765625,285.5799865722656,286.1700134277344,258.5736083984375,44993300
285.9700012207031,286.94000244140625,285.42999267578125,285.7900085449219,258.230224609375,49204900
286.44000244140625,287.6700134277344,286.3800048828125,287.510009765625,259.784423828125,57487400
288.8599853515625,289.8999938964844,288.67999267578125,289.7799987792969,261.8354797363281,57072400
290.29998779296875,290.4200134277344,289.3999938964844,289.9200134277344,261.9620666503906,46943500
290.1600036621094,291.739990234375,289.8900146484375,291.4800109863281,263.37158203125,61485500
290.94000244140625,291.3599853515625,289.6300048828125,290.29998779296875,262.30535888671875,61229500
289.8399963378906,290.80999755859375,289.2900085449219,290.30999755859375,262.3144226074219,66140800
289.8399963378906,290.2099914550781,288.67999267578125,289.80999755859375,261.86260986328125,57594400
289.4100036621094,289.6400146484375,287.8900146484375,289.0299987792969,261.15789794921875,72452400
289.1499938964844,289.489990234375,287.0,288.1600036621094,260.3717956542969,65909900
286.9800109863281,288.70001220703125,286.7099914550781,287.6000061035156,259.8657531738281,73524800
288.739990234375,289.0400085449219,287.8800048828125,288.1000061035156,260.31756591796875,50210900
287.3699951171875,289.54998779296875,286.9800109863281,289.04998779296875,261.1759948730469,50530500
289.05999755859375,289.79998779296875,288.2300109863281,289.1199951171875,261.2391357421875,59810800
290.32000732421875,291.0400085449219,290.0,290.8299865722656,262.7843322753906,51034200
291.05999755859375,291.2699890136719,290.0,290.8800048828125,262.8294372558594,55079900
290.82000732421875,290.8599853515625,289.0299987792969,289.3399963378906,261.43792724609375,68244000
289.5799865722656,291.5799865722656,289.54998779296875,290.9100036621094,262.85650634765625,61930400
290.9700012207031,291.69000244140625,290.8299865722656,291.2200012207031,263.1366882324219,49080600
292.6400146484375,293.94000244140625,291.239990234375,293.5799865722656,265.2690734863281,100360600
293.0899963378906,293.2200012207031,291.80999755859375,291.989990234375,265.0267028808594,105479700
291.3399963378906,291.5,290.3699951171875,291.0199890136719,264.1463317871094,53409600
291.5299987792969,291.6499938964844,290.4800109863281,290.75,263.9012145996094,44370000
290.9100036621094,292.239990234375,289.4100036621094,289.8800048828125,263.11151123046875,79739700
290.4100036621094,291.9100036621094,290.1000061035156,290.69000244140625,263.8468017578125,59249500
289.989990234375,291.2799987792969,289.95001220703125,290.7200012207031,263.87396240234375,70091400
292.1099853515625,292.92999267578125,290.9800109863281,291.7300109863281,264.79083251953125,62078900
291.55999755859375,292.3599853515625,291.1400146484375,291.55999755859375,264.63641357421875,47258200
292.739990234375,293.2099914550781,291.32000732421875,291.7200012207031,264.7817077636719,64694600
291.17999267578125,291.239990234375,287.6600036621094,289.44000244140625,262.712158203125,111545900
289.69000244140625,290.2699890136719,286.2200012207031,287.82000732421875,261.24188232421875,105951700
287.04998779296875,288.2200012207031,285.5,287.82000732421875,261.24188232421875,87742200
287.3900146484375,288.8599853515625,286.7699890136719,287.3999938964844,260.8605041503906,74339000
286.8299865722656,286.9100036621094,277.8800048828125,278.29998779296875,252.6008758544922,214731000
277.0799865722656,278.8999938964844,270.3599853515625,272.1700134277344,247.03701782226562,274840500
276.7699890136719,277.0899963378906,272.3699951171875,275.95001220703125,250.46795654296875,183186500
275.54998779296875,277.0400085449219,274.29998779296875,274.3999938964844,249.06103515625,102263700
276.6000061035156,280.82000732421875,276.07000732421875,280.3999938964844,254.5070037841797,118255800
280.44000244140625,281.1499938964844,277.55999755859375,280.45001220703125,254.5523223876953,110626000
279.3999938964844,280.07000732421875,274.9700012207031,276.3999938964844,250.8763427734375,134557500
277.1300048828125,279.29998779296875,275.4700012207031,276.25,250.7401885986328,139901600
277.0,277.3599853515625,274.4100036621094,275.010009765625,249.61474609375,82415800
270.95001220703125,274.8699951171875,268.6099853515625,273.6099853515625,248.34397888183594,146352700
273.3299865722656,273.760009765625,264.70001220703125,265.32000732421875,240.819580078125,177806700
267.3800048828125,271.80999755859375,266.2300109863281,270.0799865722656,245.13998413085938,138061500
265.9200134277344,271.0,262.2900085449219,265.3299865722656,240.82858276367188,201574600
268.79998779296875,270.25,259.8500061035156,263.8599853515625,239.49427795410156,160749100
263.6700134277344,268.1199951171875,263.1199951171875,267.7699890136719,243.04324340820312,157116000
270.6499938964844,273.2300109863281,270.1199951171875,270.6300048828125,245.6392059326172,128296300
271.6000061035156,273.7300109863281,270.3800048828125,273.510009765625,248.25318908691406,99495000
274.75,275.2300109863281,269.5899963378906,271.8900146484375,246.78286743164062,122634100
272.44000244140625,274.010009765625,271.3500061035156,273.3900146484375,248.14427185058594,65622500
273.32000732421875,275.29998779296875,273.25,275.1199951171875,249.71453857421875,60085900
277.55999755859375,281.1000061035156,277.0799865722656,281.010009765625,255.06065368652344,102752100
280.1099853515625,281.2200012207031,279.2200012207031,280.5,254.59780883789062,65584900
279.0299987792969,279.239990234375,276.17999267578125,277.760009765625,252.11077880859375,98812600
277.19000244140625,277.4599914550781,271.989990234375,272.57000732421875,247.40003967285156,99673600
273.0899963378906,275.3299865722656,271.25,272.05999755859375,246.9370574951172,98176600
274.1600036621094,274.6099853515625,268.45001220703125,270.20001220703125,245.24888610839844,125335900
268.7799987792969,273.5400085449219,267.010009765625,273.0199890136719,247.8084259033203,135101400
271.7900085449219,274.75,271.2099914550781,273.7300109863281,248.4529266357422,126668000
273.04998779296875,273.3800048828125,268.07000732421875,269.1000061035156,244.2504119873047,103061700
265.3599853515625,267.0,263.1499938964844,264.1199951171875,239.7303009033203,136021300
265.8599853515625,267.1499938964844,265.010009765625,265.0199890136719,240.54721069335938,75563700
263.17999267578125,264.82000732421875,263.07000732421875,263.25,238.94065856933594,42807900
265.7799987792969,267.75,265.3399963378906,267.5,242.79823303222656,79981400
266.3399963378906,268.3999938964844,265.6600036621094,268.3999938964844,243.6150665283203,75502400
269.6000061035156,274.5799865722656,268.3299865722656,274.5799865722656,249.22439575195312,127629600
273.7099914550781,275.54998779296875,272.42999267578125,273.9800109863281,248.67982482910156,82346400
273.80999755859375,276.2799987792969,273.45001220703125,275.6499938964844,250.19552612304688,98204200
280.2799987792969,280.3999938964844,277.510009765625,279.29998779296875,253.50860595703125,103176300
278.3699951171875,278.8500061035156,269.8999938964844,270.25,245.29421997070312,177986000
265.9200134277344,269.9700012207031,262.44000244140625,269.8399963378906,244.9220733642578,204185400
269.4599914550781,271.2200012207031,262.6300048828125,263.57000732421875,239.23110961914062,161018900
263.3699951171875,265.1600036621094,258.6199951171875,264.07000732421875,239.6849822998047,151445900
267.6600036621094,267.8699951171875,262.4800109863281,264.1300048828125,239.73947143554688,121504400
267.4700012207031,269.0,265.3699951171875,265.4599914550781,240.9465789794922,97976700
266.5199890136719,267.489990234375,264.1199951171875,265.3699951171875,240.8649139404297,96662700
262.9599914550781,264.0299987792969,259.8500061035156,260.4700012207031,236.4173583984375,116961100
259.3999938964844,260.6499938964844,253.52999877929688,255.36000061035156,231.7792510986328,165492300
257.20001220703125,257.95001220703125,253.27999877929688,255.0800018310547,231.52513122558594,134515100
255.1699981689453,259.3999938964844,249.35000610351562,251.25999450683594,228.057861328125,214992800
249.86000061035156,251.6199951171875,244.64999389648438,247.1699981689453,224.3455352783203,252053400
246.74000549316406,249.7100067138672,239.97999572753906,240.6999969482422,219.748779296875,255345600
239.0399932861328,240.83999633789062,234.27000427246094,234.33999633789062,213.9424285888672,147311600
235.97000122070312,246.17999267578125,233.75999450683594,246.17999267578125,224.75180053710938,218485400
242.57000732421875,248.2899932861328,238.9600067138672,248.07000732421875,226.47731018066406,186267300
249.5800018310547,251.39999389648438,246.4499969482422,247.75,226.18515014648438,153100200
249.55999755859375,250.19000244140625,247.47000122070312,249.9199981689453,228.16624450683594,144299400
245.97999572753906,251.2100067138672,245.9499969482422,250.17999267578125,228.4036102294922,126925200
248.22999572753906,248.57000732421875,243.6699981689453,244.2100067138672,222.95327758789062,144140700
247.58999633789062,253.11000061035156,247.1699981689453,252.38999938964844,230.42127990722656,142628800
252.69000244140625,255.9499969482422,251.69000244140625,254.3800048828125,232.23802185058594,103139100
256.82000732421875,257.30999755859375,254.0,256.7699890136719,234.42002868652344,102512600
257.55999755859375,258.9100036621094,256.19000244140625,257.9700012207031,235.5155792236328,95006600
256.260009765625,259.1600036621094,255.5,258.8800048828125,236.3463134765625,96823900
257.67999267578125,259.010009765625,257.0299987792969,258.9800109863281,236.4376678466797,73858100
256.8599853515625,258.29998779296875,256.4100036621094,257.3999938964844,234.9951934814453,70908200
257.82000732421875,260.70001220703125,257.80999755859375,260.3500061035156,237.68844604492188,85208300
260.8299865722656,261.9700012207031,260.6000061035156,260.9800109863281,238.2635498046875,77636700
260.010009765625,263.9200134277344,259.9599914550781,262.9599914550781,240.07119750976562,96118400
264.9800109863281,266.9800109863281,263.0,266.4599914550781,243.2665557861328,127900300
264.82000732421875,265.05999755859375,261.05999755859375,262.8599853515625,239.97988891601562,115531200
264.010009765625,264.7900085449219,260.6600036621094,263.4100036621094,240.4820556640625,86030300
263.2099914550781,264.20001220703125,262.0799865722656,263.54998779296875,240.60983276367188,59204100
265.6099853515625,266.70001220703125,263.6600036621094,265.7799987792969,242.64576721191406,96883400
263.3900146484375,263.8299865722656,261.7900085449219,263.760009765625,240.8016357421875,85613700
263.9200134277344,264.54998779296875,262.4800109863281,263.4100036621094,240.4820556640625,66136300
265.1000061035156,268.5199890136719,264.25,267.5799865722656,244.28904724121094,92473700
267.510009765625,270.4700012207031,267.2699890136719,269.92999267578125,246.4345703125,104012100
270.1499938964844,271.20001220703125,269.17999267578125,270.05999755859375,246.55320739746094,85782500
270.1099853515625,272.0299987792969,269.3599853515625,271.9599914550781,248.287841796875,60744800
272.44000244140625,273.44000244140625,271.8800048828125,273.1000061035156,249.32862854003906,79552800
272.7900085449219,273.3399963378906,271.9200134277344,272.739990234375,248.99998474121094,58347800
270.94000244140625,271.54998779296875,268.2900085449219,270.1400146484375,246.6262664794922,95482000
268.75,270.5799865722656,267.8299865722656,270.4700012207031,246.927490234375,75788900
271.20001220703125,271.489990234375,270.0299987792969,270.6199951171875,247.06446838378906,68021400
272.4200134277344,274.5199890136719,272.3399963378906,274.1000061035156,250.24159240722656,72270200
275.0299987792969,275.92999267578125,274.55999755859375,274.989990234375,251.05406188964844,65277200
273.7799987792969,275.6400146484375,272.8699951171875,274.3800048828125,250.49716186523438,83234400
276.3599853515625,277.4100036621094,276.1300048828125,277.3699951171875,253.22694396972656,97088700
276.4800109863281,278.5799865722656,276.4700012207031,277.8500061035156,253.66522216796875,59120800
277.80999755859375,278.9200134277344,277.25,278.4100036621094,254.17645263671875,76610800
277.70001220703125,278.1000061035156,276.3500061035156,277.4200134277344,253.27264404296875,64214700
278.1099853515625,279.3599853515625,277.3999938964844,279.1400146484375,254.84288024902344,78114600
280.7300109863281,281.30999755859375,279.42999267578125,279.5199890136719,255.18975830078125,69030700
279.1300048828125,280.29998779296875,278.8999938964844,279.32000732421875,255.0072021484375,56844100
278.5199890136719,279.5899963378906,277.4800109863281,279.20001220703125,254.89764404296875,56921600
278.9599914550781,279.45001220703125,278.32000732421875,278.67999267578125,254.4228973388672,69268300
280.44000244140625,280.8800048828125,278.82000732421875,280.4200134277344,256.0115051269531,78880500
281.6000061035156,281.8699951171875,276.8399963378906,279.3999938964844,255.08029174804688,106494600
279.5400085449219,279.760009765625,278.4100036621094,279.0199890136719,254.7333221435547,59114600
279.1499938964844,279.1600036621094,276.9700012207031,277.3299865722656,253.19044494628906,75039800
276.8299865722656,276.989990234375,274.07000732421875,275.010009765625,251.0723876953125,94885100
272.94000244140625,274.6499938964844,272.4200134277344,274.4599914550781,250.5702362060547,85795800
275.260009765625,278.6199951171875,275.2300109863281,278.44000244140625,254.20382690429688,65098900
279.05999755859375,280.07000732421875,278.8500061035156,279.489990234375,255.16241455078125,79667500
280.4800109863281,282.3800048828125,280.29998779296875,281.3399963378906,256.8514099121094,80639200
281.3699951171875,281.8399963378906,280.6700134277344,281.1600036621094,256.68707275390625,67518400
280.5400085449219,282.2099914550781,280.3299865722656,281.30999755859375,257.9552307128906,81309000
281.54998779296875,282.6600036621094,281.29998779296875,282.3299865722656,258.8905029296875,62199800
283.510009765625,284.3599853515625,281.4100036621094,282.3999938964844,258.9547424316406,90268100
282.1600036621094,283.5,280.32000732421875,281.54998779296875,258.17529296875,84609200
280.6400146484375,285.17999267578125,280.5899963378906,284.7300109863281,261.09136962890625,79550400
283.2200012207031,283.79998779296875,279.17999267578125,279.25,256.06622314453125,122659300
278.8699951171875,280.19000244140625,277.6400146484375,279.0400085449219,255.87371826171875,85575200
280.989990234375,282.17999267578125,279.55999755859375,281.1199951171875,257.7810363769531,68125900
281.1099853515625,281.760009765625,277.92999267578125,279.6499938964844,256.43310546875,72224700
280.3500061035156,281.2099914550781,279.07000732421875,280.7099914550781,257.405029296875,56238500
282.3900146484375,282.8399963378906,281.1400146484375,282.4800109863281,259.028076171875,82186800
284.70001220703125,286.1600036621094,284.3999938964844,285.8299865722656,262.0999755859375,77617900
286.0400085449219,286.2300109863281,285.0899963378906,285.9700012207031,262.2283020019531,40070400
287.32000732421875,287.760009765625,285.75,286.4200134277344,262.6410217285156,68243200
286.7799987792969,287.4599914550781,286.010009765625,287.17999267578125,263.33795166015625,48997500
287.9200134277344,288.6300048828125,287.6000061035156,288.57000732421875,264.61248779296875,58621700
288.1000061035156,288.9100036621094,287.3699951171875,288.7900085449219,264.8142395019531,53566300
287.7200012207031,288.0799865722656,286.70001220703125,287.30999755859375,263.4570617675781,66142300
287.7699890136719,288.3900146484375,287.30999755859375,288.2900085449219,264.3558044433594,52601500
288.8299865722656,288.8399963378906,287.5799865722656,288.2099914550781,264.28240966796875,55093100
290.0,290.4700012207031,288.260009765625,290.1600036621094,266.0704650878906,69727800
290.239990234375,290.3500061035156,289.0799865722656,289.9700012207031,265.89630126953125,49596700
290.95001220703125,291.010009765625,289.5,290.1600036621094,266.0704650878906,52153200
291.3999938964844,291.42999267578125,288.989990234375,289.45001220703125,265.4194641113281,58268300
290.1000061035156,290.32000732421875,288.6600036621094,290.0199890136719,265.9421081542969,68708500
289.1700134277344,290.44000244140625,289.07000732421875,290.2699890136719,266.17138671875,40160100
290.67999267578125,293.1400146484375,290.4200134277344,292.8800048828125,268.5646057128906,52246600
292.7900085449219,293.1600036621094,292.07000732421875,292.2300109863281,267.9687194824219,50392900
292.1199951171875,292.7799987792969,290.7300109863281,292.04998779296875,267.8036193847656,57770900
292.1000061035156,293.489990234375,291.239990234375,293.4100036621094,269.0506896972656,50916400
293.510009765625,294.45001220703125,293.4100036621094,293.8699951171875,269.4725646972656,57197700
293.489990234375,294.3399963378906,291.9200134277344,294.0199890136719,269.6100158691406,81111700
294.7200012207031,294.95001220703125,291.79998779296875,291.80999755859375,267.5834655761719,71671900
291.67999267578125,292.70001220703125,289.5199890136719,291.17999267578125,267.0058288574219,65030200
292.82000732421875,294.3399963378906,291.29998779296875,294.0299987792969,269.619140625,56543700
289.25,293.30999755859375,288.8999938964844,292.82000732421875,268.5096130371094,107198100
290.1499938964844,290.80999755859375,285.80999755859375,287.92999267578125,264.025634765625,144729900
287.5299987792969,289.42999267578125,286.8699951171875,287.5299987792969,263.6587219238281,91568300
285.2300109863281,287.3299865722656,283.29998779296875,286.6600036621094,262.861083984375,103471100
285.6199951171875,288.94000244140625,282.29998779296875,288.1000061035156,264.1814880371094,112429300
282.4200134277344,283.489990234375,279.92999267578125,280.8599853515625,257.5426025390625,127290500
281.989990234375,285.1000061035156,281.8500061035156,283.3999938964844,259.87176513671875,77003200
281.5899963378906,285.7699890136719,281.3599853515625,285.05999755859375,261.39385986328125,73956400
285.8399963378906,289.2099914550781,285.760009765625,287.70001220703125,263.8147888183594,76749600
285.1400146484375,288.6000061035156,285.1199951171875,285.8399963378906,262.10919189453125,100353000
284.05999755859375,285.9599914550781,283.1199951171875,283.95001220703125,260.3760681152344,62877600
285.8299865722656,286.92999267578125,285.54998779296875,286.510009765625,262.7235107421875,46847100
285.45001220703125,286.69000244140625,285.1000061035156,285.6300048828125,261.9166564941406,49482500
283.1600036621094,283.2099914550781,280.57000732421875,282.1400146484375,258.71624755859375,98733800
283.739990234375,284.20001220703125,282.0899963378906,282.7799987792969,259.30322265625,55268100
283.0899963378906,284.1499938964844,280.1300048828125,280.1499938964844,256.8916015625,70029400
278.9100036621094,279.3599853515625,276.7099914550781,278.2699890136719,255.1676025390625,104972900
279.1099853515625,280.0400085449219,277.80999755859375,279.0299987792969,255.86448669433594,62523800
276.20001220703125,277.1199951171875,275.239990234375,275.2699890136719,252.4166259765625,86862800
275.30999755859375,276.54998779296875,273.0899963378906,274.57000732421875,251.77481079101562,96428000
277.1199951171875,280.67999267578125,276.6199951171875,280.5299987792969,257.24005126953125,77231900
282.3299865722656,282.989990234375,280.32000732421875,282.9599914550781,259.4681701660156,71169700
283.2900085449219,285.54998779296875,282.57000732421875,284.79998779296875,261.15545654296875,69430400
285.92999267578125,288.8500061035156,285.739990234375,287.6499938964844,263.7688293457031,74272200
289.3699951171875,290.82000732421875,288.8699951171875,288.9700012207031,264.9792175292969,60799100
290.989990234375,291.3999938964844,288.17999267578125,288.8999938964844,264.9150695800781,58641300
288.6400146484375,289.260009765625,287.82000732421875,288.3900146484375,264.44744873046875,47096300
289.3999938964844,289.9800109863281,288.6199951171875,289.5799865722656,265.5386657714844,48945200
289.260009765625,289.92999267578125,288.4100036621094,289.260009765625,265.2452392578125,52324700
289.5199890136719,290.2200012207031,289.17999267578125,289.3699951171875,265.3460998535156,39205700
291.3900146484375,293.57000732421875,290.989990234375,292.3999938964844,268.1245422363281,85434800
292.54998779296875,293.6499938964844,291.4700012207031,293.05999755859375,268.7297668457031,78674400
296.0400085449219,296.30999755859375,293.1300048828125,295.8599853515625,271.29718017578125,116570000
294.1300048828125,295.5199890136719,293.760009765625,294.0,270.90289306640625,83309500
294.2300109863281,294.5799865722656,293.4700012207031,293.6400146484375,270.5711975097656,47582700
293.70001220703125,293.7300109863281,290.6400146484375,290.760009765625,267.9173889160156,82028700
291.75,292.30999755859375,290.3500061035156,290.4700012207031,267.65020751953125,51584900
291.30999755859375,292.05999755859375,290.8900146484375,291.5,268.599365234375,40355200
292.5799865722656,293.54998779296875,292.010009765625,293.0,269.9814758300781,59350900
296.67999267578125,296.9200134277344,294.3299865722656,295.6600036621094,272.43255615234375,78705600
295.6099853515625,296.489990234375,294.67999267578125,296.42999267578125,273.1419982910156,61504500
297.17999267578125,298.82000732421875,297.0199890136719,298.79998779296875,275.3258056640625,40898900
297.44000244140625,298.6400146484375,296.010009765625,298.4599914550781,275.0124816894531,51677300
297.010009765625,298.260009765625,296.2200012207031,296.82000732421875,273.50128173828125,45841800
295.5400085449219,297.5199890136719,295.4800109863281,297.19000244140625,273.8423156738281,41101300
298.3699951171875,299.6600036621094,297.7799987792969,298.6099853515625,275.1507263183594,58448500
299.32000732421875,299.5799865722656,298.20001220703125,299.30999755859375,275.79571533203125,50826100
299.8500061035156,300.7300109863281,299.510009765625,300.6499938964844,277.0304870605469,40326000
301.1300048828125,301.1300048828125,300.19000244140625,300.75,277.1225891113281,33900000
300.6499938964844,300.8800048828125,299.44000244140625,299.7799987792969,276.22882080078125,36650100
299.75,299.92999267578125,297.739990234375,297.739990234375,274.3491516113281,36036300
297.19000244140625,299.25,296.70001220703125,298.8299865722656,275.35345458984375,51392600
300.0400085449219,300.07000732421875,296.9800109863281,297.1700134277344,273.8238525390625,58678600
297.6099853515625,298.5,297.0400085449219,297.8999938964844,274.4965515136719,43638100
299.1400146484375,300.0299987792969,298.2200012207031,300.0299987792969,276.4590759277344,44564500
299.19000244140625,301.44000244140625,299.0899963378906,301.44000244140625,277.7584228515625,47213200
300.94000244140625,301.0,299.1099853515625,300.0,276.4315185546875,55394100
300.760009765625,302.2300109863281,300.6199951171875,302.010009765625,278.2835998535156,45084100
301.8800048828125,302.010009765625,300.8500061035156,301.4599914550781,277.77685546875,38126500
299.9100036621094,301.1700134277344,299.489990234375,300.7200012207031,277.0949401855469,45849000
300.989990234375,301.20001220703125,295.20001220703125,297.42999267578125,274.0633850097656,104245200
297.6000061035156,300.8699951171875,293.9599914550781,294.8399963378906,271.6769104003906,142646600
293.8500061035156,294.1199951171875,290.8999938964844,292.6199951171875,269.63134765625,116749700
288.0899963378906,288.2099914550781,281.7200012207031,283.82000732421875,261.522705078125,178745400
285.9100036621094,288.0400085449219,284.2799987792969,287.79998779296875,265.18994140625,120711700
284.3999938964844,288.82000732421875,282.0400085449219,287.9700012207031,265.3466491699219,140572300
289.6199951171875,293.6199951171875,289.010009765625,293.6199951171875,270.5526428222656,87713900
292.5799865722656,293.239990234375,289.6499938964844,291.6199951171875,268.70989990234375,93730000
289.9599914550781,291.6099853515625,287.0199890136719,288.07000732421875,265.43878173828125,65527600
287.739990234375,294.1499938964844,287.3599853515625,292.54998779296875,269.56683349609375,94299800
288.07000732421875,288.739990234375,283.760009765625,283.8999938964844,261.59637451171875,135622100
284.8800048828125,285.6400146484375,282.3900146484375,284.6499938964844,262.2874755859375,99556600
286.4800109863281,289.3299865722656,284.7099914550781,288.8500061035156,266.1575012207031,83018300
292.19000244140625,293.0799865722656,291.44000244140625,292.3299865722656,269.3640441894531,53571800
291.7699890136719,292.3599853515625,289.95001220703125,290.0899963378906,267.3000793457031,51596400
292.4800109863281,292.8599853515625,291.7200012207031,292.45001220703125,269.47467041015625,49524700
293.2300109863281,293.92999267578125,290.3999938964844,292.3599853515625,269.3917236328125,51666400
290.9200134277344,292.760009765625,283.4700012207031,284.8500061035156,262.47174072265625,149161500
287.2699890136719,288.0,285.5799865722656,288.0,265.37420654296875,72423800
289.5400085449219,289.95001220703125,286.0299987792969,286.8699951171875,264.3330078125,66668900
286.1400146484375,289.07000732421875,285.25,288.8900146484375,266.1943359375,59696700
291.7200012207031,293.1600036621094,290.6099853515625,292.5799865722656,269.5945129394531,57899400
294.2200012207031,294.239990234375,291.4200134277344,292.45001220703125,269.47467041015625,62901200
290.57000732421875,291.5799865722656,289.2699890136719,290.739990234375,267.8990173339844,69101400
293.1400146484375,294.05999755859375,292.30999755859375,294.0400085449219,270.93975830078125,46887300
296.7900085449219,298.8299865722656,294.0,297.82000732421875,274.4228515625,83258100
298.1700134277344,298.760009765625,297.4200134277344,298.04998779296875,274.6347351074219,49584300
299.1400146484375,299.239990234375,297.1600036621094,298.20001220703125,274.77294921875,51260300
297.3599853515625,298.20001220703125,295.9700012207031,298.1300048828125,274.7085266113281,57947100
298.4700012207031,300.3399963378906,297.75,300.25,276.66192626953125,68821100
301.25,302.4599914550781,300.4100036621094,301.2900085449219,277.6202392578125,72908700
301.7799987792969,302.1700134277344,300.67999267578125,301.0899963378906,277.4359130859375,62104800
299.8399963378906,301.1400146484375,299.45001220703125,300.1600036621094,276.5788879394531,58191200
299.94000244140625,301.0199890136719,299.75,300.9200134277344,277.279296875,41475500
300.489990234375,301.2200012207031,298.239990234375,301.1000061035156,277.445068359375,73375800
301.5299987792969,302.6300048828125,300.7099914550781,301.0799865722656,277.4266662597656,76560500
300.3599853515625,300.6700134277344,297.4100036621094,298.2799987792969,276.1158447265625,89565000
297.54998779296875,299.0,297.2699890136719,298.2099914550781,276.05108642578125,43476800
299.4100036621094,299.8399963378906,294.80999755859375,295.8699951171875,273.88494873046875,94869400
295.9599914550781,298.1099853515625,294.3299865722656,297.6199951171875,275.5049133300781,71854000
297.6300048828125,297.8599853515625,295.45001220703125,297.0,274.9309997558594,56179700
297.8299865722656,297.95001220703125,293.69000244140625,295.3999938964844,273.449951171875,84746600
295.9700012207031,297.54998779296875,295.9200134277344,296.7699890136719,274.7180480957031,51662400
297.739990234375,298.4599914550781,293.0,293.239990234375,271.4503479003906,88242400
291.5,291.510009765625,286.6400146484375,288.05999755859375,266.6553039550781,122539500
287.80999755859375,290.45001220703125,284.82000732421875,290.4200134277344,268.8399658203125,85278800
291.1400146484375,294.6300048828125,291.0799865722656,294.3500061035156,272.4779357910156,65091200
293.4700012207031,295.260009765625,292.7699890136719,293.0799865722656,271.30224609375,59610500
291.0400085449219,291.8500061035156,288.489990234375,288.5299987792969,267.09039306640625,95708100
290.75,292.29998779296875,290.05999755859375,291.2699890136719,269.6267395019531,62359400
291.17999267578125,294.2099914550781,291.0,293.239990234375,271.4503479003906,55296300
296.2699890136719,298.739990234375,296.1400146484375,296.2799987792969,274.2644958496094,98720400
295.92999267578125,296.6700134277344,295.57000732421875,295.95001220703125,273.95904541015625,40394800
297.1000061035156,299.70001220703125,296.9700012207031,298.8800048828125,276.6712951660156,46754500
298.3699951171875,299.1600036621094,297.9200134277344,298.3999938964844,276.2269287109375,48928200
299.67999267578125,300.239990234375,298.5199890136719,299.2799987792969,277.0415954589844,45736600
298.69000244140625,299.3999938964844,297.0299987792969,297.9700012207031,275.8289489746094,64304000
299.4200134277344,300.2099914550781,298.94000244140625,299.989990234375,277.6988220214844,39048600
300.5799865722656,300.8999938964844,298.9100036621094,299.010009765625,276.79168701171875,48594700
298.7300109863281,299.94000244140625,298.5,299.8800048828125,277.5969543457031,34352200
300.9100036621094,301.07000732421875,299.4599914550781,300.3699951171875,278.05059814453125,35453100
299.739990234375,302.20001220703125,299.67999267578125,301.6000061035156,279.189208984375,45205400
302.94000244140625,303.8500061035156,302.9100036621094,303.29998779296875,280.76287841796875,42147000
303.0,304.2300109863281,302.8599853515625,303.2099914550781,280.6795349121094,44284900
303.42999267578125,304.54998779296875,301.989990234375,304.1400146484375,281.5404357910156,49643900
304.1300048828125,304.1300048828125,301.7300109863281,303.3299865722656,280.7906494140625,69053800
304.9200134277344,306.19000244140625,304.739990234375,306.1400146484375,283.3918762207031,71141500
307.8500061035156,308.0,306.9599914550781,307.3699951171875,284.53045654296875,60606900
307.5899963378906,307.9200134277344,306.7099914550781,307.0299987792969,284.2156677246094,42933200
307.0299987792969,307.3999938964844,306.05999755859375,307.1000061035156,284.2804870605469,46487100
308.57000732421875,309.6499938964844,307.6600036621094,308.17999267578125,285.2803039550781,54272300
307.79998779296875,309.0,307.0299987792969,308.94000244140625,285.9837951660156,49032100
307.4200134277344,308.5400085449219,307.2699890136719,308.3500061035156,285.4375915527344,35797300
308.75,309.989990234375,308.1499938964844,309.0,286.039306640625,46484600
307.9100036621094,309.5400085449219,307.6600036621094,309.1000061035156,286.1318664550781,53917700
308.7900085449219,309.6400146484375,308.0899963378906,309.54998779296875,286.54840087890625,51219900
311.0199890136719,311.8399963378906,310.260009765625,311.7900085449219,288.6219787597656,62023600
311.5299987792969,312.2799987792969,311.0299987792969,312.0199890136719,288.8349304199219,49228000
312.67999267578125,312.69000244140625,311.2200012207031,311.92999267578125,288.7516174316406,67804700
311.2799987792969,311.8500061035156,309.05999755859375,310.7699890136719,287.6777648925781,79406200
310.8900146484375,311.010009765625,309.3900146484375,310.2699890136719,287.21490478515625,54664700
311.0899963378906,311.239990234375,309.8500061035156,310.9599914550781,287.85369873046875,44850200
311.9800109863281,313.3699951171875,311.9800109863281,313.3699951171875,290.0845947265625,48647200
313.4100036621094,314.2799987792969,313.05999755859375,314.0799865722656,290.7418518066406,37569000
314.6099853515625,315.4800109863281,314.3699951171875,315.4800109863281,292.037841796875,44444600
314.8599853515625,315.1300048828125,314.05999755859375,314.30999755859375,290.95477294921875,36592700
314.5899963378906,314.6600036621094,311.1700134277344,311.6400146484375,288.4832458496094,75767800
308.6499938964844,309.6400146484375,307.1300048828125,309.54998779296875,286.54840087890625,73941700
310.70001220703125,312.1199951171875,310.32000732421875,311.4599914550781,288.31658935546875,49080000
312.2300109863281,312.25,310.5799865722656,312.0199890136719,288.8349304199219,40709000
314.1199951171875,315.30999755859375,314.1099853515625,314.8699951171875,291.4731750488281,48927000
314.44000244140625,315.17999267578125,313.79998779296875,313.8800048828125,290.55670166015625,34838500
313.82000732421875,314.54998779296875,312.80999755859375,313.5299987792969,290.2326965332031,52649800
314.0299987792969,314.70001220703125,313.44000244140625,314.4200134277344,291.05657958984375,53429100
314.42999267578125,317.989990234375,314.1700134277344,317.1300048828125,293.565185546875,96389600
316.8699951171875,318.6700134277344,316.0199890136719,317.32000732421875,293.7410583496094,81503900
319.2200012207031,320.1499938964844,317.25,319.5,295.7591247558594,82749700
319.9200134277344,320.25,319.4800109863281,319.57000732421875,295.8238525390625,61097700
320.0,320.25,319.5299987792969,319.5899963378906,295.8424377441406,48133000
319.79998779296875,320.9800109863281,319.5199890136719,320.8999938964844,297.0550842285156,85310500
320.4599914550781,321.9700012207031,319.3900146484375,320.7300109863281,298.3573913574219,147142100
321.5899963378906,321.6499938964844,321.05999755859375,321.2200012207031,298.813232421875,52990000
321.4700012207031,321.5199890136719,320.8999938964844,321.2300109863281,298.8225402832031,20270000
321.6499938964844,322.95001220703125,321.6400146484375,322.94000244140625,300.4132385253906,30911200
323.739990234375,323.79998779296875,322.2799987792969,322.8599853515625,300.3388366699219,42528800
322.95001220703125,323.1000061035156,320.54998779296875,321.0799865722656,298.6830139160156,49729100
320.5299987792969,322.1300048828125,320.1499938964844,321.8599853515625,299.4085998535156,57077300
323.5400085449219,324.8900146484375,322.5299987792969,324.8699951171875,302.2086181640625,59151200
321.1600036621094,323.6400146484375,321.1000061035156,322.4100036621094,299.92022705078125,77709700
320.489990234375,323.7300109863281,320.3599853515625,323.6400146484375,301.0644226074219,55653900
323.0199890136719,323.5400085449219,322.239990234375,322.7300109863281,300.2179260253906,40496400
322.94000244140625,325.7799987792969,322.6700134277344,324.45001220703125,301.81793212890625,68296000
326.1600036621094,326.7300109863281,325.5199890136719,326.6499938964844,303.8645324707031,48473300
327.2900085449219,327.4599914550781,325.20001220703125,325.7099914550781,302.99005126953125,53029300
326.3900146484375,327.9599914550781,325.9200134277344,327.95001220703125,305.0738220214844,47086800
327.4700012207031,328.6199951171875,326.8399963378906,327.45001220703125,304.6086730957031,62832800
327.3500061035156,329.0199890136719,327.260009765625,328.19000244140625,305.297119140625,72056600
329.70001220703125,330.9200134277344,329.45001220703125,330.9200134277344,307.83660888671875,54050300
331.70001220703125,332.17999267578125,330.8500061035156,331.95001220703125,308.79473876953125,95846000
330.8999938964844,332.17999267578125,330.82000732421875,331.29998779296875,308.19012451171875,77742400
332.239990234375,332.95001220703125,331.1700134277344,331.3399963378906,308.227294921875,48914900
330.6300048828125,332.1700134277344,329.4100036621094,331.7200012207031,308.5807800292969,51963000
332.44000244140625,332.5299987792969,327.3599853515625,328.7699890136719,305.8365783691406,87578400
323.0299987792969,325.1199951171875,322.6600036621094,323.5,300.9342041015625,84062500
325.05999755859375,327.8500061035156,323.6000061035156,326.8900146484375,304.0877685546875,63834000
328.3800048828125,328.6300048828125,326.3999938964844,326.6199951171875,303.836669921875,53888900
324.3599853515625,327.9100036621094,323.5400085449219,327.67999267578125,304.8226318359375,75491800
327.0,327.1700134277344,320.7300109863281,321.7300109863281,299.2876281738281,113845600
323.3500061035156,326.1600036621094,323.2200012207031,324.1199951171875,301.510986328125,69083000
328.07000732421875,330.010009765625,327.7200012207031,329.05999755859375,306.1063537597656,62573200
332.2699890136719,333.0899963378906,330.6700134277344,332.8599853515625,309.64129638671875,65951100
333.9100036621094,334.19000244140625,332.79998779296875,333.9800109863281,310.6831359863281,50359700
332.82000732421875,333.989990234375,331.6000061035156,332.20001220703125,309.02734375,64139400
331.2300109863281,334.75,331.19000244140625,334.67999267578125,311.33428955078125,42070000
336.1600036621094,337.0199890136719,334.67999267578125,335.260009765625,311.8739013671875,54864500
336.8299865722656,337.6499938964844,336.42999267578125,337.4200134277344,313.8832092285156,43992700
335.8599853515625,338.1199951171875,335.55999755859375,337.05999755859375,313.54833984375,54501900
337.510009765625,337.7300109863281,336.20001220703125,337.6000061035156,314.0506286621094,64582200
336.510009765625,337.6700134277344,335.2099914550781,336.7300109863281,313.24139404296875,57226200
337.7900085449219,339.0799865722656,337.4800109863281,338.3399963378906,314.7389831542969,48814700
337.739990234375,338.6400146484375,333.67999267578125,336.95001220703125,313.446044921875,74163400
335.4700012207031,335.80999755859375,332.5799865722656,333.4800109863281,310.21807861328125,113788200
323.1400146484375,333.55999755859375,321.239990234375,322.4200134277344,299.92950439453125,161088400
323.94000244140625,324.6099853515625,311.69000244140625,312.6499938964844,290.8409729003906,218913200
314.17999267578125,318.1099853515625,310.70001220703125,311.5,289.77117919921875,194773800
305.4599914550781,311.55999755859375,297.510009765625,297.510009765625,276.75714111328125,284353500
288.70001220703125,297.8900146484375,285.5400085449219,296.260009765625,275.5943603515625,384975800
298.2099914550781,309.1600036621094,294.4599914550781,309.0899963378906,287.52935791015625,238703600
309.5,313.8399963378906,297.57000732421875,300.239990234375,279.2966613769531,300139100
306.1199951171875,313.1000061035156,303.3299865722656,312.8599853515625,291.0364074707031,176613400
304.9800109863281,308.4700012207031,300.010009765625,302.4599914550781,281.36181640625,186366800
293.1499938964844,298.7799987792969,290.2300109863281,297.4599914550781,276.7105712890625,228667200
275.29998779296875,284.19000244140625,273.45001220703125,274.2300109863281,255.10104370117188,309417300
284.6400146484375,288.5199890136719,273.5,288.4200134277344,268.3012390136719,276444100
280.70001220703125,281.94000244140625,270.8800048828125,274.3599853515625,255.22190856933594,255316300
256.0,266.6600036621094,247.67999267578125,248.11000061035156,230.8030548095703,392220700
263.0899963378906,271.4800109863281,248.52000427246094,269.32000732421875,250.5335235595703,329566100
241.17999267578125,256.8999938964844,237.36000061035156,239.85000610351562,223.1192169189453,297240000
245.0399932861328,256.1700134277344,237.07000732421875,252.8000030517578,235.1658935546875,262070500
236.25,248.3699951171875,228.02000427246094,240.0,223.25875854492188,327597100
239.25,247.3800048828125,232.22000122070312,240.50999450683594,223.73316955566406,289322000
242.52999877929688,244.47000122070312,228.5,228.8000030517578,214.09156799316406,347158800
228.19000244140625,229.67999267578125,218.25999450683594,222.9499969482422,208.61764526367188,326025200
234.4199981689453,244.10000610351562,233.8000030517578,243.14999389648438,227.51907348632812,235494500
244.8699951171875,256.3500061035156,239.75,246.7899932861328,230.9250946044922,299430300
249.52000427246094,262.79998779296875,249.0500030517578,261.20001220703125,244.4087677001953,257632800
253.27000427246094,260.80999755859375,251.0500030517578,253.4199981689453,237.12889099121094,224341200
255.6999969482422,262.42999267578125,253.52999877929688,261.6499938964844,244.829833984375,171369500
260.55999755859375,263.3299865722656,256.2200012207031,257.75,241.18051147460938,194881100
247.97999572753906,257.6600036621094,243.89999389648438,246.14999389648438,230.32620239257812,189554600
245.19000244140625,252.67999267578125,244.58999633789062,251.8300018310547,235.64108276367188,177660400
250.75999450683594,253.32000732421875,245.22000122070312,248.19000244140625,232.23509216308594,135561200
257.8399963378906,267.0,248.1699981689453,264.8599853515625,247.83348083496094,188061200
274.2099914550781,275.0299987792969,264.8900146484375,265.1300048828125,248.0860595703125,201427200
267.9599914550781,276.0,265.25,274.0299987792969,256.4139404296875,153774500
277.5799865722656,281.20001220703125,275.4700012207031,278.20001220703125,260.31585693359375,189999200
277.1400146484375,277.510009765625,271.4100036621094,275.6600036621094,257.93914794921875,114839100
280.9800109863281,284.8999938964844,275.510009765625,283.7900085449219,265.5465393066406,134143400
277.57000732421875,283.94000244140625,275.4599914550781,277.760009765625,259.9042053222656,121775000
279.1499938964844,280.0299987792969,275.760009765625,279.1000061035156,261.1580505371094,131798300
285.3800048828125,287.29998779296875,282.3999938964844,286.6400146484375,268.2132873535156,146684800
282.6099853515625,286.7900085449219,281.3500061035156,281.5899963378906,263.4879150390625,100109300
276.7300109863281,278.0400085449219,272.0199890136719,273.0400085449219,255.4875946044922,126385700
278.3500061035156,281.0,276.9100036621094,279.1000061035156,261.1580505371094,92951600
280.489990234375,283.94000244140625,278.75,279.0799865722656,261.1393127441406,104709700
280.7300109863281,283.70001220703125,278.5,282.9700012207031,264.7792053222656,85063200
285.1199951171875,288.2699890136719,284.6199951171875,287.04998779296875,268.5970153808594,77896600
291.0199890136719,291.3999938964844,285.3999938964844,285.7300109863281,267.3617858886719,105270000
291.5299987792969,294.8800048828125,290.4100036621094,293.2099914550781,274.3609313964844,118745600
291.7099914550781,293.32000732421875,288.5899963378906,290.4800109863281,271.8064880371094,122901700
285.30999755859375,290.6600036621094,281.5199890136719,282.7900085449219,264.61077880859375,125180000
280.739990234375,283.8999938964844,279.1300048828125,283.57000732421875,265.3406982421875,80873200
286.6400146484375,289.25,283.7099914550781,286.19000244140625,267.7922668457031,79569900
288.0400085449219,288.4599914550781,283.7799987792969,284.25,265.9769592285156,73632600
287.75,289.7799987792969,287.1300048828125,287.67999267578125,269.1864929199219,75250400
291.0899963378906,292.95001220703125,289.8599853515625,292.44000244140625,273.6404724121094,76452400
290.3399963378906,294.0,289.8800048828125,292.5,273.69659423828125,79514200
293.7900085449219,294.239990234375,286.5199890136719,286.6700134277344,268.2413330078125,95870800
286.05999755859375,287.19000244140625,278.9599914550781,281.6000061035156,263.4973449707031,144721100
278.95001220703125,285.1099853515625,272.989990234375,284.9700012207031,266.650634765625,121977900
282.3699951171875,286.3299865722656,281.3399963378906,286.2799987792969,267.87646484375,111146300
293.04998779296875,296.75,292.70001220703125,295.0,276.035888671875,119703800
294.3500061035156,296.2099914550781,291.95001220703125,291.9700012207031,273.20074462890625,95189300
295.82000732421875,297.8699951171875,295.57000732421875,296.92999267578125,277.8418273925781,85861700
296.7900085449219,297.6700134277344,293.69000244140625,294.8800048828125,275.9236145019531,78293900
294.57000732421875,295.6300048828125,293.2200012207031,295.44000244140625,276.4476013183594,63958200
301.92999267578125,302.19000244140625,295.4599914550781,299.0799865722656,279.85357666015625,88951400
302.1199951171875,303.57000732421875,296.8699951171875,303.5299987792969,284.0176086425781,104817400
304.6499938964844,306.8399963378906,302.239990234375,302.9700012207031,283.49359130859375,90405200
302.4599914550781,304.9599914550781,299.4700012207031,304.32000732421875,284.75677490234375,119090800
303.6199951171875,306.2099914550781,303.05999755859375,305.54998779296875,285.9076843261719,55758300
306.54998779296875,308.1300048828125,305.1000061035156,308.0799865722656,288.2750244140625,74267200
310.239990234375,313.2200012207031,309.94000244140625,312.17999267578125,292.11151123046875,92567600
311.1099853515625,313.0,309.0799865722656,311.3599853515625,291.34417724609375,75794400
317.2300109863281,321.2699890136719,317.1600036621094,319.3399963378906,298.81121826171875,150524700
320.2200012207031,323.4100036621094,319.6300048828125,323.20001220703125,302.42303466796875,73641200
320.29998779296875,323.2799987792969,319.3599853515625,320.7900085449219,300.1679382324219,77479200
321.4200134277344,322.3900146484375,318.2200012207031,319.0,298.4930419921875,95000800
311.4599914550781,312.1499938964844,300.010009765625,300.6099853515625,281.2852783203125,209243600
308.239990234375,309.0799865722656,298.6000061035156,304.2099914550781,284.65380859375,194678900
298.0199890136719,308.2799987792969,296.739990234375,307.04998779296875,287.31121826171875,135782700
315.4800109863281,315.6400146484375,307.6700134277344,312.9599914550781,292.8413391113281,137627500
314.07000732421875,314.3900146484375,310.8599853515625,311.6600036621094,291.62493896484375,83398900
310.010009765625,312.29998779296875,309.510009765625,311.7799987792969,291.7372741699219,80828700
314.1700134277344,314.3800048828125,306.5299987792969,308.6400146484375,290.0699462890625,135549600
307.989990234375,311.04998779296875,306.75,310.6199951171875,291.9308166503906,74649400
313.489990234375,314.5,311.6099853515625,312.04998779296875,293.2748107910156,68471200
309.8399963378906,310.510009765625,302.1000061035156,304.0899963378906,285.793701171875,132813500
303.4700012207031,307.6400146484375,301.2799987792969,307.3500061035156,288.85760498046875,89468000
306.1600036621094,306.3900146484375,299.4200134277344,300.04998779296875,281.9967956542969,127961000
301.4100036621094,304.6099853515625,298.92999267578125,304.4599914550781,286.1414794921875,79773300
303.989990234375,310.20001220703125,303.82000732421875,308.3599853515625,289.8067932128906,113394800
309.57000732421875,311.8900146484375,309.07000732421875,310.5199890136719,291.8367919921875,72396500
314.239990234375,315.70001220703125,311.510009765625,312.2300109863281,293.4438781738281,69344200
316.3699951171875,317.67999267578125,315.55999755859375,317.04998779296875,297.973876953125,61713800
315.3800048828125,317.5199890136719,313.3699951171875,313.7799987792969,294.9007568359375,82910000
314.6099853515625,316.29998779296875,312.70001220703125,316.17999267578125,297.15631103515625,54638600
316.8399963378906,317.1000061035156,310.67999267578125,314.3800048828125,295.46466064453125,83354200
314.30999755859375,317.8800048828125,312.760009765625,317.5899963378906,298.48150634765625,57550400
320.1300048828125,322.7099914550781,314.1300048828125,314.8399963378906,295.8969421386719,102997500
313.29998779296875,319.760009765625,312.0,318.9200134277344,299.73138427734375,93657000
322.4100036621094,323.0400085449219,319.2699890136719,321.8500061035156,302.485107421875,87196500
319.7900085449219,321.2799987792969,319.0899963378906,320.7900085449219,301.4888610839844,54622500
321.8800048828125,322.57000732421875,319.739990234375,321.7200012207031,302.3629455566406,62774900
321.42999267578125,325.1300048828125,320.6199951171875,324.32000732421875,304.80645751953125,56308800
326.45001220703125,326.92999267578125,323.94000244140625,325.010009765625,305.45501708984375,57292200
324.6199951171875,327.20001220703125,324.5,326.8599853515625,307.1937255859375,57792900
326.4700012207031,327.2300109863281,321.4800109863281,322.9599914550781,303.52838134765625,75738000
320.95001220703125,321.989990234375,319.25,320.8800048828125,301.57354736328125,73766600
321.6300048828125,323.4100036621094,320.7699890136719,323.2200012207031,303.7726745605469,48293000
322.42999267578125,323.6400146484375,320.8500061035156,321.1700134277344,301.8460998535156,57495000
322.1199951171875,325.7300109863281,322.0799865722656,325.1199951171875,305.5583190917969,48454200
321.8999938964844,324.4100036621094,319.6400146484375,323.9599914550781,304.4681396484375,61861700
325.8999938964844,326.6300048828125,321.3299865722656,326.5199890136719,306.8741455078125,84986800
328.32000732421875,329.6199951171875,327.7300109863281,328.7900085449219,309.00762939453125,53077900
327.8599853515625,330.05999755859375,327.8599853515625,330.05999755859375,310.2011413574219,41917900
331.4700012207031,332.3900146484375,331.17999267578125,332.1099853515625,312.1277770996094,42697700
331.4800109863281,334.4599914550781,331.1300048828125,334.3299865722656,314.2142333984375,43679400
333.2799987792969,334.8800048828125,332.29998779296875,334.57000732421875,314.43975830078125,57308300
335.05999755859375,335.7699890136719,332.9599914550781,335.57000732421875,315.37957763671875,44282100
336.8500061035156,337.5400085449219,332.010009765625,332.79998779296875,312.7762451171875,69601100
335.44000244140625,338.2799987792969,335.4100036621094,337.44000244140625,317.1370849609375,53774400
336.6099853515625,338.25,335.8299865722656,336.8299865722656,316.5638122558594,41816100
336.4100036621094,337.4200134277344,335.6199951171875,336.8399963378906,316.57318115234375,47260400
337.94000244140625,338.3399963378906,336.8500061035156,337.9100036621094,317.57879638671875,35481000
338.3399963378906,339.1000061035156,336.6099853515625,338.6400146484375,318.264892578125,38733900
339.04998779296875,339.6099853515625,336.6199951171875,337.2300109863281,316.9397888183594,68054200
335.3599853515625,338.79998779296875,335.2200012207031,338.2799987792969,317.92657470703125,42207800
337.9200134277344,339.7200012207031,337.54998779296875,339.4800109863281,319.054443359375,55106600
342.1199951171875,343.0,339.45001220703125,342.9200134277344,322.2873840332031,48588700
343.5299987792969,344.2099914550781,342.2699890136719,344.1199951171875,323.41522216796875,38463400
344.760009765625,347.8599853515625,344.1700134277344,347.57000732421875,326.6576232910156,50790200
348.510009765625,349.8999938964844,346.5299987792969,348.3299865722656,327.37188720703125,58034100
349.44000244140625,350.7200012207031,348.1499938964844,350.5799865722656,329.4864807128906,48588900
350.3500061035156,351.29998779296875,349.05999755859375,349.30999755859375,328.29290771484375,66099200
350.2099914550781,352.7099914550781,349.239990234375,352.6000061035156,331.385009765625,54908700
354.6700134277344,358.75,353.42999267578125,357.70001220703125,336.17816162109375,69540000
355.8699951171875,356.3800048828125,342.5899963378906,345.3900146484375,324.60882568359375,148011100
346.1300048828125,347.8299865722656,334.8699951171875,342.57000732421875,321.9585266113281,139156300
336.7099914550781,342.6400146484375,332.8800048828125,333.2099914550781,313.16162109375,114465300
337.54998779296875,342.4599914550781,336.6099853515625,339.7900085449219,319.34576416015625,91462300
341.82000732421875,342.5299987792969,332.8500061035156,333.8900146484375,313.80072021484375,90569500
335.82000732421875,336.9700012207031,331.0,334.05999755859375,313.9604187011719,84680200
337.489990234375,340.3800048828125,334.2200012207031,338.4599914550781,318.095703125,65605700
341.1199951171875,342.0199890136719,338.4700012207031,340.1700134277344,319.7028503417969,52920900
341.510009765625,343.05999755859375,338.5199890136719,338.82000732421875,318.4341125488281,82096000
333.55999755859375,337.70001220703125,332.989990234375,335.8399963378906,315.6334228515625,91523300
335.3699951171875,335.489990234375,327.9700012207031,330.6499938964844,311.9996337890625,105877900
325.70001220703125,327.1300048828125,321.7300109863281,326.9700012207031,308.52716064453125,99450800
328.57000732421875,330.8999938964844,325.8599853515625,330.29998779296875,311.6693115234375,63612100
330.8999938964844,331.20001220703125,322.1000061035156,322.6400146484375,304.4414367675781,93112200
321.2200012207031,326.79998779296875,319.79998779296875,323.5,305.2528991699219,76681300
322.5799865722656,329.5799865722656,321.6400146484375,328.7300109863281,310.1879577636719,71069400
333.2200012207031,334.9599914550781,332.1499938964844,334.19000244140625,315.3399353027344,64584600
333.9700012207031,334.7699890136719,331.6199951171875,332.3699951171875,313.62255859375,51304000
333.0899963378906,338.2900085449219,332.8800048828125,334.8900146484375,316.0004577636719,104081100
337.69000244140625,338.739990234375,335.010009765625,337.0400085449219,318.0291748046875,88698700
331.70001220703125,337.010009765625,331.19000244140625,333.8399963378906,315.0096435546875,89431100
336.05999755859375,339.9599914550781,336.010009765625,339.760009765625,320.5957336425781,45713100
339.9100036621094,342.1700134277344,334.3800048828125,334.92999267578125,316.0381164550781,90128900
338.1199951171875,341.6300048828125,338.0899963378906,340.760009765625,321.53936767578125,56999600
342.8500061035156,343.8500061035156,341.8599853515625,343.7799987792969,324.3889465332031,45242500
345.55999755859375,347.3500061035156,344.8900146484375,346.8500061035156,327.2858581542969,59528600
349.5899963378906,354.0199890136719,349.05999755859375,352.42999267578125,332.55108642578125,80388500
352.2799987792969,352.4700012207031,349.0899963378906,350.1300048828125,330.3808288574219,73255500
350.75,351.92999267578125,347.1400146484375,347.92999267578125,328.3048400878906,57727900
343.7099914550781,348.0199890136719,343.1300048828125,347.5,327.89923095703125,60357700
348.9599914550781,350.75,347.1000061035156,347.2900085449219,327.7010192871094,89501900
348.6499938964844,349.3299865722656,341.0400085449219,342.010009765625,322.71881103515625,68425600
343.4599914550781,346.8800048828125,342.6400146484375,343.3800048828125,324.0116271972656,60051900
343.3299865722656,345.6700134277344,342.3999938964844,342.7300109863281,323.3982849121094,63575000
342.9599914550781,345.239990234375,340.6499938964844,344.6099853515625,325.17218017578125,55399300
345.92999267578125,345.989990234375,343.1300048828125,345.7799987792969,326.27618408203125,49143900
342.1300048828125,342.9800109863281,335.6199951171875,339.3900146484375,320.2466735839844,91473000
339.760009765625,340.1199951171875,337.989990234375,338.2200012207031,319.142578125,65994100
332.1000061035156,338.25,326.1300048828125,326.6600036621094,308.23468017578125,127094300
326.9100036621094,333.3999938964844,325.0899963378906,329.9800109863281,311.367431640625,90597700
328.2799987792969,329.69000244140625,322.6000061035156,326.5400085449219,308.1214599609375,120287300
330.20001220703125,332.3599853515625,327.239990234375,330.20001220703125,311.57501220703125,86068300
333.69000244140625,338.25,330.2900085449219,336.0299987792969,317.07611083984375,93294200
340.8599853515625,347.94000244140625,339.5899963378906,343.5400085449219,324.1625061035156,126959700
349.239990234375,352.19000244140625,348.8599853515625,350.239990234375,330.4845886230469,82039700
349.92999267578125,351.510009765625,347.6499938964844,350.1600036621094,330.40911865234375,74973000
363.9700012207031,364.3800048828125,354.05999755859375,354.55999755859375,334.5609436035156,172304200
353.489990234375,355.17999267578125,350.510009765625,354.0400085449219,334.07025146484375,85552000
356.3999938964844,357.55999755859375,355.05999755859375,356.6700134277344,336.5519104003906,58649000
355.5799865722656,356.7200012207031,351.260009765625,353.2099914550781,333.28704833984375,67546200
355.2699890136719,358.8999938964844,354.7099914550781,358.1000061035156,337.9012756347656,62892200
360.9800109863281,362.7799987792969,359.5899963378906,362.57000732421875,342.1191101074219,74541100
359.9700012207031,361.9200134277344,358.3399963378906,360.6199951171875,340.27911376953125,66111000
360.9100036621094,361.5,356.239990234375,356.2799987792969,336.1839294433594,70591300
355.6000061035156,358.17999267578125,354.1499938964844,357.7799987792969,337.599365234375,59940900
357.5,357.7200012207031,355.25,355.3299865722656,335.2875671386719,70417300
357.2799987792969,358.82000732421875,354.8699951171875,357.4599914550781,337.2972717285156,63230600
360.2099914550781,363.80999755859375,359.2900085449219,363.2200012207031,342.7324523925781,62415900
363.1300048828125,363.1600036621094,361.4800109863281,362.6600036621094,342.2041015625,45330900
363.8399963378906,364.17999267578125,362.5799865722656,363.6700134277344,343.1571350097656,28514100
362.8299865722656,363.1199951171875,359.1700134277344,362.05999755859375,341.6379089355469,83872700
365.57000732421875,367.67999267578125,364.92999267578125,366.0199890136719,345.37445068359375,74231400
364.82000732421875,366.9599914550781,364.20001220703125,366.7900085449219,346.10113525390625,45927000
366.67999267578125,368.19000244140625,365.5,366.69000244140625,346.00677490234375,62882000
367.32000732421875,369.8500061035156,367.2200012207031,369.8500061035156,348.9884948730469,50749900
369.0199890136719,369.6199951171875,367.7200012207031,369.0899963378906,348.2713928222656,48944300
367.7200012207031,370.7799987792969,367.6700134277344,370.1700134277344,349.29046630859375,42458900
370.8800048828125,371.04998779296875,365.95001220703125,366.8500061035156,346.1576843261719,74098300
365.3699951171875,367.8599853515625,364.42999267578125,366.7300109863281,346.04449462890625,57735400
364.8999938964844,366.739990234375,363.260009765625,366.29998779296875,345.63873291015625,57698600
368.6400146484375,369.79998779296875,364.4700012207031,364.6600036621094,344.0912780761719,69216200
367.3999938964844,369.5899963378906,365.9200134277344,369.5899963378906,348.7431945800781,63865300
369.82000732421875,371.1600036621094,368.8699951171875,370.1700134277344,349.29046630859375,58420500
371.94000244140625,372.4599914550781,371.04998779296875,372.239990234375,351.2437438964844,64119500
370.9700012207031,371.1499938964844,367.0199890136719,369.17999267578125,349.8411865234375,136542300
364.9700012207031,378.4599914550781,362.0299987792969,367.8599853515625,348.5903015136719,96386700
368.2099914550781,368.3299865722656,366.0299987792969,367.239990234375,348.0029602050781,47949000
368.2799987792969,369.6199951171875,367.2200012207031,367.57000732421875,348.3156433105469,46201400
368.0799865722656,369.0299987792969,367.45001220703125,369.0,349.670654296875,26457900
371.739990234375,372.5899963378906,371.07000732421875,372.1700134277344,352.6745910644531,39000400
373.80999755859375,374.0,370.8299865722656,371.4599914550781,352.0018310546875,53680500
372.3399963378906,373.1000061035156,371.57000732421875,371.989990234375,352.5039978027344,49455300
371.7799987792969,374.6600036621094,371.2300109863281,373.8800048828125,354.2950439453125,78520700
375.30999755859375,375.45001220703125,364.82000732421875,368.7900085449219,349.4716796875,110210800
368.1000061035156,372.5,368.04998779296875,371.3299865722656,351.87860107421875,66426200
369.7099914550781,376.9800109863281,369.1199951171875,373.54998779296875,353.9822692871094,107997700
376.1000061035156,379.8999938964844,375.9100036621094,379.1000061035156,359.2415771484375,68766800
380.5899963378906,381.489990234375,377.1000061035156,381.260009765625,361.2884521484375,71677200
377.8500061035156,380.5799865722656,377.7200012207031,378.69000244140625,358.8531188964844,51034700
378.8900146484375,379.8599853515625,376.3599853515625,378.7699890136719,358.92889404296875,52547700
378.69000244140625,380.8599853515625,377.8500061035156,379.7900085449219,359.8954772949219,45303600
380.5899963378906,381.1300048828125,378.1000061035156,378.4599914550781,358.6351318359375,49989100
376.7200012207031,377.5799865722656,373.70001220703125,375.70001220703125,356.0196838378906,107160000
378.3399963378906,379.2300109863281,376.75,378.6499938964844,358.8151550292969,51233300
381.1099853515625,384.7900085449219,380.69000244140625,383.8900146484375,363.7806701660156,61836100
384.489990234375,384.95001220703125,383.25,384.239990234375,364.1123352050781,47840100
382.25,384.1300048828125,381.8399963378906,382.8800048828125,362.8235778808594,52860500
383.6700134277344,384.7699890136719,378.4599914550781,384.3900146484375,364.2544860839844,70402000
385.4100036621094,385.8500061035156,383.5400085449219,383.7900085449219,363.6859436035156,42665300
380.2200012207031,380.32000732421875,372.010009765625,374.4100036621094,354.7972106933594,123351100
376.3599853515625,381.92999267578125,375.8900146484375,377.6300048828125,357.8486022949219,94198100
375.6300048828125,376.6700134277344,368.2699890136719,370.07000732421875,350.68463134765625,126765100
373.7200012207031,377.3399963378906,370.3800048828125,376.2300109863281,356.52191162109375,75817600
379.6499938964844,383.2200012207031,376.32000732421875,381.54998779296875,361.5632019042969,64450700
382.44000244140625,383.70001220703125,380.4800109863281,381.8500061035156,361.8475646972656,52427100
382.9599914550781,386.239990234375,381.9700012207031,386.19000244140625,365.960205078125,47142600
388.20001220703125,388.4700012207031,386.1400146484375,387.7099914550781,367.4005126953125,48669800
389.2699890136719,390.55999755859375,388.3500061035156,390.510009765625,370.0538635253906,38365200
389.6099853515625,390.8900146484375,389.1700134277344,390.25,369.8075866699219,35551100
392.1199951171875,392.2799987792969,387.5,390.0799865722656,369.6464538574219,59154400
391.239990234375,391.69000244140625,388.1000061035156,390.7099914550781,370.243408203125,42913300
389.8500061035156,392.8999938964844,389.7699890136719,392.6400146484375,372.0722961425781,50593300
393.9599914550781,394.1700134277344,391.5299987792969,392.29998779296875,371.7501220703125,50972400
390.4200134277344,392.6600036621094,389.3299865722656,392.3900146484375,371.83544921875,52290600
389.5899963378906,391.5199890136719,387.739990234375,390.7200012207031,370.2528991699219,59712800
392.07000732421875,392.3800048828125,389.54998779296875,390.0299987792969,369.5990905761719,83241000
387.05999755859375,389.6199951171875,386.739990234375,387.0299987792969,366.7561950683594,67414200
384.6600036621094,388.95001220703125,380.20001220703125,387.5,367.2015686035156,107284100
386.3299865722656,392.2300109863281,385.2699890136719,391.7699890136719,371.24786376953125,72433900
390.4100036621094,391.8800048828125,380.7799987792969,382.3299865722656,362.3023376464844,146670500
384.3500061035156,385.5799865722656,378.2300109863281,380.3599853515625,360.435546875,152701600
385.5899963378906,390.9200134277344,380.57000732421875,389.5799865722656,369.1725769042969,105348800
389.82000732421875,390.07000732421875,386.0,386.5400085449219,366.2918395996094,79595300
385.7900085449219,386.8299865722656,381.30999755859375,381.4200134277344,361.4400939941406,119940200
381.2200012207031,384.0,371.8800048828125,376.70001220703125,356.9673156738281,183433000
380.4599914550781,384.760009765625,372.6400146484375,383.6300048828125,363.5343322753906,152039600
384.6600036621094,387.67999267578125,381.4200134277344,381.7200012207031,361.724365234375,123149200
385.8500061035156,389.9100036621094,385.30999755859375,387.1700134277344,366.8888854980469,113633600
389.69000244140625,391.3999938964844,388.1700134277344,389.5799865722656,369.1725769042969,109899400
392.2300109863281,395.6499938964844,391.739990234375,393.5299987792969,372.9156799316406,86245000
392.07000732421875,394.2099914550781,391.20001220703125,394.05999755859375,373.4179382324219,64653600
394.3299865722656,396.69000244140625,392.0299987792969,396.4100036621094,375.6448059082031,73427200
397.07000732421875,397.8299865722656,395.0799865722656,395.9100036621094,375.17108154296875,73722500
394.5299987792969,398.1199951171875,393.29998779296875,397.260009765625,376.4502868652344,97959300
394.4800109863281,396.7200012207031,390.75,391.4800109863281,370.97314453125,115349100
389.8800048828125,391.57000732421875,387.1499938964844,389.4800109863281,370.28668212890625,113624500
390.0299987792969,394.07000732421875,389.9700012207031,392.5899963378906,373.2433776855469,73778600
391.9100036621094,393.4599914550781,388.6600036621094,389.5,370.3056640625,90686600
391.0,392.75,387.4700012207031,387.5199890136719,368.4232177734375,97588600
385.9800109863281,390.54998779296875,383.8999938964844,389.70001220703125,370.4958801269531,116128600
390.92999267578125,396.4100036621094,390.2900085449219,395.9800109863281,376.46636962890625,114409100
394.3999938964844,396.75,392.80999755859375,395.7799987792969,376.2762756347656,108107600
394.4200134277344,395.45001220703125,393.0199890136719,394.7300109863281,375.2779541015625,76262200
395.3399963378906,398.0,395.30999755859375,396.3299865722656,376.799072265625,112734200
398.3999938964844,400.6700134277344,398.17999267578125,400.6099853515625,380.86822509765625,99682900
403.4599914550781,406.94000244140625,403.3800048828125,406.3599853515625,386.3348083496094,91684800
405.760009765625,407.239990234375,405.3999938964844,406.1199951171875,386.1067199707031,62021000
405.94000244140625,406.9599914550781,405.45001220703125,406.5899963378906,386.55352783203125,55836300
407.92999267578125,408.5799865722656,406.92999267578125,408.5199890136719,388.38836669921875,57863100
408.3900146484375,411.6700134277344,408.260009765625,411.489990234375,391.21209716796875,61104600
410.8500061035156,411.92999267578125,410.20001220703125,411.6400146484375,391.35467529296875,56704900
411.5299987792969,413.5299987792969,411.1199951171875,412.8599853515625,392.51446533203125,56551000
412.8299865722656,413.9599914550781,410.8699951171875,411.45001220703125,391.17401123046875,61659900
413.739990234375,416.1600036621094,413.69000244140625,415.8699951171875,395.376220703125,60229800
417.25,417.9100036621094,415.7300109863281,417.260009765625,396.69775390625,82037300
416.260009765625,416.739990234375,413.7900085449219,415.2099914550781,394.74871826171875,78498500
413.9100036621094,415.0899963378906,410.5899963378906,412.1700134277344,391.8584899902344,81851800
411.510009765625,416.2900085449219,411.3599853515625,416.07000732421875,395.5663146972656,66793000
415.8900146484375,416.7799987792969,411.1300048828125,412.2699890136719,391.95361328125,97582800
412.8699951171875,418.25,412.7900085449219,416.739990234375,396.2032470703125,73209200
417.44000244140625,418.2200012207031,416.80999755859375,417.6099853515625,397.0304260253906,52182400
417.92999267578125,418.1400146484375,416.29998779296875,417.5199890136719,396.9448547363281,51303100
417.80999755859375,419.010009765625,416.8999938964844,417.3999938964844,396.83074951171875,51238900
420.32000732421875,420.7200012207031,416.44000244140625,420.05999755859375,399.35968017578125,78544300
417.6300048828125,418.5400085449219,416.3399963378906,417.29998779296875,396.7357482910156,85527000
419.42999267578125,419.8399963378906,417.6700134277344,418.20001220703125,397.59136962890625,68128300
416.07000732421875,416.6000061035156,411.6700134277344,415.6199951171875,395.13848876953125,101591200
417.3800048828125,417.6300048828125,415.1499938964844,415.75,395.2621154785156,60162200
415.8299865722656,419.2099914550781,413.67999267578125,419.07000732421875,398.4184875488281,74321400
419.8900146484375,422.82000732421875,419.1600036621094,422.1199951171875,401.3182067871094,67733800
422.5,422.739990234375,417.80999755859375,417.94000244140625,397.3442077636719,81852400
413.1000061035156,415.2699890136719,410.05999755859375,414.2099914550781,393.7979431152344,116888000
411.2300109863281,412.5899963378906,404.0,405.4100036621094,385.4316711425781,134811000
407.07000732421875,412.3500061035156,407.0199890136719,410.2799987792969,390.0616455078125,106394000
413.2099914550781,417.489990234375,413.17999267578125,416.5799865722656,396.0511474609375,82201600
415.3900146484375,416.3900146484375,413.3599853515625,415.5199890136719,395.04339599609375,65129200
415.79998779296875,416.05999755859375,411.7699890136719,411.94000244140625,391.63983154296875,59810200
406.9200134277344,411.04998779296875,405.3299865722656,410.8599853515625,390.613037109375,106467100
411.79998779296875,416.6300048828125,411.6700134277344,415.2799987792969,394.8152770996094,78022200
416.8699951171875,418.20001220703125,414.45001220703125,414.94000244140625,394.4920349121094,76578700
417.3399963378906,420.32000732421875,417.0799865722656,419.1700134277344,398.5135803222656,51376700
420.3299865722656,420.7099914550781,417.6199951171875,418.239990234375,397.6293640136719,57451400
418.8699951171875,419.6099853515625,417.760009765625,419.07000732421875,398.4184875488281,43088600
420.1700134277344,420.7200012207031,418.989990234375,419.2900085449219,398.62762451171875,56707700
420.9700012207031,421.25,419.7900085449219,420.0400085449219,399.3406982421875,58520200
422.57000732421875,422.7200012207031,419.20001220703125,419.6700134277344,398.9889221191406,54216600
420.3699951171875,421.2300109863281,419.2900085449219,420.3299865722656,399.61639404296875,49097100
417.8500061035156,419.989990234375,416.2799987792969,418.7699890136719,398.1332702636719,58138800
420.75,422.9200134277344,418.8399963378906,422.6000061035156,401.7745666503906,55938800
422.5899963378906,422.7799987792969,421.19000244140625,422.19000244140625,401.3846740722656,51555000
423.1099853515625,423.2099914550781,420.32000732421875,422.2799987792969,401.4703063964844,47134300
423.17999267578125,423.260009765625,421.4100036621094,421.6499938964844,400.8713684082031,48436300
422.9599914550781,424.6300048828125,421.54998779296875,423.6099853515625,402.7347717285156,51020100
424.20001220703125,424.42999267578125,422.82000732421875,424.30999755859375,403.4002380371094,45570800
424.42999267578125,425.3699951171875,423.1000061035156,425.260009765625,404.3034362792969,42358500
425.4200134277344,425.4599914550781,423.5400085449219,424.4800109863281,403.5618591308594,51508500
424.6300048828125,424.8699951171875,419.9200134277344,422.1099853515625,401.30865478515625,80386100
421.6700134277344,423.0199890136719,419.32000732421875,421.9700012207031,401.1756591796875,90949700
417.0899963378906,417.8299865722656,414.70001220703125,414.9200134277344,395.76361083984375,118676300
416.79998779296875,421.05999755859375,415.92999267578125,420.8599853515625,401.4293212890625,72822000
420.8500061035156,424.0,420.0799865722656,423.1099853515625,403.57537841796875,57700300
423.19000244140625,424.04998779296875,422.510009765625,422.6000061035156,403.0889892578125,49445400
424.8900146484375,425.54998779296875,424.6199951171875,425.1000061035156,405.4735412597656,45110300
425.8999938964844,427.0899963378906,425.54998779296875,426.6099853515625,406.913818359375,58129500
427.1700134277344,427.6499938964844,425.8900146484375,427.4700012207031,407.734130859375,53159600
427.8800048828125,428.55999755859375,427.1300048828125,427.70001220703125,407.9534912109375,35970500
427.2099914550781,428.7799987792969,427.17999267578125,428.05999755859375,408.29693603515625,64827900
428.8699951171875,430.6000061035156,428.79998779296875,430.42999267578125,410.55743408203125,53441000
431.6700134277344,434.1000061035156,430.5199890136719,433.7200012207031,413.69561767578125,57697700
433.7799987792969,434.010009765625,430.010009765625,432.92999267578125,412.9420166015625,68710400
433.6600036621094,434.760009765625,431.510009765625,434.4599914550781,414.4013671875,63549500
428.7799987792969,431.7300109863281,427.5199890136719,430.9200134277344,411.0248718261719,97595200
432.5299987792969,435.8399963378906,430.7099914550781,435.5199890136719,415.4124450683594,76238600
435.42999267578125,437.3500061035156,434.9700012207031,437.0799865722656,416.90045166015625,52889600
436.239990234375,437.8399963378906,435.30999755859375,435.5899963378906,415.479248046875,52911300
437.3999938964844,437.9200134277344,434.9100036621094,436.239990234375,416.0992431640625,64130400
434.80999755859375,435.5299987792969,432.7200012207031,434.75,414.67803955078125,55126400
436.010009765625,436.05999755859375,430.9200134277344,431.3399963378906,411.4254455566406,75874700
426.19000244140625,431.4100036621094,421.9700012207031,424.9700012207031,405.349609375,147987000
425.67999267578125,432.4200134277344,424.8299865722656,431.05999755859375,411.1583557128906,99608200
432.3399963378906,434.70001220703125,431.010009765625,434.54998779296875,414.4872131347656,64724400
434.739990234375,435.7200012207031,433.69000244140625,435.4599914550781,415.35528564453125,47878500
437.5199890136719,440.29998779296875,436.7900085449219,439.94000244140625,419.62841796875,63766600
439.30999755859375,441.0299987792969,439.260009765625,441.0199890136719,420.6585388183594,43719200
439.9100036621094,439.94000244140625,435.989990234375,439.010009765625,418.7413330078125,67397100
439.67999267578125,440.29998779296875,437.30999755859375,438.8299865722656,418.56964111328125,52472400
439.82000732421875,441.79998779296875,439.80999755859375,440.6499938964844,420.3055419921875,47435300
437.9100036621094,440.05999755859375,437.7699890136719,438.510009765625,418.2644348144531,68951200
440.3399963378906,440.92999267578125,437.2099914550781,437.5899963378906,417.3868408203125,58783300
438.44000244140625,441.2799987792969,436.1000061035156,441.1499938964844,420.78253173828125,58053900
439.7799987792969,441.1199951171875,438.7300109863281,438.9800109863281,418.7127685546875,46732200
440.2200012207031,441.8500061035156,439.8800048828125,441.760009765625,421.3644104003906,38969700
442.1000061035156,442.94000244140625,441.79998779296875,442.489990234375,422.0606384277344,46930000
442.4599914550781,442.79998779296875,441.30999755859375,442.1300048828125,421.7173156738281,41222600
442.6099853515625,443.44000244140625,441.8800048828125,442.67999267578125,422.2419128417969,43339300
443.82000732421875,443.8800048828125,442.6199951171875,443.7799987792969,423.2911376953125,44034300
443.6199951171875,445.260009765625,442.6600036621094,445.1099853515625,424.55975341796875,38909400
445.5899963378906,445.94000244140625,445.07000732421875,445.9200134277344,425.3323669433594,39470300
444.5299987792969,447.1099853515625,442.8699951171875,446.9700012207031,426.33380126953125,73740000
444.239990234375,444.9599914550781,440.8500061035156,444.0400085449219,423.5391540527344,92673900
442.9599914550781,444.6300048828125,438.9200134277344,439.17999267578125,418.9034118652344,89351900
436.2699890136719,441.1400146484375,436.1199951171875,439.8599853515625,419.5520935058594,92812200
440.2300109863281,443.7099914550781,439.7099914550781,443.3599853515625,422.8904724121094,72008700
445.1600036621094,448.2300109863281,443.44000244140625,447.260009765625,426.6104431152344,54973000
447.9700012207031,448.5400085449219,447.4200134277344,447.9700012207031,427.28765869140625,38744700
448.1700134277344,449.4599914550781,447.7699890136719,448.9100036621094,428.1842041015625,40529700
448.6099853515625,448.8599853515625,446.1600036621094,446.260009765625,425.6566162109375,57829600
447.1199951171875,450.6499938964844,447.05999755859375,450.25,429.4623107910156,77235100
450.9700012207031,453.07000732421875,450.7099914550781,452.2300109863281,431.3510437011719,48357400
452.1300048828125,452.489990234375,450.9200134277344,451.55999755859375,430.7119140625,59300200
452.55999755859375,453.1099853515625,451.54998779296875,451.79998779296875,430.9407958984375,48721400
453.32000732421875,454.04998779296875,451.9100036621094,453.19000244140625,432.2666320800781,42501000
451.9800109863281,453.6300048828125,451.54998779296875,453.0799865722656,432.1617431640625,47170500
452.7099914550781,452.80999755859375,450.739990234375,451.4599914550781,430.6164855957031,51671500
450.8900146484375,451.6700134277344,448.8599853515625,450.9100036621094,430.0919189453125,56181900
450.70001220703125,452.57000732421875,448.7200012207031,448.9800109863281,428.25103759765625,57970400
451.0400085449219,451.489990234375,445.30999755859375,445.44000244140625,424.87445068359375,89948200
448.6400146484375,448.9200134277344,444.1099853515625,446.5799865722656,425.96185302734375,83738600
448.1199951171875,448.3399963378906,443.2200012207031,444.1700134277344,423.6631164550781,78197100
444.6199951171875,448.4100036621094,443.44000244140625,447.8800048828125,427.2018127441406,78792200
447.32000732421875,448.3599853515625,444.0199890136719,447.1700134277344,426.52459716796875,77786700
444.9200134277344,445.3699951171875,441.0199890136719,441.3999938964844,422.3697814941406,118425000
434.8800048828125,436.55999755859375,428.8599853515625,434.0400085449219,415.3271789550781,166445500
436.5299987792969,437.9100036621094,433.07000732421875,433.6300048828125,414.93487548828125,92526100
436.04998779296875,440.0299987792969,433.75,437.8599853515625,418.982421875,102350100
439.8500061035156,444.8900146484375,439.6000061035156,443.17999267578125,424.07305908203125,76396000
441.44000244140625,444.6700134277344,441.2099914550781,443.9100036621094,424.7716064453125,62094800
442.80999755859375,444.04998779296875,441.8999938964844,442.6400146484375,423.5563049316406,61371100
439.69000244140625,440.0400085449219,432.94000244140625,433.7200012207031,415.0209655761719,130436300
435.19000244140625,437.0400085449219,433.8500061035156,434.45001220703125,415.7194519042969,82329200
436.0199890136719,436.7699890136719,428.7799987792969,429.1400146484375,410.63836669921875,140506000
430.9800109863281,436.0299987792969,427.2300109863281,434.239990234375,415.51849365234375,129240100
433.0,433.9599914550781,426.3599853515625,428.6400146484375,410.15997314453125,128570000
430.239990234375,435.489990234375,429.3900146484375,433.1000061035156,414.42767333984375,90682500
429.2699890136719,435.1199951171875,427.5400085449219,434.8999938964844,416.1500244140625,113032200
438.3900146484375,441.67999267578125,438.20001220703125,438.6600036621094,419.7479553222656,72437500
439.4800109863281,439.8900146484375,437.19000244140625,437.8599853515625,418.982421875,74557400
437.1600036621094,440.260009765625,434.6199951171875,434.69000244140625,415.9491271972656,65233300
435.6700134277344,436.1000061035156,432.7799987792969,433.6199951171875,414.9252624511719,71181200
434.7099914550781,436.04998779296875,431.5400085449219,435.17999267578125,416.41796875,72974000
439.0799865722656,442.6600036621094,438.5799865722656,442.5,423.4223937988281,70236800
444.75,446.260009765625,444.0899963378906,445.8699951171875,426.6471252441406,66260200
443.9700012207031,447.54998779296875,443.2699890136719,447.19000244140625,427.91015625,62213200
448.9200134277344,450.7099914550781,448.2699890136719,450.6400146484375,431.21142578125,46996800
451.1300048828125,452.7300109863281,451.010009765625,452.4100036621094,432.9051818847656,49571600
451.7699890136719,453.8299865722656,451.30999755859375,453.5899963378906,434.0342712402344,41305400
453.1300048828125,454.6700134277344,451.04998779296875,453.1199951171875,433.5845031738281,58845100
454.2799987792969,455.8999938964844,452.3900146484375,455.54998779296875,435.9097595214844,45214500
457.20001220703125,458.489990234375,455.55999755859375,455.9599914550781,436.3020324707031,56075100
456.45001220703125,457.1600036621094,453.8599853515625,453.94000244140625,434.3691711425781,72438000
455.4599914550781,458.3999938964844,455.45001220703125,458.32000732421875,438.560302734375,51437900
455.8699951171875,459.55999755859375,455.55999755859375,459.25,439.4502258300781,70162400
460.29998779296875,460.70001220703125,458.20001220703125,460.0400085449219,440.2061767578125,48433600
460.2200012207031,462.2300109863281,460.0799865722656,461.8999938964844,441.98602294921875,48908400
461.29998779296875,465.1499938964844,460.8299865722656,464.7200012207031,444.6844177246094,52509800
465.3599853515625,467.0,464.989990234375,466.9100036621094,446.780029296875,52847100
469.2799987792969,470.6499938964844,466.9200134277344,468.5299987792969,448.3301696777344,66390600
469.70001220703125,470.2300109863281,468.20001220703125,468.92999267578125,448.712890625,50405200
469.32000732421875,469.57000732421875,465.8800048828125,467.3800048828125,447.2297058105469,51149100
465.5799865722656,467.3800048828125,462.0400085449219,463.6199951171875,443.6318054199219,69429700
465.2099914550781,465.2900085449219,463.75,463.7699890136719,443.775390625,34848500
465.1199951171875,467.8599853515625,464.1099853515625,467.2699890136719,447.12451171875,53466700
468.6400146484375,468.80999755859375,466.2300109863281,467.42999267578125,447.27752685546875,46980500
467.1499938964844,470.489990234375,467.07000732421875,469.2799987792969,449.04779052734375,48857500
469.0,469.19000244140625,467.4800109863281,468.1400146484375,447.95697021484375,47858300
469.239990234375,470.010009765625,466.3399963378906,469.7300109863281,449.4783935546875,50625600
469.6099853515625,470.94000244140625,468.5,468.8900146484375,448.6745910644531,57315600
470.8900146484375,473.5400085449219,467.3500061035156,467.57000732421875,447.41156005859375,72762000
467.2200012207031,469.1000061035156,464.45001220703125,468.19000244140625,448.0047912597656,73206500
466.05999755859375,469.57000732421875,465.19000244140625,469.44000244140625,449.2008972167969,61858800
462.3399963378906,463.8999938964844,457.7699890136719,458.9700012207031,439.1823425292969,112669600
464.07000732421875,466.55999755859375,461.7300109863281,464.6000061035156,444.5696105957031,86268800
462.0,464.0299987792969,455.29998779296875,455.55999755859375,435.9193420410156,148559600
461.6400146484375,464.6700134277344,450.2900085449219,450.5,431.0775451660156,131939200
450.7300109863281,459.07000732421875,450.30999755859375,457.3999938964844,437.6800231933594,127637800
459.1700134277344,460.29998779296875,448.9200134277344,453.4200134277344,433.87158203125,137331600
456.1300048828125,460.7900085449219,453.55999755859375,458.7900085449219,439.01007080078125,98977500
464.4100036621094,468.8800048828125,458.6499938964844,468.2799987792969,448.0909118652344,95484700
468.70001220703125,470.0,466.8299865722656,469.5199890136719,449.27752685546875,72238800
468.1499938964844,469.6300048828125,466.1400146484375,466.3500061035156,446.244140625,61272600
469.2300109863281,470.8999938964844,466.510009765625,470.739990234375,450.44482421875,77159800
470.19000244140625,470.55999755859375,466.2699890136719,466.57000732421875,446.4546813964844,87724700
463.0899963378906,465.739990234375,460.25,463.3599853515625,443.3830261230469,97264100
463.4200134277344,470.8599853515625,460.739990234375,470.6000061035156,450.3109130859375,116899300
472.57000732421875,472.8699951171875,464.79998779296875,466.45001220703125,446.3398132324219,116568600
461.54998779296875,464.739990234375,458.05999755859375,459.8699951171875,441.5893859863281,135511600
454.4800109863281,455.3999938964844,451.1400146484375,454.9800109863281,436.8938903808594,107134800
458.6099853515625,463.2099914550781,456.30999755859375,463.05999755859375,444.6526794433594,69806300
462.7900085449219,467.80999755859375,462.5799865722656,467.69000244140625,449.0986328125,58890200
468.75,472.19000244140625,468.6400146484375,470.6000061035156,451.89300537109375,56439700
472.05999755859375,477.30999755859375,472.010009765625,477.260009765625,458.2882080078125,56808600
477.7200012207031,478.80999755859375,476.05999755859375,476.8699951171875,457.9136657714844,47274600
476.9800109863281,478.55999755859375,475.9200134277344,477.4800109863281,458.49951171875,54503000
477.92999267578125,479.0,475.6700134277344,476.1600036621094,457.23193359375,55329000
475.6400146484375,476.8599853515625,474.6700134277344,474.9599914550781,456.07958984375,65237400
476.29998779296875,477.8500061035156,473.8500061035156,477.7099914550781,458.72027587890625,72668200
479.2200012207031,479.9800109863281,475.5799865722656,477.54998779296875,458.5666809082031,71178700
477.1600036621094,477.9800109863281,468.2799987792969,468.3800048828125,449.76123046875,104538900
467.8900146484375,470.82000732421875,465.42999267578125,467.94000244140625,449.3387451171875,86858900
467.95001220703125,469.20001220703125,464.6499938964844,466.0899963378906,447.562255859375,85111600
462.70001220703125,465.739990234375,456.6000061035156,465.510009765625,447.00531005859375,119362000
465.2300109863281,469.8500061035156,462.04998779296875,469.75,451.07672119140625,74303100
471.5899963378906,473.20001220703125,468.94000244140625,471.0199890136719,452.2962341308594,67605400
472.19000244140625,472.8800048828125,463.44000244140625,464.5299987792969,446.06427001953125,91173100
461.19000244140625,465.0899963378906,459.8999938964844,464.7200012207031,446.2467041015625,95890900
459.739990234375,459.9599914550781,455.30999755859375,456.489990234375,438.3438720703125,109709100
458.1300048828125,459.6099853515625,451.4599914550781,451.75,433.79229736328125,109357600
453.75,458.739990234375,444.5,446.75,428.99102783203125,122379700
445.55999755859375,448.05999755859375,437.95001220703125,437.9800109863281,420.56964111328125,202271200
432.0299987792969,440.3800048828125,420.760009765625,439.8399963378906,422.355712890625,251783900
433.05999755859375,439.7200012207031,427.1499938964844,434.4700012207031,417.1991882324219,167997300
440.7200012207031,444.0400085449219,428.8599853515625,433.3800048828125,416.15252685546875,186391100
438.260009765625,441.5899963378906,429.45001220703125,431.239990234375,414.0975341796875,149878300
432.67999267578125,442.0,427.82000732421875,441.95001220703125,424.3818664550781,164457400
441.239990234375,450.2799987792969,439.80999755859375,449.9100036621094,432.0254211425781,152251400
450.67999267578125,453.6300048828125,446.94000244140625,452.95001220703125,434.9446105957031,123155400
455.5,458.1199951171875,453.04998779296875,457.3500061035156,439.1696472167969,117361000
450.95001220703125,452.9700012207031,445.7099914550781,446.6000061035156,428.8470153808594,118024400
446.3500061035156,452.7799987792969,443.8299865722656,448.70001220703125,430.8634948730469,118454400
449.510009765625,450.989990234375,445.8500061035156,447.260009765625,429.4807434082031,84472900
446.7300109863281,451.9200134277344,445.2200012207031,450.94000244140625,433.0145263671875,81012000
455.2200012207031,457.8800048828125,455.010009765625,457.5400085449219,439.35211181640625,92589900
451.3399963378906,457.7099914550781,447.20001220703125,449.32000732421875,431.4588623046875,140103700
449.4100036621094,451.6099853515625,438.94000244140625,440.4599914550781,422.9510803222656,153214600
439.9200134277344,441.6000061035156,435.3399963378906,439.0199890136719,421.56829833984375,123006300
443.7300109863281,446.2799987792969,443.17999267578125,446.1000061035156,428.3669128417969,88482700
443.92999267578125,448.05999755859375,441.94000244140625,446.6000061035156,428.8470153808594,84863600
443.2200012207031,446.57000732421875,436.4200134277344,437.05999755859375,419.6862487792969,102259100
437.3299865722656,438.6600036621094,431.82000732421875,434.2300109863281,416.9687194824219,132642900
431.8900146484375,435.5,425.8599853515625,429.57000732421875,412.4939880371094,124391800
432.6600036621094,433.260009765625,421.3500061035156,421.95001220703125,405.1768493652344,132578000
411.0199890136719,428.760009765625,410.6400146484375,428.29998779296875,411.2744445800781,213942900
429.6099853515625,437.8399963378906,427.8599853515625,437.75,420.3487854003906,121804500
432.0299987792969,438.20001220703125,430.70001220703125,436.6300048828125,419.2732849121094,145615000
435.0400085449219,437.1700134277344,427.1099853515625,429.9800109863281,412.88763427734375,137785900
432.3699951171875,439.7200012207031,431.57000732421875,437.8900146484375,420.48321533203125,117726500
440.4700012207031,441.1099853515625,433.79998779296875,435.7099914550781,418.389892578125,105501700
431.75,433.3699951171875,427.8800048828125,432.1700134277344,414.99066162109375,113978200
431.54998779296875,432.29998779296875,419.3599853515625,419.42999267578125,402.7569885253906,137896600
419.6199951171875,427.2099914550781,415.1199951171875,416.25,399.70343017578125,164772700
425.1400146484375,429.510009765625,422.82000732421875,427.4100036621094,410.4198303222656,116990800
422.5199890136719,426.42999267578125,420.44000244140625,425.4800109863281,408.5665283203125,93972700
428.1199951171875,428.7699890136719,419.5299987792969,420.07000732421875,403.37158203125,95636300
420.8900146484375,424.54998779296875,415.7900085449219,417.0,400.423583984375,95729200
419.7699890136719,426.8399963378906,418.4200134277344,426.1700134277344,409.2291259765625,106219100
429.8900146484375,435.67999267578125,424.79998779296875,435.6199951171875,418.303466796875,144954800
433.5899963378906,441.07000732421875,433.19000244140625,441.07000732421875,423.53680419921875,102676900
438.0,444.8599853515625,437.2200012207031,444.5199890136719,428.1756896972656,106345500
444.3399963378906,446.4599914550781,440.67999267578125,444.3900146484375,428.05047607421875,88349800
445.8599853515625,450.5799865722656,445.8599853515625,449.5899963378906,433.059326171875,74650400
446.9100036621094,448.489990234375,443.7099914550781,443.79998779296875,427.482177734375,79426100
445.94000244140625,450.5,444.760009765625,450.489990234375,433.92620849609375,64736900
451.1600036621094,452.9800109863281,448.42999267578125,452.69000244140625,436.0453186035156,77101300
452.05999755859375,455.9100036621094,450.05999755859375,455.9100036621094,439.1469421386719,68529800
460.0199890136719,462.07000732421875,457.17999267578125,461.54998779296875,444.5795593261719,86581500
460.3399963378906,461.20001220703125,456.4700012207031,458.70001220703125,441.8343505859375,79666900
457.8900146484375,458.760009765625,451.1600036621094,451.6400146484375,435.033935546875,121699900
453.30999755859375,453.4599914550781,449.1400146484375,452.9200134277344,436.2668762207031,89048800
453.1300048828125,456.9100036621094,452.260009765625,456.79998779296875,440.0041809082031,59601000
455.2200012207031,457.8299865722656,449.82000732421875,451.0299987792969,434.44635009765625,74214500
446.8900146484375,448.92999267578125,443.4700012207031,446.5199890136719,430.1022033691406,106898000
445.5899963378906,450.69000244140625,443.5299987792969,448.7699890136719,432.26947021484375,78097200
447.9700012207031,450.6300048828125,445.94000244140625,447.57000732421875,431.1136169433594,79272700
444.1099853515625,445.0,439.3900146484375,439.9200134277344,423.7449035644531,89770500
443.0799865722656,445.75,436.6499938964844,438.2900085449219,422.17486572265625,84363600
438.0299987792969,444.1099853515625,437.8399963378906,443.30999755859375,427.01019287109375,74070400
443.54998779296875,444.7300109863281,437.67999267578125,437.7900085449219,421.6932067871094,97869500
436.80999755859375,439.75,435.6099853515625,437.9700012207031,421.8665466308594,66002500
437.8599853515625,445.79998779296875,437.67999267578125,445.0400085449219,428.6766052246094,77821000
446.9200134277344,447.57000732421875,443.4800109863281,444.7099914550781,428.3587646484375,65224400
448.5400085449219,450.010009765625,437.1000061035156,438.05999755859375,421.95330810546875,85417300
436.9100036621094,438.0799865722656,425.44000244140625,426.0400085449219,410.3752136230469,132471800
423.6700134277344,428.69000244140625,418.8399963378906,428.510009765625,412.75439453125,119647700
425.8299865722656,426.0400085449219,416.07000732421875,416.1000061035156,400.8006896972656,103996300
417.239990234375,422.9200134277344,415.010009765625,417.2699890136719,401.9276123046875,122030000
422.2900085449219,429.6400146484375,417.6000061035156,427.80999755859375,412.080078125,105449100
423.5899963378906,425.8699951171875,411.2099914550781,412.0,396.8514404296875,145491100
412.07000732421875,415.9200134277344,405.0199890136719,414.4800109863281,399.2402648925781,158312500
415.010009765625,418.92999267578125,413.3599853515625,416.3800048828125,401.0704345703125,100028200
417.0799865722656,429.6600036621094,413.7099914550781,429.05999755859375,413.28411865234375,144247900
424.54998779296875,425.0,409.44000244140625,413.80999755859375,398.5948791503906,172929100
411.1000061035156,414.79998779296875,405.7300109863281,411.3399963378906,396.21575927734375,151770800
405.1000061035156,406.4100036621094,396.5,398.1700134277344,383.5299377441406,155586100
404.489990234375,406.0799865722656,394.82000732421875,399.0899963378906,384.4161376953125,132497200
398.07000732421875,404.0400085449219,391.9599914550781,392.75,378.3092346191406,142361000
389.3699951171875,395.79998779296875,385.1499938964844,392.3399963378906,377.9142761230469,125090800
396.7099914550781,403.17999267578125,395.6099853515625,401.7200012207031,386.9494323730469,104174400
399.9800109863281,403.9700012207031,397.6000061035156,400.0899963378906,385.37933349609375,78622400
406.5299987792969,408.57000732421875,402.5799865722656,408.32000732421875,393.3067626953125,83029700
403.5,403.79998779296875,390.54998779296875,391.8599853515625,377.4519348144531,117674500
388.6199951171875,394.1400146484375,387.1099853515625,389.4599914550781,375.1401672363281,98510700
393.25,397.0299987792969,380.5400085449219,389.6300048828125,375.3039245605469,131432200
392.8299865722656,397.7300109863281,390.3800048828125,396.9200134277344,382.325927734375,76414900
392.55999755859375,395.1499938964844,386.9599914550781,393.8900146484375,379.4073181152344,91448800
392.30999755859375,399.45001220703125,391.8900146484375,397.3699951171875,382.7593688964844,91472900
398.6700134277344,407.0400085449219,398.45001220703125,405.30999755859375,390.40740966796875,82168300
407.9100036621094,415.3800048828125,407.70001220703125,415.260009765625,399.9916076660156,84768700
413.54998779296875,416.4599914550781,410.0299987792969,412.92999267578125,397.7472229003906,95937000
415.1700134277344,416.239990234375,406.92999267578125,409.5899963378906,394.530029296875,86585800
409.4200134277344,417.44000244140625,407.0400085449219,417.3900146484375,402.0432434082031,79609600
412.3999938964844,414.0400085449219,409.510009765625,410.5400085449219,395.4450988769531,71874300
414.7799987792969,416.6099853515625,410.54998779296875,411.7900085449219,396.6491394042969,57508900
408.1000061035156,416.2200012207031,407.6099853515625,415.739990234375,400.45391845703125,59272400
413.92999267578125,415.82000732421875,410.3800048828125,411.2200012207031,396.1001281738281,64350000
409.3399963378906,411.739990234375,401.44000244140625,401.44000244140625,386.6797790527344,86289800
394.8800048828125,395.7799987792969,389.75,389.79998779296875,375.46771240234375,132893900
379.8500061035156,381.80999755859375,373.29998779296875,375.0,361.21185302734375,170004900
376.8500061035156,377.94000244140625,370.5899963378906,373.8699951171875,360.1234130859375,104011800
377.3599853515625,383.8999938964844,372.1199951171875,379.20001220703125,365.2574768066406,125666800
370.510009765625,370.94000244140625,364.0799865722656,366.6499938964844,353.1688537597656,134473300
365.510009765625,369.3800048828125,362.1700134277344,365.8599853515625,353.9302062988281,111113900
371.8900146484375,376.5299987792969,371.80999755859375,375.07000732421875,362.83990478515625,76811900
370.6199951171875,378.7200012207031,370.17999267578125,374.3900146484375,362.18212890625,90059400
376.6400146484375,378.8299865722656,372.8900146484375,378.05999755859375,365.732421875,79292100
381.3999938964844,390.0899963378906,381.3699951171875,390.0799865722656,377.3604431152344,98050300
391.04998779296875,391.3599853515625,387.44000244140625,388.5899963378906,375.9190368652344,66009600
390.2300109863281,393.1600036621094,380.5299987792969,380.6499938964844,368.2379455566406,86548900
381.2300109863281,382.2699890136719,378.4200134277344,380.3399963378906,367.9380798339844,65676000
376.239990234375,380.6600036621094,372.55999755859375,377.25,364.94879150390625,112508300
376.55999755859375,381.70001220703125,373.79998779296875,381.239990234375,368.8086853027344,74839700
375.8800048828125,381.9800109863281,372.8999938964844,381.9599914550781,369.5052185058594,81438000
382.1099853515625,385.8699951171875,379.6000061035156,383.25,370.7532043457031,70426200
385.1199951171875,389.8299865722656,383.2699890136719,388.989990234375,376.3060607910156,64525900
387.2699890136719,390.6400146484375,385.6600036621094,388.6700134277344,375.9964294433594,72397800
385.8500061035156,386.8699951171875,383.5,384.2300109863281,371.7012634277344,58366900
383.6499938964844,386.1600036621094,378.989990234375,380.8299865722656,368.4120788574219,62219200
375.1000061035156,381.9200134277344,374.6600036621094,378.8299865722656,366.477294921875,84224600
373.6099853515625,379.04998779296875,371.0400085449219,377.9100036621094,365.5873107910156,89704800
382.54998779296875,385.25,380.5400085449219,385.1300048828125,372.5718994140625,79060400
388.3800048828125,389.0899963378906,380.6600036621094,381.95001220703125,369.49560546875,63203600
386.0799865722656,392.8699951171875,385.3900146484375,392.2699890136719,379.47906494140625,78506000
392.4700012207031,396.260009765625,391.0299987792969,394.7699890136719,381.8975524902344,71843800
394.1600036621094,398.8399963378906,391.6300048828125,398.7900085449219,385.7864685058594,64903900
398.9200134277344,400.17999267578125,392.75,395.0899963378906,382.2071228027344,72197300
395.75,396.4700012207031,393.2099914550781,395.57000732421875,382.6714782714844,53631500
393.8399963378906,394.05999755859375,389.95001220703125,390.8900146484375,378.14404296875,52946400
394.3599853515625,402.8800048828125,394.04998779296875,401.0400085449219,387.96307373046875,82342100
401.8900146484375,406.79998779296875,398.1499938964844,406.07000732421875,392.8290710449219,73966600
407.5799865722656,413.0299987792969,406.7699890136719,411.989990234375,398.5560302734375,87003700
409.1499938964844,413.4100036621094,408.3999938964844,410.7699890136719,397.37579345703125,69997500
409.1199951171875,413.0,406.82000732421875,408.05999755859375,394.754150390625,63435400
410.29998779296875,415.67999267578125,410.0,414.45001220703125,400.935791015625,67820600
414.3699951171875,415.0899963378906,412.44000244140625,414.1700134277344,400.66497802734375,45656600
409.6600036621094,414.1499938964844,409.6000061035156,413.4700012207031,399.9878234863281,56814900
415.25,417.6199951171875,411.8299865722656,412.989990234375,399.5234375,53886100
412.2200012207031,412.75,410.2200012207031,411.3500061035156,397.93695068359375,44931800
418.7799987792969,420.1400146484375,416.7200012207031,419.989990234375,406.2951965332031,68665700
422.989990234375,424.95001220703125,419.2099914550781,419.989990234375,406.2951965332031,59489700
422.0299987792969,427.2099914550781,421.0299987792969,427.1000061035156,413.1733703613281,61694500
424.7699890136719,429.4100036621094,424.7099914550781,428.8599853515625,414.8759765625,54048300
427.7300109863281,431.7300109863281,426.8800048828125,429.70001220703125,415.6885681152344,59289000
425.9100036621094,429.5,424.5400085449219,426.6499938964844,412.7380065917969,63563400
426.8599853515625,428.6099853515625,425.5,427.8900146484375,413.93756103515625,49023200
424.9800109863281,425.260009765625,421.2200012207031,422.1400146484375,408.3751220703125,68016900
417.04998779296875,417.2300109863281,412.3999938964844,413.3500061035156,399.8716735839844,77695600
412.8999938964844,415.4200134277344,411.7699890136719,412.3500061035156,398.90435791015625,49105200
412.1099853515625,415.1099853515625,411.3900146484375,413.6700134277344,400.1813049316406,49177800
415.239990234375,419.55999755859375,414.0899963378906,419.510009765625,405.8308410644531,50942300
419.3900146484375,419.9599914550781,405.25,405.30999755859375,392.0939025878906,103087000
402.20001220703125,405.8399963378906,401.20001220703125,402.6300048828125,389.50128173828125,65370800
403.8500061035156,404.1000061035156,396.0,398.2099914550781,385.2253723144531,85652400
399.92999267578125,401.239990234375,395.0400085449219,395.17999267578125,382.2942199707031,76029700
392.8900146484375,396.7799987792969,390.0400085449219,396.4200134277344,383.4937438964844,78740100
400.2799987792969,401.55999755859375,390.3299865722656,392.239990234375,379.45001220703125,99632100
393.1300048828125,394.1199951171875,388.4200134277344,390.760009765625,378.0182800292969,76637400
390.42999267578125,398.5899963378906,390.20001220703125,397.7799987792969,384.8094482421875,70964200
395.3900146484375,400.8599853515625,394.1199951171875,400.3800048828125,387.3246154785156,80821700
402.739990234375,407.510009765625,402.4599914550781,406.6000061035156,393.34185791015625,76706900
408.7799987792969,411.7300109863281,408.4599914550781,410.9700012207031,397.5693054199219,69256300
401.8299865722656,403.1000061035156,391.9200134277344,393.1000061035156,380.281982421875,122947100
394.4700012207031,396.20001220703125,391.1199951171875,394.6000061035156,381.7331237792969,85023700
392.9599914550781,395.9599914550781,388.7799987792969,390.1199951171875,377.3992004394531,87633800
384.1400146484375,386.25,382.1099853515625,385.55999755859375,374.52001953125,103084800
382.260009765625,388.54998779296875,382.17999267578125,388.54998779296875,377.42437744140625,73278500
385.05999755859375,386.1199951171875,381.20001220703125,384.0899963378906,373.09210205078125,77274900
386.1099853515625,389.30999755859375,377.3800048828125,377.3900146484375,366.5839538574219,106746600
376.5799865722656,378.29998779296875,373.44000244140625,374.2200012207031,363.5047302246094,89472600
370.5799865722656,370.6199951171875,363.2900085449219,367.95001220703125,357.414306640625,122346900
366.4100036621094,370.2099914550781,363.0299987792969,364.30999755859375,353.87847900390625,92581200
368.0199890136719,370.3999938964844,360.8699951171875,363.3800048828125,352.97515869140625,108294100
364.3800048828125,372.29998779296875,362.6000061035156,370.5299987792969,359.92041015625,110802200
366.80999755859375,367.1099853515625,359.70001220703125,362.7900085449219,352.4020690917969,112952300
361.79998779296875,365.9100036621094,357.0400085449219,357.17999267578125,346.95263671875,153711200
361.0799865722656,368.54998779296875,359.2099914550781,366.6099853515625,356.11260986328125,89756500
372.3999938964844,378.0,366.57000732421875,377.9700012207031,367.1473388671875,103602800
373.3900146484375,379.4599914550781,370.95001220703125,377.0899963378906,366.29254150390625,88065700
375.6199951171875,378.7200012207031,372.67999267578125,373.20001220703125,362.5139465332031,82333500
368.9700012207031,373.2900085449219,360.94000244140625,362.7900085449219,352.4020690917969,107789500
363.9599914550781,364.2099914550781,357.6700134277344,360.0199890136719,349.7113342285156,76042800
358.239990234375,363.0299987792969,355.7099914550781,357.739990234375,347.4966125488281,92482800
358.1700134277344,359.82000732421875,356.29998779296875,356.55999755859375,346.35040283203125,76991800
349.2099914550781,367.510009765625,348.1099853515625,365.9700012207031,355.490966796875,147254500
368.54998779296875,370.260009765625,356.9599914550781,357.6300048828125,347.3897705078125,123737000
364.010009765625,367.9800109863281,357.2799987792969,366.82000732421875,356.316650390625,93168200
375.1300048828125,375.45001220703125,367.5199890136719,371.1300048828125,360.503173828125,97162900
368.989990234375,371.8500061035156,365.54998779296875,368.5,357.948486328125,79746900
368.0299987792969,372.6700134277344,364.6099853515625,365.4100036621094,354.9469909667969,88283100
365.1199951171875,374.79998779296875,363.5400085449219,374.2900085449219,363.5727844238281,131038400
375.8900146484375,380.05999755859375,373.1099853515625,378.8699951171875,368.0215759277344,85436900
378.7900085449219,385.25,378.6700134277344,384.9200134277344,373.8983459472656,78846300
381.6199951171875,387.5799865722656,381.3500061035156,382.0199890136719,371.0813903808594,104087300
383.07000732421875,385.0,379.3299865722656,379.9800109863281,369.09979248046875,81971800
379.8699951171875,389.5199890136719,379.67999267578125,389.0199890136719,377.88092041015625,100302000
386.44000244140625,388.3999938964844,385.260009765625,386.2099914550781,375.1513977050781,96631300
390.1400146484375,390.3900146484375,383.2900085449219,384.5199890136719,373.5097961425781,85407600
383.8999938964844,388.6300048828125,374.760009765625,374.8699951171875,364.1361389160156,126990400
371.4700012207031,374.20001220703125,368.7900085449219,371.010009765625,360.38665771484375,87100100
377.0,378.8699951171875,370.0,376.3500061035156,365.5736999511719,103505200
377.7099914550781,380.57000732421875,375.5299987792969,379.95001220703125,369.0706787109375,68286900
381.1099853515625,385.1199951171875,377.7200012207031,382.0,371.0619812011719,84641100
379.92999267578125,381.1400146484375,373.6099853515625,374.1300048828125,363.41729736328125,78495500
388.04998779296875,395.0400085449219,385.6400146484375,394.69000244140625,383.38861083984375,141455800
395.5899963378906,399.3500061035156,393.6099853515625,398.510009765625,387.0992431640625,93839900
396.6600036621094,400.17999267578125,394.8299865722656,395.1199951171875,383.8063049316406,71903500
401.1499938964844,402.30999755859375,394.489990234375,398.489990234375,387.0798034667969,93194500
396.7799987792969,397.7799987792969,394.7900085449219,395.45001220703125,384.1268615722656,68508500
390.4599914550781,394.95001220703125,390.1400146484375,394.239990234375,382.95147705078125,74496300
397.739990234375,397.80999755859375,393.0400085449219,396.0299987792969,384.69024658203125,92922500
394.6400146484375,395.82000732421875,392.6600036621094,394.5899963378906,383.2914733886719,51243200
396.6300048828125,400.07000732421875,395.1499938964844,399.8999938964844,388.4494323730469,60429000
399.54998779296875,402.92999267578125,399.30999755859375,402.4200134277344,390.89727783203125,68261600
401.8299865722656,402.9100036621094,401.5400085449219,402.3299865722656,390.8098449707031,30545400
399.0899963378906,400.80999755859375,395.1099853515625,395.9100036621094,384.57366943359375,67881600
396.04998779296875,397.29998779296875,393.29998779296875,395.2300109863281,383.9131164550781,52310000
395.489990234375,407.67999267578125,393.4800109863281,407.67999267578125,396.00665283203125,144566700
408.7699890136719,410.0,404.75,407.3800048828125,395.71527099609375,76398200
402.25,407.8599853515625,402.1400146484375,406.9100036621094,395.2586975097656,85342700
403.95001220703125,404.92999267578125,398.1700134277344,399.5899963378906,388.1483154296875,77289800
399.4200134277344,399.989990234375,391.6400146484375,393.8299865722656,382.55322265625,77972200
392.94000244140625,395.6400146484375,391.9700012207031,393.1600036621094,381.90240478515625,65927900
395.1400146484375,397.3599853515625,393.2699890136719,396.239990234375,384.8941955566406,60737900
394.94000244140625,397.6199951171875,393.1499938964844,393.2799987792969,382.0190124511719,81447700
394.1099853515625,398.95001220703125,393.4100036621094,398.95001220703125,387.5266418457031,75405800
410.2200012207031,410.489990234375,399.07000732421875,401.9700012207031,390.4601745605469,123782500
401.6099853515625,405.5,396.30999755859375,399.3999938964844,387.9637451171875,108111300
394.29998779296875,395.25,387.8900146484375,389.6300048828125,378.4734802246094,117705900
385.17999267578125,386.5799865722656,381.0400085449219,383.2699890136719,374.0052185058594,119858000
383.4700012207031,383.82000732421875,378.2799987792969,380.0199890136719,370.8337707519531,79878100
379.2300109863281,382.2300109863281,377.8500061035156,380.5400085449219,371.3411560058594,74427200
383.25,387.4100036621094,382.69000244140625,386.2300109863281,376.8936462402344,78167400
383.04998779296875,386.2099914550781,374.7699890136719,380.7200012207031,371.5168151855469,100120900
379.6499938964844,383.05999755859375,378.0299987792969,382.9100036621094,373.6539306640625,59857300
382.7900085449219,383.1499938964844,379.6499938964844,381.3999938964844,372.180419921875,51638200
381.3299865722656,383.3900146484375,376.4200134277344,376.6600036621094,367.55499267578125,70911500
379.6300048828125,384.3500061035156,379.0799865722656,383.44000244140625,374.1710510253906,66970900
380.6400146484375,382.5799865722656,378.42999267578125,382.42999267578125,373.1854553222656,84022200
384.3699951171875,386.42999267578125,377.8299865722656,380.82000732421875,371.61444091796875,74850700
383.17999267578125,385.8800048828125,380.0,383.760009765625,374.48333740234375,85934100
381.7200012207031,381.8399963378906,378.760009765625,379.3800048828125,370.2091979980469,76970500
382.6099853515625,389.25,379.4100036621094,388.0799865722656,378.6989440917969,104189600
390.3699951171875,393.70001220703125,387.6700134277344,387.8599853515625,378.4842224121094,73978100
387.25,390.6499938964844,386.2699890136719,390.5799865722656,381.13848876953125,65358100
392.2300109863281,395.6000061035156,391.3800048828125,395.5199890136719,385.95904541015625,68881100
396.6700134277344,398.489990234375,392.4200134277344,396.9599914550781,387.3642883300781,90157700
393.6199951171875,399.1000061035156,393.3399963378906,398.5,388.8670349121094,63903900
398.4800109863281,400.2300109863281,397.05999755859375,397.7699890136719,388.1546630859375,62677300
399.010009765625,400.1199951171875,391.2799987792969,391.489990234375,382.0264892578125,99632300
389.3599853515625,391.0799865722656,387.260009765625,388.6400146484375,379.24542236328125,86958900
390.1000061035156,396.0400085449219,388.3800048828125,395.8800048828125,386.31036376953125,91806400
396.7200012207031,402.6499938964844,395.7200012207031,400.6300048828125,390.9455261230469,84178800
398.8800048828125,401.1499938964844,397.6400146484375,400.20001220703125,390.52593994140625,59524900
395.95001220703125,400.70001220703125,393.55999755859375,400.3500061035156,390.6723327636719,84800300
403.1300048828125,404.9200134277344,400.0299987792969,404.75,394.9659729003906,72287400
403.6600036621094,408.1600036621094,403.44000244140625,405.67999267578125,395.8735046386719,68346200
402.79998779296875,405.1300048828125,400.2799987792969,400.5899963378906,390.9065246582031,74202000
401.1300048828125,406.5299987792969,400.7699890136719,406.4800109863281,396.6541748046875,86811800
405.2099914550781,413.6700134277344,402.3500061035156,410.79998779296875,400.86968994140625,101459200
414.8599853515625,418.30999755859375,412.8800048828125,416.7799987792969,406.70513916015625,101654500
411.5899963378906,416.9700012207031,411.0899963378906,412.3500061035156,402.38226318359375,94736800
409.7900085449219,411.2900085449219,408.1000061035156,409.8299865722656,399.92315673828125,60295300
408.8699951171875,416.489990234375,407.57000732421875,415.19000244140625,405.15362548828125,90990700
413.1300048828125,414.5299987792969,409.92999267578125,410.6499938964844,400.72332763671875,76227500
414.4100036621094,414.57000732421875,405.80999755859375,407.0899963378906,397.2493591308594,78694900
405.8599853515625,408.44000244140625,405.010009765625,408.0400085449219,398.1764221191406,70769700
408.7200012207031,412.9700012207031,408.239990234375,412.8299865722656,402.8506164550781,64913500
411.239990234375,415.04998779296875,408.510009765625,412.6400146484375,402.6652526855469,88389300
410.3500061035156,414.05999755859375,409.4700012207031,413.9800109863281,403.97283935546875,61555700
408.7900085449219,412.9100036621094,408.1400146484375,408.2799987792969,398.4106140136719,76431500
406.05999755859375,407.510009765625,404.04998779296875,407.260009765625,397.415283203125,89257800
403.05999755859375,404.1600036621094,398.82000732421875,399.0899963378906,389.4427795410156,82655900
399.5199890136719,401.1300048828125,397.0199890136719,398.5400085449219,388.9060974121094,83742300
401.55999755859375,402.20001220703125,396.25,400.6600036621094,390.9748229980469,96242400
395.4200134277344,397.25,393.6400146484375,396.3800048828125,386.7982482910156,108194400
399.8699951171875,401.2900085449219,396.75,397.7300109863281,388.1156311035156,80444700
397.2300109863281,399.2799987792969,396.1499938964844,396.260009765625,386.6811828613281,96438600
395.4100036621094,396.69000244140625,393.3800048828125,394.739990234375,385.19793701171875,99706800
392.67999267578125,398.69000244140625,392.3299865722656,397.80999755859375,388.1937255859375,85127800
399.7099914550781,404.45001220703125,399.0299987792969,404.19000244140625,394.4194641113281,90120000
405.04998779296875,407.45001220703125,404.010009765625,404.4700012207031,394.6927490234375,72795900
404.4200134277344,404.6700134277344,397.6300048828125,398.2699890136719,388.6425476074219,108310600
398.3900146484375,399.7099914550781,396.5899963378906,398.9200134277344,389.27685546875,74746600
399.739990234375,401.4800109863281,390.5299987792969,391.55999755859375,382.09478759765625,111945300
390.989990234375,393.1600036621094,384.32000732421875,385.9100036621094,376.58135986328125,189253000
381.80999755859375,390.3900146484375,380.6499938964844,385.3599853515625,376.0446472167969,157790000
390.5,393.45001220703125,387.04998779296875,391.7300109863281,382.2607116699219,149752400
385.8900146484375,389.489990234375,383.7099914550781,389.2799987792969,379.86993408203125,172996900
386.82000732421875,396.4700012207031,386.2900085449219,396.1099853515625,386.5347595214844,143254200
393.2200012207031,394.3999938964844,388.54998779296875,389.989990234375,382.0151672363281,140553400
390.79998779296875,394.1700134277344,390.07000732421875,393.739990234375,385.6885070800781,93055800
397.239990234375,399.4100036621094,395.5799865722656,398.9100036621094,390.7527770996094,91524200
398.7300109863281,402.489990234375,392.07000732421875,392.1099853515625,384.0918273925781,111746600
395.0899963378906,399.2900085449219,390.3500061035156,393.1700134277344,385.1301574707031,119351300
391.8399963378906,395.8399963378906,389.3999938964844,395.75,387.65740966796875,107682400
398.1199951171875,398.9200134277344,395.55999755859375,396.489990234375,388.3822326660156,74010400
395.7699890136719,396.489990234375,393.69000244140625,395.6000061035156,387.5104675292969,62871700
399.92999267578125,401.6000061035156,398.67999267578125,401.3500061035156,393.1428527832031,77497900
404.0899963378906,404.3500061035156,401.760009765625,403.70001220703125,395.4447937011719,69840000
404.6600036621094,409.70001220703125,404.54998779296875,409.3900146484375,401.01849365234375,112062600
408.8500061035156,411.3699951171875,408.44000244140625,410.95001220703125,402.54656982421875,67391100
411.6199951171875,411.9200134277344,407.239990234375,408.6700134277344,400.313232421875,66601500
407.9100036621094,408.70001220703125,405.8800048828125,407.6000061035156,399.26507568359375,65200200
406.7699890136719,409.4800109863281,405.67999267578125,409.19000244140625,400.8225402832031,63743300
406.6099853515625,409.69000244140625,405.9700012207031,409.6099853515625,401.2339782714844,63681000
410.260009765625,411.17999267578125,408.9200134277344,409.7200012207031,401.3417053222656,59297900
411.8699951171875,412.1700134277344,407.44000244140625,408.04998779296875,399.7058410644531,86420400
409.17999267578125,413.8399963378906,407.989990234375,413.4700012207031,405.01507568359375,85814800
412.80999755859375,415.0899963378906,410.05999755859375,412.4599914550781,404.0256652832031,78161500
412.3699951171875,413.9599914550781,411.0899963378906,413.94000244140625,405.4754333496094,66436400
415.5799865722656,415.7200012207031,412.7799987792969,414.2099914550781,405.7398986816406,63560000
412.2200012207031,415.0799865722656,412.1600036621094,414.1400146484375,405.67132568359375,55227300
411.2099914550781,413.70001220703125,410.2699890136719,411.8800048828125,403.45751953125,75840400
412.19000244140625,412.67999267578125,410.1700134277344,412.20001220703125,403.77099609375,73457400
411.989990234375,413.07000732421875,410.6000061035156,412.6300048828125,404.1922302246094,64332100
410.5799865722656,411.1600036621094,406.0199890136719,406.0799865722656,397.776123046875,97766700
406.7200012207031,407.8399963378906,403.7799987792969,404.3599853515625,396.09130859375,80447000
407.0,412.69000244140625,406.739990234375,412.4100036621094,403.9767150878906,92968400
411.489990234375,415.94000244140625,411.42999267578125,415.92999267578125,407.42474365234375,89335600
415.4700012207031,417.6199951171875,415.2699890136719,415.510009765625,407.0133056640625,62122300
414.7699890136719,414.82000732421875,407.82000732421875,410.8399963378906,402.4388122558594,103998500
411.3599853515625,413.8699951171875,407.7699890136719,408.0199890136719,399.6764831542969,91531800
406.92999267578125,407.2699890136719,403.739990234375,405.1300048828125,396.8455505371094,94901900
408.9100036621094,413.7200012207031,408.6400146484375,412.6300048828125,404.1922302246094,87844000
412.9700012207031,413.239990234375,411.2799987792969,412.739990234375,404.2999572753906,50046800
411.1300048828125,412.0899963378906,410.69000244140625,410.92999267578125,402.5269775390625,49220100
413.8800048828125,414.5400085449219,408.8699951171875,412.8500061035156,404.40771484375,96142900
411.95001220703125,412.42999267578125,409.9700012207031,412.1300048828125,403.702392578125,70157100
413.4200134277344,413.6400146484375,409.07000732421875,411.5899963378906,403.1734619140625,70439400
412.2200012207031,413.42999267578125,410.2300109863281,413.010009765625,404.5644226074219,54289400
411.8599853515625,412.82000732421875,410.239990234375,410.25,401.8608703613281,57705500
412.3500061035156,415.8599853515625,410.6400146484375,415.2300109863281,406.739013671875,87287000
414.8999938964844,419.6700134277344,414.6700134277344,419.2300109863281,410.65728759765625,97177200
420.1700134277344,420.7200012207031,417.3500061035156,418.6199951171875,410.0597229003906,103679700
418.6400146484375,420.3900146484375,417.3500061035156,418.7900085449219,410.2262878417969,60745400
417.0799865722656,418.7200012207031,413.67999267578125,414.0899963378906,405.6223449707031,86383500
412.4200134277344,412.82000732421875,409.8800048828125,411.0899963378906,402.6836853027344,89213700
414.739990234375,416.1600036621094,412.4100036621094,414.6499938964844,406.1708984375,90961600
415.3299865722656,420.7699890136719,415.25,420.0199890136719,411.4310607910156,93830000
422.0299987792969,422.5799865722656,418.739990234375,420.17999267578125,411.5877685546875,72216000
418.2799987792969,419.2200012207031,416.2200012207031,417.8500061035156,409.30548095703125,110811800
418.0899963378906,422.9200134277344,416.7900085449219,421.82000732421875,413.1942443847656,88865000
424.5,428.739990234375,423.95001220703125,427.9200134277344,419.1695251464844,91366700
428.2799987792969,429.6199951171875,426.3699951171875,427.1000061035156,418.3663330078125,65460200
426.6700134277344,428.5799865722656,425.989990234375,428.0299987792969,419.2773132324219,64022200
428.44000244140625,429.6199951171875,426.1099853515625,426.54998779296875,417.8275146484375,85373300
426.6199951171875,429.6000061035156,425.82000732421875,429.1300048828125,420.3548278808594,61952800
429.9599914550781,431.989990234375,428.8699951171875,429.8999938964844,421.10906982421875,85742800
430.9200134277344,433.8800048828125,430.1700134277344,433.79998779296875,424.9292907714844,76104300
435.32000732421875,437.3299865722656,434.6300048828125,436.6600036621094,427.7308654785156,95899700
437.010009765625,439.05999755859375,433.5899963378906,437.17999267578125,428.24017333984375,100612100
436.3299865722656,443.8999938964844,436.2300109863281,442.6000061035156,433.5493469238281,110303100
443.0199890136719,443.6099853515625,438.9700012207031,439.4599914550781,432.0726013183594,114121300
437.45001220703125,438.3699951171875,435.0299987792969,437.17999267578125,429.8309020996094,76160400
436.1600036621094,436.989990234375,434.3299865722656,434.94000244140625,427.6285705566406,76982300
433.95001220703125,436.6199951171875,433.6000061035156,436.510009765625,429.17218017578125,70637200
432.92999267578125,435.05999755859375,432.4700012207031,433.2099914550781,425.92767333984375,92074500
432.6199951171875,434.6099853515625,431.19000244140625,431.44000244140625,424.18743896484375,72823600
432.3500061035156,436.80999755859375,431.8800048828125,436.1700134277344,428.8379211425781,72813700
435.04998779296875,437.44000244140625,434.4100036621094,436.3900146484375,429.05419921875,75636000
435.9599914550781,438.2799987792969,435.5400085449219,438.1099853515625,430.74530029296875,67882300
441.44000244140625,444.29998779296875,441.1099853515625,443.2799987792969,435.8283996582031,104921500
442.9200134277344,444.0799865722656,442.6300048828125,443.7900085449219,436.3298034667969,32793400
441.9100036621094,443.8900146484375,441.8999938964844,443.1300048828125,435.6809387207031,58418400
439.4200134277344,440.1000061035156,437.05999755859375,439.6600036621094,432.269287109375,80658300
438.6300048828125,442.6400146484375,438.29998779296875,438.54998779296875,431.17791748046875,86076100
438.17999267578125,439.8399963378906,437.5899963378906,439.6600036621094,432.269287109375,62443500
440.45001220703125,442.9700012207031,439.44000244140625,442.4599914550781,435.02215576171875,64463800
446.3900146484375,447.4800109863281,444.9100036621094,446.0199890136719,438.52227783203125,91924500
447.8999938964844,450.3800048828125,447.45001220703125,449.55999755859375,442.0028381347656,72425200
450.4800109863281,451.3599853515625,448.489990234375,449.2799987792969,441.7275695800781,69761800
449.1300048828125,451.92999267578125,449.0799865722656,450.8399963378906,443.26129150390625,52680200
450.5,454.8599853515625,450.04998779296875,454.19000244140625,446.55499267578125,80744400
455.010009765625,456.42999267578125,454.1099853515625,455.20001220703125,447.5479736328125,65891700
454.1700134277344,455.1000061035156,451.44000244140625,452.17999267578125,444.5787658691406,70591600
453.9599914550781,454.1700134277344,452.1700134277344,452.17999267578125,444.5787658691406,71245400
453.3699951171875,455.0400085449219,452.29998779296875,454.20001220703125,446.5648498535156,54023400
453.9200134277344,456.739990234375,453.8699951171875,455.44000244140625,447.783935546875,55191200
454.4700012207031,456.989990234375,453.3800048828125,455.510009765625,447.852783203125,71052900
459.0199890136719,459.44000244140625,451.54998779296875,452.489990234375,444.883544921875,92194400
455.8800048828125,457.7799987792969,452.489990234375,456.9200134277344,449.2391357421875,80011800
457.4100036621094,458.1600036621094,456.04998779296875,457.7900085449219,450.0944519042969,62040400
456.2699890136719,457.25,455.489990234375,456.4800109863281,448.8064880371094,55291500
453.25,453.5199890136719,449.3500061035156,450.1300048828125,442.563232421875,93933400
448.0400085449219,450.7900085449219,447.3699951171875,448.8399963378906,441.294921875,64276100
450.7200012207031,452.8999938964844,446.2699890136719,446.80999755859375,439.2990417480469,100052300
448.7099914550781,450.8699951171875,447.989990234375,450.7099914550781,443.1334533691406,58357500
448.0799865722656,450.70001220703125,445.2699890136719,448.75,441.2064514160156,71361300
449.0299987792969,449.20001220703125,444.9599914550781,445.75,438.2568359375,78789600
448.19000244140625,451.70001220703125,444.70001220703125,445.9100036621094,438.4141540527344,93005500
443.9700012207031,446.70001220703125,443.3500061035156,445.6499938964844,438.1585693359375,68664600
444.70001220703125,448.1099853515625,444.3800048828125,448.1099853515625,440.5771484375,47867400
446.2699890136719,446.6400146484375,442.29998779296875,442.8900146484375,435.4449768066406,75707500
442.4599914550781,444.17999267578125,439.5299987792969,439.6400146484375,432.2496032714844,80107200
441.1600036621094,441.42999267578125,435.75,436.2900085449219,428.95587158203125,95711300
433.3699951171875,437.57000732421875,433.010009765625,436.5,429.162353515625,98758400
437.54998779296875,440.1099853515625,435.32000732421875,439.3399963378906,431.9546203613281,68719000
441.17999267578125,441.17999267578125,437.57000732421875,438.1499938964844,430.78460693359375,65062900
439.25,443.6700134277344,439.1000061035156,443.0299987792969,435.58258056640625,68441000
444.69000244140625,445.2200012207031,436.8599853515625,436.8900146484375,429.5457763671875,88517300
438.67999267578125,441.29998779296875,435.0,439.9700012207031,432.5740051269531,102325100
442.239990234375,443.3999938964844,439.9700012207031,442.760009765625,435.317138671875,61595400
442.6499938964844,449.45001220703125,442.4599914550781,449.1600036621094,441.60955810546875,83081900
449.510009765625,451.6700134277344,448.7799987792969,451.010009765625,443.428466796875,69053900
451.6499938964844,452.8299865722656,450.1600036621094,450.3500061035156,442.779541015625,66084600
453.1700134277344,453.6700134277344,449.67999267578125,451.19000244140625,443.60540771484375,58875700
450.7300109863281,451.05999755859375,449.1700134277344,449.239990234375,441.6882019042969,55166200
448.3999938964844,448.510009765625,443.80999755859375,446.2200012207031,438.71893310546875,70758500
443.1099853515625,445.54998779296875,442.75,444.8500061035156,437.37200927734375,70355400
444.8999938964844,447.1099853515625,444.5299987792969,445.5199890136719,438.0307312011719,61659700
448.239990234375,448.7699890136719,446.4700012207031,448.45001220703125,440.9114685058594,60180100
446.95001220703125,448.5299987792969,445.3900146484375,445.989990234375,438.4928283691406,67565400
446.2200012207031,447.7099914550781,445.0799865722656,446.510009765625,439.00408935546875,60199300
449.07000732421875,451.0799865722656,447.7200012207031,450.3599853515625,442.7893371582031,83430800
447.1400146484375,447.4800109863281,442.9200134277344,443.3699951171875,437.4544677734375,111761400
443.04998779296875,444.9700012207031,442.55999755859375,443.6300048828125,437.7110290527344,55752200
442.67999267578125,443.2900085449219,439.94000244140625,442.7099914550781,436.80328369140625,66514600
444.010009765625,444.44000244140625,438.42999267578125,438.6400146484375,432.7876281738281,82562600
435.70001220703125,435.9700012207031,431.2300109863281,431.3900146484375,425.6343688964844,103976100
432.45001220703125,434.1000061035156,429.989990234375,430.4200134277344,424.67730712890625,100829700
429.1700134277344,432.2699890136719,428.7200012207031,432.2300109863281,426.463134765625,70874500
429.0899963378906,429.82000732421875,425.0199890136719,425.8800048828125,420.1978759765625,96168400
427.0899963378906,427.6700134277344,422.2900085449219,426.04998779296875,420.3655700683594,104705800
425.4800109863281,430.25,424.8699951171875,428.5199890136719,422.8026123046875,92258300
431.6700134277344,431.8500061035156,425.9100036621094,427.4800109863281,421.77655029296875,115078500
426.6199951171875,428.6000061035156,424.4599914550781,427.30999755859375,421.6087646484375,83798600
425.05999755859375,427.3699951171875,420.17999267578125,421.5899963378906,415.9650573730469,103760600
422.07000732421875,425.42999267578125,420.55999755859375,424.6600036621094,418.9941711425781,87453000
424.3599853515625,425.3699951171875,421.1700134277344,424.5,418.8363037109375,70142700
421.9700012207031,431.1300048828125,420.6000061035156,429.5400085449219,423.8090515136719,113202700
427.5799865722656,432.8800048828125,427.010009765625,432.2900085449219,426.5223388671875,80374400
432.94000244140625,437.2200012207031,432.5299987792969,434.5400085449219,428.7423095703125,78607300
435.6400146484375,436.5799865722656,433.17999267578125,436.32000732421875,430.4985656738281,62451700
436.95001220703125,437.3399963378906,431.2300109863281,433.6600036621094,427.8740539550781,81154200
435.2099914550781,436.45001220703125,429.8800048828125,431.5,425.74285888671875,95143100
433.82000732421875,437.1400146484375,433.57000732421875,436.0400085449219,430.2222900390625,75433200
432.80999755859375,438.1400146484375,432.45001220703125,436.0199890136719,430.2025451660156,75324700
434.19000244140625,435.17999267578125,429.0899963378906,430.2099914550781,424.4700622558594,93559800
430.95001220703125,432.82000732421875,425.7300109863281,426.42999267578125,420.7405090332031,121323000
425.9800109863281,426.5400085449219,421.0799865722656,421.19000244140625,415.5704345703125,123845800
419.6099853515625,424.45001220703125,417.79998779296875,420.4599914550781,414.85015869140625,92035100
422.6499938964844,424.82000732421875,420.739990234375,423.6300048828125,417.9778747558594,78564200
421.8900146484375,421.9200134277344,417.0199890136719,417.54998779296875,411.9789733886719,94223200
416.45001220703125,417.3299865722656,411.6000061035156,412.54998779296875,407.0456848144531,115156800
414.19000244140625,414.6000061035156,409.2099914550781,410.67999267578125,405.2006530761719,107367700
413.55999755859375,416.67999267578125,412.2200012207031,415.5899963378906,410.0451354980469,86562700
416.17999267578125,418.5299987792969,414.2099914550781,418.20001220703125,412.620361328125,79665200
419.20001220703125,423.5,418.6499938964844,422.6600036621094,417.02081298828125,98068100
426.5799865722656,430.9200134277344,426.55999755859375,430.760009765625,425.01275634765625,94938900
433.1400146484375,436.2900085449219,433.010009765625,434.69000244140625,428.89031982421875,100110800
435.4700012207031,436.1499938964844,433.67999267578125,435.69000244140625,429.876953125,67831700
435.69000244140625,437.5899963378906,434.510009765625,436.92999267578125,431.10040283203125,64256100
437.54998779296875,438.0899963378906,434.8699951171875,437.25,431.4161682128906,61746000
438.42999267578125,438.4700012207031,433.3999938964844,433.8399963378906,428.0516662597656,83174400
435.9800109863281,440.92999267578125,433.8299865722656,440.6099853515625,434.7312927246094,89462200
439.2300109863281,441.3299865722656,438.4200134277344,440.19000244140625,434.3169250488281,52236100
446.32000732421875,450.05999755859375,446.0899963378906,448.7300109863281,442.74298095703125,97176900
450.1099853515625,451.3800048828125,448.79998779296875,449.67999267578125,443.6803283691406,77327600
449.2200012207031,450.55999755859375,448.1199951171875,450.2300109863281,444.22296142578125,66665800
450.239990234375,451.4200134277344,449.2900085449219,450.7900085449219,444.7755126953125,83133200
450.5299987792969,455.1300048828125,450.5199890136719,454.260009765625,448.1992492675781,69936200
453.17999267578125,454.1300048828125,451.9599914550781,453.2699890136719,447.222412109375,49244600
454.9800109863281,456.3800048828125,453.8900146484375,455.0199890136719,448.94903564453125,59394900
455.07000732421875,455.5,454.7300109863281,455.29998779296875,449.2253112792969,29737400
454.6499938964844,455.489990234375,454.0799865722656,454.4800109863281,448.41632080078125,50506000
454.0799865722656,456.2699890136719,453.5,454.92999267578125,448.8602294921875,62115000
457.1499938964844,458.32000732421875,454.20001220703125,454.6099853515625,448.5445556640625,63146000
455.4800109863281,456.760009765625,453.3399963378906,456.3999938964844,450.3106384277344,79752700
455.7699890136719,459.6499938964844,455.1600036621094,459.1000061035156,452.9746398925781,89097900
455.6000061035156,459.1199951171875,454.3399963378906,456.69000244140625,450.5967712402344,72430900
455.260009765625,457.5899963378906,454.8699951171875,456.6000061035156,450.5079650878906,69793500
458.80999755859375,458.8399963378906,454.30999755859375,454.760009765625,448.69256591796875,69124700
456.9100036621094,458.8999938964844,456.2900085449219,458.2300109863281,452.1162414550781,66995400
457.4599914550781,460.75,457.2099914550781,460.20001220703125,454.0599365234375,83080900
459.69000244140625,462.1700134277344,459.4700012207031,461.989990234375,455.8260498046875,65002200
461.6300048828125,464.20001220703125,460.6000061035156,464.1000061035156,457.9079284667969,68327600
464.489990234375,470.760009765625,464.1199951171875,470.5,464.2225341796875,93278000
472.5,473.7300109863281,469.25,472.010009765625,465.7123718261719,119026000
469.489990234375,470.70001220703125,467.42999267578125,469.3299865722656,464.94561767578125,141319300
470.9800109863281,472.9800109863281,469.8900146484375,471.9700012207031,467.5609436035156,70375300
472.5299987792969,474.9200134277344,472.45001220703125,474.8399963378906,470.40411376953125,55761800
473.9599914550781,475.8999938964844,467.82000732421875,468.260009765625,463.8856201171875,102921000
471.3299865722656,472.9800109863281,468.8399963378906,472.70001220703125,468.2841491699219,86667500
473.8599853515625,475.3800048828125,471.70001220703125,473.6499938964844,469.2252502441406,67126600
474.07000732421875,476.5799865722656,473.989990234375,475.6499938964844,471.20654296875,55387000
475.44000244140625,476.6600036621094,474.8900146484375,476.510009765625,472.05853271484375,68000300
476.8800048828125,477.54998779296875,476.260009765625,476.69000244140625,472.2368469238281,77158100
476.489990234375,477.0299987792969,473.29998779296875,475.30999755859375,470.8697204589844,122234100
472.1600036621094,473.6700134277344,470.489990234375,472.6499938964844,468.234619140625,123623700
470.42999267578125,471.19000244140625,468.1700134277344,468.7900085449219,464.4106750488281,103585900
468.29998779296875,470.9599914550781,467.04998779296875,467.2799987792969,462.9147644042969,84232200
467.489990234375,470.44000244140625,466.42999267578125,467.9200134277344,463.5487976074219,86060800
468.42999267578125,474.75,468.29998779296875,474.6000061035156,470.1663818359375,74879100
471.8699951171875,474.92999267578125,471.3500061035156,473.8800048828125,469.453125,65931400
474.1600036621094,477.45001220703125,473.8699951171875,476.55999755859375,472.1080627441406,67310600
477.5899963378906,478.1199951171875,472.260009765625,476.3500061035156,471.9000244140625,77940700
477.8399963378906,478.6000061035156,475.2300109863281,476.67999267578125,472.2269287109375,57944000
475.260009765625,476.6099853515625,473.05999755859375,474.92999267578125,470.4932861328125,85014900
471.82000732421875,472.7900085449219,469.8699951171875,472.2900085449219,467.8779602050781,68843900
474.010009765625,477.05999755859375,472.4200134277344,476.489990234375,472.0386962890625,91856200
477.6499938964844,482.7200012207031,476.5400085449219,482.42999267578125,477.9232177734375,110733300
484.010009765625,485.2200012207031,482.7799987792969,483.45001220703125,478.9337158203125,75844900
484.010009765625,485.1099853515625,482.8900146484375,484.8599853515625,480.33050537109375,49945300
487.80999755859375,488.7699890136719,484.8800048828125,485.3900146484375,480.8555603027344,81765000
487.5799865722656,488.30999755859375,485.3900146484375,488.0299987792969,483.4709167480469,72525000
487.5899963378906,489.1199951171875,486.5400085449219,487.4100036621094,482.8567199707031,76641600
487.7300109863281,491.4200134277344,487.1700134277344,491.2699890136719,486.6806335449219,61322800
490.55999755859375,491.6199951171875,490.1099853515625,490.8900146484375,486.30419921875,58618400
488.6199951171875,489.0799865722656,482.8599853515625,482.8800048828125,478.3690185546875,126011100
484.6300048828125,489.2300109863281,483.79998779296875,489.20001220703125,484.6300048828125,91891600
489.6499938964844,496.04998779296875,489.29998779296875,494.3500061035156,489.7319030761719,99147700
493.70001220703125,494.3800048828125,490.2300109863281,492.54998779296875,487.94866943359375,75757100
493.5199890136719,494.32000732421875,492.04998779296875,493.9800109863281,489.3653564453125,55918600
496.2900085449219,498.5299987792969,495.3599853515625,498.1000061035156,493.44683837890625,70556500
498.1000061035156,498.7099914550781,497.260009765625,498.32000732421875,493.664794921875,52343600
498.8399963378906,501.6499938964844,498.489990234375,501.20001220703125,496.5179138183594,63979400
501.1700134277344,503.5,500.239990234375,500.9800109863281,496.2999572753906,56502300
494.5299987792969,497.0899963378906,490.7200012207031,494.0799865722656,489.4643859863281,113099200
496.7900085449219,499.07000732421875,494.3999938964844,498.57000732421875,493.9124755859375,68387800
499.2900085449219,502.20001220703125,498.79998779296875,502.010009765625,497.3203430175781,61683000
501.70001220703125,502.8699951171875,498.75,499.510009765625,494.8437194824219,75461200
497.7200012207031,498.4100036621094,494.45001220703125,496.760009765625,492.119384765625,71736700
495.4200134277344,497.3699951171875,493.55999755859375,497.2099914550781,492.56512451171875,59603800
504.010009765625,508.489990234375,503.0199890136719,507.5,502.759033203125,76402500
509.2699890136719,510.1300048828125,507.1000061035156,507.8500061035156,503.10577392578125,61321800
508.29998779296875,508.75,505.8599853515625,505.989990234375,501.26312255859375,50386700
506.70001220703125,507.1600036621094,504.75,506.92999267578125,502.1943664550781,48854500
505.3299865722656,506.8599853515625,504.9599914550781,506.260009765625,501.5306396484375,56506600
508.07000732421875,509.739990234375,505.3500061035156,508.0799865722656,503.3336181640625,83924800
508.9800109863281,513.2899780273438,508.55999755859375,512.8499755859375,508.0590515136719,76805900
512.030029296875,514.2000122070312,512.0,512.2999877929688,507.5141906738281,49799300
510.239990234375,510.70001220703125,504.9100036621094,507.17999267578125,502.4420166015625,72855600
510.54998779296875,512.0700073242188,508.4200134277344,509.75,504.9880065917969,68382400
513.1400146484375,515.8900146484375,509.80999755859375,514.8099975585938,510.0007629394531,58652100
515.4600219726562,518.219970703125,511.1300048828125,511.7200012207031,506.9396057128906,86425500
510.4800109863281,511.8800048828125,508.5,511.2799987792969,506.50372314453125,62557200
513.4500122070312,517.3800048828125,510.8599853515625,516.780029296875,511.952392578125,73114400
517.1099853515625,517.2899780273438,514.489990234375,515.969970703125,511.1499328613281,55104100
516.969970703125,517.1300048828125,511.82000732421875,514.9500122070312,510.13946533203125,110171800
510.2099914550781,511.70001220703125,508.1199951171875,509.8299865722656,506.6365051269531,107585800
514.0,515.47998046875,512.4400024414062,512.8599853515625,509.6475524902344,88893300
512.1500244140625,516.0,511.1199951171875,515.7100219726562,512.479736328125,60755300
515.77001953125,520.6199951171875,515.0800170898438,520.47998046875,517.2198486328125,69594600
523.3900146484375,524.1099853515625,521.9099731445312,522.2000122070312,518.9290161132812,60256100
522.1099853515625,522.6099853515625,520.969970703125,521.2100219726562,517.9452514648438,79023000
519.7999877929688,520.9500122070312,519.6099853515625,519.77001953125,516.5142822265625,48512100
521.22998046875,521.5800170898438,518.4000244140625,518.8099975585938,515.5602416992188,65463700
521.7100219726562,523.2100219726562,519.489990234375,523.1699829101562,519.8929443359375,82999800
523.2100219726562,524.6099853515625,522.780029296875,523.0700073242188,519.7936401367188,96294900
523.8300170898438,524.3800048828125,520.969970703125,522.1599731445312,518.8892211914062,62477500
518.239990234375,518.97998046875,516.47998046875,518.8400268554688,515.5901489257812,74230300
517.719970703125,520.9500122070312,517.6699829101562,519.4099731445312,516.156494140625,59155800
523.52001953125,523.8699951171875,512.760009765625,513.0700073242188,509.85626220703125,96858100
514.4600219726562,520.4400024414062,514.010009765625,518.4299926757812,515.1826171875,74482100
519.1500244140625,520.1799926757812,517.8900146484375,518.719970703125,515.4708251953125,48401800
520.5,520.75,514.3499755859375,519.3200073242188,516.067138671875,68124400
513.47998046875,516.1599731445312,512.0900268554688,514.1199951171875,510.8996276855469,82652800
515.6799926757812,519.47998046875,512.0800170898438,518.0,514.75537109375,70099000
514.3699951171875,515.8200073242188,509.0799865722656,510.8500061035156,507.650146484375,92469100
515.1300048828125,515.2999877929688,503.5799865722656,504.45001220703125,501.2902526855469,92101400
504.94000244140625,506.5,502.2099914550781,503.5299987792969,500.3760070800781,73484000
506.04998779296875,506.2200012207031,499.1199951171875,500.54998779296875,497.4146423339844,75910300
501.9800109863281,504.1300048828125,498.55999755859375,499.5199890136719,496.39111328125,74548100
499.44000244140625,500.4599914550781,493.8599853515625,495.1600036621094,492.05841064453125,102129100
497.8299865722656,502.3800048828125,495.42999267578125,499.7200012207031,496.58984375,67961000
501.7799987792969,506.0899963378906,499.5299987792969,505.6499938964844,502.4826965332031,64633600
506.55999755859375,507.3699951171875,503.1300048828125,505.4100036621094,502.24420166015625,55928100
499.17999267578125,504.2699890136719,497.489990234375,503.489990234375,500.33624267578125,69122400
506.3500061035156,509.8800048828125,505.70001220703125,508.260009765625,505.0763854980469,64306100
510.0899963378906,510.75,507.25,510.05999755859375,506.8650817871094,46415400
508.55999755859375,509.55999755859375,501.9800109863281,501.9800109863281,498.8357238769531,77483600
501.3800048828125,508.19000244140625,499.8699951171875,500.3500061035156,497.2159118652344,80242800
504.1499938964844,505.8900146484375,499.54998779296875,505.0299987792969,501.8665771484375,62550200
511.1600036621094,512.5499877929688,508.55999755859375,511.2900085449219,508.08740234375,72756700
513.75,516.6099853515625,513.2999877929688,516.5700073242188,513.3343505859375,47264700
517.5599975585938,518.5700073242188,516.4500122070312,517.1400146484375,513.9007568359375,52561300
515.260009765625,517.739990234375,515.1400146484375,517.1900024414062,513.9503784179688,42047200
517.3800048828125,520.2100219726562,516.7100219726562,520.1699829101562,516.9117431640625,43643700
521.8099975585938,522.6400146484375,519.5900268554688,520.8400268554688,517.57763671875,52233200
522.5599975585938,522.6699829101562,519.739990234375,520.9099731445312,517.6470947265625,36716400
521.1099853515625,523.8300170898438,520.5599975585938,523.2999877929688,520.0220947265625,57535900
525.8300170898438,530.0800170898438,525.1799926757812,529.780029296875,526.4616088867188,59504900
529.8800048828125,531.52001953125,528.5399780273438,528.6900024414062,525.3783569335938,50244800
528.8099975585938,529.52001953125,527.3200073242188,529.4500122070312,526.1336059570312,59187600
529.5700073242188,531.5599975585938,529.1699829101562,530.0599975585938,526.7398071289062,37764200
529.280029296875,531.52001953125,529.0700073242188,531.3599853515625,528.0316772460938,33437000
530.6500244140625,531.3800048828125,527.5999755859375,529.8300170898438,526.51123046875,48390000
532.9600219726562,533.0700073242188,524.719970703125,525.9600219726562,522.66552734375,57211200
527.8499755859375,530.27001953125,526.8800048828125,529.4400024414062,526.1237182617188,41258400
530.27001953125,530.510009765625,527.1099853515625,529.8099975585938,526.4913940429688,36269600
525.6799926757812,527.3099975585938,525.3699951171875,526.0999755859375,522.8045654296875,45190300
524.52001953125,525.2000122070312,521.3300170898438,522.6099853515625,519.3364868164062,46468500
523.5900268554688,527.5,518.3599853515625,527.3699951171875,524.066650390625,90785800
529.02001953125,529.3099975585938,522.5999755859375,527.7999877929688,524.4939575195312,46835700
526.4600219726562,529.1500244140625,524.9600219726562,528.3900146484375,525.0802612304688,34632700
530.77001953125,534.6900024414062,528.72998046875,534.6699829101562,531.3209228515625,47610400
534.97998046875,535.4199829101562,532.6799926757812,534.6599731445312,531.3109741210938,30808500
533.6599731445312,536.8900146484375,532.5399780273438,534.010009765625,530.6651000976562,43224500
533.1799926757812,535.989990234375,532.5700073242188,535.6599731445312,532.3046875,35729300
534.0700073242188,537.010009765625,532.0499877929688,536.9500122070312,533.5866088867188,36383400
541.6300048828125,544.1199951171875,540.2999877929688,541.3599853515625,537.9690551757812,63251300
543.1500244140625,543.3300170898438,539.5900268554688,542.4500122070312,539.05224609375,44760900
540.8800048828125,542.8099975585938,539.8499755859375,542.780029296875,539.380126953125,40089900
542.0800170898438,548.530029296875,541.6099853515625,547.0999755859375,543.6730346679688,55839500
547.1599731445312,548.6199951171875,546.72998046875,548.489990234375,545.0543212890625,41376400
549.4400024414062,550.1199951171875,545.1799926757812,547.0,543.57373046875,70328200
544.4000244140625,545.6500244140625,543.02001953125,544.510009765625,542.844970703125,64513900
544.3300170898438,546.9500122070312,542.6199951171875,542.739990234375,541.080322265625,45528700
543.989990234375,545.2000122070312,542.4400024414062,544.8300170898438,543.1640014648438,38273300
543.6900024414062,546.239990234375,543.030029296875,545.510009765625,543.8419189453125,38550600
545.3699951171875,546.9600219726562,544.6099853515625,546.3699951171875,544.6992797851562,35041500
547.1599731445312,550.280029296875,542.9500122070312,544.219970703125,542.5557861328125,76144500
545.6300048828125,545.8800048828125,542.52001953125,545.3400268554688,543.6724243164062,40297800
543.7000122070312,549.010009765625,543.6500244140625,549.010009765625,547.3311767578125,40434800
548.6900024414062,551.8300170898438,548.6500244140625,551.4600219726562,549.7737426757812,32789900
551.77001953125,555.0499877929688,551.1199951171875,554.6400146484375,552.9439697265625,41488400
555.4400024414062,556.25,554.1900024414062,555.280029296875,553.58203125,36110500
556.260009765625,557.1799926757812,555.52001953125,555.8200073242188,554.120361328125,27289700
557.0700073242188,561.6699829101562,556.77001953125,561.3200073242188,559.6035766601562,38701200
561.4400024414062,562.3300170898438,555.8300170898438,556.47998046875,554.7783203125,53054200
557.6300048828125,563.6699829101562,557.1500244140625,559.989990234375,558.277587890625,53084400
562.030029296875,564.8400268554688,559.6300048828125,561.530029296875,559.8129272460938,40584300
562.8699951171875,565.1599731445312,562.0999755859375,564.8599853515625,563.1326904296875,36475300
558.7999877929688,560.510009765625,556.6099853515625,556.9400024414062,555.2369384765625,57119000
558.510009765625,559.52001953125,550.4299926757812,552.6599731445312,550.969970703125,56270400
552.4199829101562,554.0800170898438,547.9099731445312,548.989990234375,547.3112182617188,65509100
553.0,555.27001953125,551.02001953125,554.6500244140625,552.9539794921875,43346700
554.5399780273438,556.739990234375,553.280029296875,553.780029296875,552.0866088867188,34439600
548.8599853515625,549.1699829101562,540.2899780273438,541.22998046875,539.574951171875,74515300
541.3499755859375,547.4600219726562,537.4500122070312,538.4099731445312,536.7635498046875,61158300
542.280029296875,547.1900024414062,541.489990234375,544.4400024414062,542.775146484375,53763800
546.02001953125,547.0499877929688,542.719970703125,544.760009765625,543.0941772460938,39515800
546.260009765625,547.3400268554688,538.52001953125,542.0,540.3425903320312,46853600
548.97998046875,553.5,547.5800170898438,550.8099975585938,549.1256713867188,65663400
552.5700073242188,554.8699951171875,539.4299926757812,543.010009765625,541.3495483398438,76428700
535.75,536.989990234375,528.5999755859375,532.9000244140625,531.2704467773438,82789100
511.6400146484375,523.5800170898438,510.2699890136719,517.3800048828125,515.7979125976562,146267400
519.219970703125,529.75,517.8699951171875,522.1500244140625,520.5533447265625,84826300
528.469970703125,531.5900268554688,518.0499877929688,518.6599731445312,517.073974609375,70698300
523.9099731445312,531.2899780273438,521.8400268554688,530.6500244140625,529.02734375,63276600
529.8099975585938,534.510009765625,528.5599975585938,532.989990234375,531.3601684570312,45619600
534.2100219726562,535.72998046875,530.9500122070312,533.27001953125,531.6393432617188,42542100
536.530029296875,542.280029296875,536.280029296875,542.0399780273438,540.3824462890625,52333100
542.8499755859375,544.9600219726562,540.1199951171875,543.75,542.0872802734375,42446900
549.5,553.3599853515625,548.8800048828125,553.0700073242188,551.3787841796875,60846800
551.4199829101562,555.02001953125,551.260009765625,554.3099975585938,552.614990234375,44430700
554.72998046875,559.6099853515625,553.8599853515625,559.6099853515625,557.8987426757812,39121800
559.1500244140625,560.8400268554688,557.3300170898438,558.7000122070312,556.9915771484375,33732300
559.77001953125,562.1099853515625,554.72998046875,560.6199951171875,558.9057006835938,41514600
562.5599975585938,563.1799926757812,554.97998046875,556.219970703125,554.5191040039062,56121500
559.530029296875,563.0900268554688,557.2899780273438,562.1300048828125,560.4110717773438,50639400
563.1799926757812,563.9099731445312,559.0499877929688,560.7899780273438,559.0751342773438,35788600
559.489990234375,562.0599975585938,558.3200073242188,561.5599975585938,559.8428344726562,32693900
561.2100219726562,561.6500244140625,555.0399780273438,558.2999877929688,556.5927734375,41066000
560.3099975585938,563.6799926757812,557.1799926757812,558.3499755859375,556.642578125,38715200
560.77001953125,564.2000122070312,557.1400146484375,563.6799926757812,561.956298828125,62700100
560.469970703125,560.8099975585938,549.510009765625,552.0800170898438,550.3917846679688,60600100
550.2000122070312,554.4299926757812,549.4600219726562,550.9500122070312,549.2652587890625,47224900
550.8900146484375,553.7999877929688,547.0999755859375,549.6099853515625,547.9293212890625,44264300
549.9400024414062,551.5999755859375,539.4400024414062,540.3599853515625,538.7076416015625,68493800
544.6500244140625,547.7100219726562,542.6799926757812,546.4099731445312,544.7391357421875,40445800
548.3599853515625,549.1500244140625,543.3800048828125,548.7899780273438,547.11181640625,36394600
548.7000122070312,555.3599853515625,539.9600219726562,554.4199829101562,552.724609375,75248600
555.010009765625,559.4000244140625,552.739990234375,559.0900268554688,557.38037109375,51892700
559.7100219726562,563.030029296875,559.4500122070312,562.010009765625,560.2914428710938,39310500
561.739990234375,563.1099853515625,559.9000244140625,562.8400268554688,561.118896484375,36656100
565.0999755859375,566.5800170898438,560.7899780273438,563.0700073242188,561.3482055664062,49321000
563.739990234375,568.6900024414062,560.8300170898438,561.4000244140625,559.683349609375,59044900
571.010009765625,572.8800048828125,568.0800170898438,570.97998046875,569.2340087890625,75315500
567.8400268554688,569.3099975585938,565.1699829101562,568.25,568.25,77503100
569.3400268554688,570.3300170898438,568.0999755859375,569.6699829101562,569.6699829101562,44116900
570.47998046875,571.3599853515625,567.5999755859375,571.2999877929688,571.2999877929688,46805700
571.1400146484375,571.8900146484375,568.9099731445312,570.0399780273438,570.0399780273438,38428600
574.3800048828125,574.7100219726562,569.9000244140625,572.2999877929688,572.2999877929688,48336000
573.3900146484375,574.219970703125,570.4199829101562,571.469970703125,571.469970703125,42100900
570.4199829101562,574.3800048828125,568.0800170898438,573.760009765625,573.760009765625,63557400
573.4000244140625,574.0599975585938,566.0,568.6199951171875,568.6199951171875,72668800
567.7100219726562,569.9000244140625,565.27001953125,568.8599853515625,568.8599853515625,38097800
567.3599853515625,569.7999877929688,565.489990234375,567.8200073242188,567.8200073242188,40846500
572.3499755859375,573.3599853515625,568.0999755859375,572.97998046875,572.97998046875,42939100
571.2999877929688,571.9600219726562,566.6300048828125,567.7999877929688,567.7999877929688,49964700
570.4199829101562,573.780029296875,569.530029296875,573.1699829101562,573.1699829101562,37398700
573.1599731445312,577.7100219726562,572.5499877929688,577.1400146484375,577.1400146484375,37912200
575.77001953125,577.5800170898438,574.489990234375,576.1300048828125,576.1300048828125,44138100
576.0499877929688,580.3300170898438,575.9099731445312,579.5800170898438,579.5800170898438,42268000
581.219970703125,585.27001953125,580.72998046875,584.3200073242188,584.3200073242188,36217200
584.5900268554688,584.9000244140625,578.5399780273438,579.780029296875,579.780029296875,54203600
579.780029296875,582.8300170898438,578.9600219726562,582.2999877929688,582.2999877929688,30725400
585.9099731445312,586.1199951171875,582.1599731445312,582.3499755859375,582.3499755859375,34393700
584.0700073242188,585.3900146484375,582.5800170898438,584.5900268554688,584.5900268554688,37416800
583.8499755859375,584.8499755859375,580.5999755859375,583.6300048828125,583.6300048828125,36439000
581.0499877929688,584.5,580.3800048828125,583.3200073242188,583.3200073242188,34183800
581.260009765625,581.7100219726562,574.4199829101562,577.989990234375,577.989990234375,49314600
579.97998046875,580.0599975585938,576.5700073242188,579.239990234375,579.239990234375,34979900
581.510009765625,584.4600219726562,578.0800170898438,579.0399780273438,579.0399780273438,47268200
582.5800170898438,582.7100219726562,580.52001953125,580.8300170898438,580.8300170898438,30174700
579.8499755859375,582.9099731445312,578.4299926757812,581.77001953125,581.77001953125,42899700
581.2899780273438,583.3200073242188,579.2899780273438,580.010009765625,580.010009765625,41435800
575.5599975585938,575.6300048828125,568.4400024414062,568.6400146484375,568.6400146484375,60182500
571.3200073242188,575.5499877929688,570.6199951171875,571.0399780273438,571.0399780273438,45667500
571.1799926757812,572.5,567.8900146484375,569.8099975585938,569.8099975585938,38217000
570.739990234375,576.739990234375,570.52001953125,576.7000122070312,576.7000122070312,39478300
589.2000122070312,591.9299926757812,585.3900146484375,591.0399780273438,591.0399780273438,68182000
593.0800170898438,596.6500244140625,593.0,595.6099853515625,595.6099853515625,47233200
596.1699829101562,599.6400146484375,596.1699829101562,598.1900024414062,598.1900024414062,46444900
599.8099975585938,600.1699829101562,597.0,598.760009765625,598.760009765625,37586800
598.6799926757812,599.2899780273438,594.3699951171875,596.9000244140625,596.9000244140625,43006100
597.3699951171875,599.22998046875,594.9600219726562,597.1900024414062,597.1900024414062,47388600
597.3200073242188,597.8099975585938,592.6500244140625,593.3499755859375,593.3499755859375,38904100
589.719970703125,590.2000122070312,583.8599853515625,585.75,585.75,75988800
586.219970703125,589.489990234375,585.3400268554688,588.1500244140625,588.1500244140625,37084100
584.7100219726562,591.0399780273438,584.030029296875,590.2999877929688,590.2999877929688,49412000
590.3800048828125,590.7899780273438,584.6300048828125,590.5,590.5,50032600
593.4000244140625,595.1199951171875,587.4500122070312,593.6699829101562,593.6699829101562,46750300
593.6599731445312,596.1500244140625,593.1500244140625,595.510009765625,595.510009765625,38226400
599.52001953125,600.8599853515625,595.2000122070312,597.530029296875,597.530029296875,42441400
598.7999877929688,601.3300170898438,598.0700073242188,600.6500244140625,600.6500244140625,45621300
600.4600219726562,600.8499755859375,597.280029296875,598.8300170898438,598.8300170898438,34000200
599.6599731445312,603.3499755859375,599.3800048828125,602.5499877929688,602.5499877929688,30177400
